default	16:19:37.977611-0800	backboardd	touchstats 100000977-<main> events starting 9.83213s ago: [
    down: 4,
    up: 4,
    rangeIn: 4,
    rangeOut: 4,
    soft cancel: 1,
    fromEdge: 1,
    pathsSeen: 2 3 4 6,
    destinations: {
        SpringBoard.41 contextID 2C4D41B: {
            touchIDs: 18814;
        };
        Runner.35312 contextID D98D6555: {
            touchIDs: 18811;
        };
        SpringBoard.41 contextID 9EB0A210: {
            touchIDs: 18812-18813;
        };
    },
    averageProcessingTime (µs): 160.62
]
error	16:19:40.838852-0800	kernel	1 duplicate report for Sandbox: Runner(35319) deny(1) sysctl-read machdep.cpu.brand_string
default	16:19:42.225456-0800	Runner	TX focusApplication (peekAppEvent) stealKB:Y scene:dev.crux.nomikai.767J38S4C2-default
default	16:19:42.225722-0800	Runner	Evaluating dispatch of UIEvent: 0x10b098000; type: 0; subtype: 0; backing type: 11; shouldSend: 1; ignoreInteractionEvents: 0, systemGestureStateChange: 0
default	16:19:42.225730-0800	Runner	Sending UIEvent type: 0; subtype: 0; to windows: 1
default	16:19:42.225739-0800	Runner	Sending UIEvent type: 0; subtype: 0; to window: <UIWindow: 0x106ac3130>; contextId: 0x4B9606CB
default	16:19:42.226635-0800	Runner	Evaluating dispatch of UIEvent: 0x10b098000; type: 0; subtype: 0; backing type: 11; shouldSend: 0; ignoreInteractionEvents: 0, systemGestureStateChange: 0
default	16:19:42.315087-0800	Runner	Evaluating dispatch of UIEvent: 0x10b098000; type: 0; subtype: 0; backing type: 11; shouldSend: 0; ignoreInteractionEvents: 0, systemGestureStateChange: 1
default	16:19:42.323788-0800	Runner	Evaluating dispatch of UIEvent: 0x10b098000; type: 0; subtype: 0; backing type: 11; shouldSend: 1; ignoreInteractionEvents: 0, systemGestureStateChange: 0
default	16:19:42.323812-0800	Runner	Sending UIEvent type: 0; subtype: 0; to windows: 1
default	16:19:42.323822-0800	Runner	Sending UIEvent type: 0; subtype: 0; to window: <UIWindow: 0x106ac3130>; contextId: 0x4B9606CB
default	16:19:42.324464-0800	Runner	flutter: [2026-02-28T16:19:42.324130] DEBUG: Manual dial requested. destination=192.168.0.191:9292
default	16:19:42.324479-0800	Runner	flutter: [2026-02-28T16:19:42.324324] DEBUG: Sender startup requested. destination=192.168.0.191:9292
default	16:19:42.324486-0800	Runner	flutter: [2026-02-28T16:19:42.324372] DEBUG: Loading compression graph...
default	16:19:42.329221-0800	Runner	flutter: [2026-02-28T16:19:42.329116] DEBUG: Compression graph loaded. bytes=4273
default	16:19:42.329262-0800	Runner	flutter: [2026-02-28T16:19:42.329202] DEBUG: Creating Sankaku sender stream...
default	16:19:42.329714-0800	Runner	flutter: [2026-02-28T16:19:42.329428] DEBUG: Sankaku sender stream created.
default	16:19:42.329737-0800	Runner	flutter: [2026-02-28T16:19:42.329473] DEBUG: Cancelling previous sender event subscription...
default	16:19:42.329746-0800	Runner	flutter: [2026-02-28T16:19:42.329532] DEBUG: Previous sender event subscription cancelled.
default	16:19:42.329847-0800	Runner	flutter: [2026-02-28T16:19:42.329558] DEBUG: Subscribing to sender events...
default	16:19:42.329869-0800	Runner	flutter: [2026-02-28T16:19:42.329588] DEBUG: Sender event subscription active.
default	16:19:42.329875-0800	Runner	flutter: [2026-02-28T16:19:42.329614] DEBUG: Applying microphone mute state: false
default	16:19:42.329881-0800	Runner	flutter: [2026-02-28T16:19:42.329637] DEBUG: Requesting Mic Permissions / starting native capture...
default	16:19:42.331283-0800	Runner	[0x10ed6dcc0] activating connection: mach=true listener=false peer=false name=com.apple.tccd
default	16:19:42.331824-0800	tccd	AUTHREQ_ATTRIBUTION: msgID=35319.1, attribution={requesting={TCCDProcess: identifier=dev.crux.nomikai.767J38S4C2, pid=35319, auid=501, euid=501, binary_path=/private/var/containers/Bundle/Application/2FB42E62-EF39-4174-9E53-B6A7C45A0CA5/Runner.app/Runner}, },
default	16:19:42.336087-0800	Runner	[0x10ed6dcc0] invalidated after the last release of the connection object
default	16:19:42.336258-0800	Runner	[0x10ed6dcc0] activating connection: mach=true listener=false peer=false name=com.apple.tccd
default	16:19:42.336796-0800	tccd	AUTHREQ_ATTRIBUTION: msgID=35319.2, attribution={requesting={TCCDProcess: identifier=dev.crux.nomikai.767J38S4C2, pid=35319, auid=501, euid=501, binary_path=/private/var/containers/Bundle/Application/2FB42E62-EF39-4174-9E53-B6A7C45A0CA5/Runner.app/Runner}, },
default	16:19:42.338619-0800	Runner	[0x10ed6dcc0] invalidated after the last release of the connection object
default	16:19:42.339238-0800	Runner	<<<< AVCaptureSession >>>> -[AVCaptureSession beginConfiguration]: (0x10b1b8170)
default	16:19:42.339246-0800	Runner	<<<< AVCaptureSession >>>> -[AVCaptureSession _beginConfiguration]: (0x10b1b8170) updated beginConfigRefCount 1
default	16:19:42.339277-0800	Runner	<<<< AVCaptureSession >>>> -[AVCaptureSession setSessionPreset:]: (0x10b1b8170) AVCaptureSessionPreset1280x720 (current: AVCaptureSessionPresetHigh)
default	16:19:42.339287-0800	Runner	<<<< AVCaptureSession >>>> -[AVCaptureSession _beginConfiguration]: (0x10b1b8170) updated beginConfigRefCount 2
default	16:19:42.339306-0800	Runner	<<<< AVCaptureSession >>>> -[AVCaptureSession _commitConfiguration]: (0x10b1b8170) updated beginConfigRefCount 1
default	16:19:42.339315-0800	Runner	<<<< AVCaptureSession >>>> -[AVCaptureSession _buildAndRunGraph:]: (0x10b1b8170) called. skipConfig: 1
default	16:19:42.339875-0800	Runner	Evaluating dispatch of UIEvent: 0x10b098000; type: 0; subtype: 0; backing type: 11; shouldSend: 0; ignoreInteractionEvents: 0, systemGestureStateChange: 0
default	16:19:42.353465-0800	Runner	<<<< AVCaptureDevice >>>> +[AVCaptureDevice _listEligibleEffects]_block_invoke: App with preferencesDomain '<private>' bundle '<private>' is NOT eligible for NSCameraBackgroundReplacementEnabled effects
default	16:19:42.353543-0800	Runner	<<<< AVCaptureDevice >>>> +[AVCaptureDevice _listEligibleEffects]_block_invoke: App with preferencesDomain '<private>' bundle '<private>' is NOT eligible for NSCameraPortraitEffectEnabled effects
default	16:19:42.353557-0800	Runner	<<<< AVCaptureDevice >>>> +[AVCaptureDevice _listEligibleEffects]_block_invoke: App with preferencesDomain '<private>' bundle '<private>' is NOT eligible for NSCameraStudioLightEnabled effects
default	16:19:42.353565-0800	Runner	<<<< AVCaptureDevice >>>> +[AVCaptureDevice _listEligibleEffects]_block_invoke: App with preferencesDomain '<private>' bundle '<private>' is NOT eligible for NSCameraReactionEffectsEnabled effects
default	16:19:42.354055-0800	Runner	<<<< AVCaptureDevice >>>> +[AVCaptureDevice reactionEffectGesturesEnabledDefault]_block_invoke: Using default from system 0
default	16:19:42.354542-0800	Runner	<<<< AVCaptureDevice >>>> +[AVCaptureDevice setUpReactionEffectsStateOnce]_block_invoke: Suppressed gestures 1 : enabled 0 have shown 0
default	16:19:42.355669-0800	Runner	[0x10ed6dcc0] activating connection: mach=true listener=false peer=false name=com.apple.audio.AudioSession
default	16:19:42.364325-0800	audiomxd	  ServerSessionManager.mm:315   { "action":"create_session", "session":{"ID":"0x761ee","name":"Runner(35319)","type":"Auxiliary"}, "details":{"PID":35319,"session_type":"Auxiliary"} }
default	16:19:42.364363-0800	audiomxd	AudioApplicationInfoImpl.mm:93    New session 0x761ee will have default input mute state of UNMUTED (app:{"name":"[implicit] Runner","pid":35319})
default	16:19:42.364391-0800	audiomxd	AudioApplicationInfoImpl.mm:648   Successfully added session 0x761ee to AudioApp, state unchanged
	app: {"name":"[implicit] Runner","pid":35319}
	AudioApp.isInputMuted: UNMUTED
[ 
	{ sessionID: 0x761ec, sessionType: 'prim', isRecording: false, isInputMuted: false, isConsideredInAppMuteState: true }, 
	{ sessionID: 0x761ee, sessionType: 'auxi', isRecording: false, isInputMuted: false, isConsideredInAppMuteState: false }, 
]
default	16:19:42.364411-0800	audiomxd	  ServerSessionManager.mm:1062  Success - added newly-created session (sid:0x761ee, Runner(35319), 'auxi') to app instance ({"name":"[implicit] Runner","pid":35319})
default	16:19:42.365189-0800	Runner	    SessionCore_Create.mm:99    Created session 0x10b1b9230 with ID: 0x761ee
default	16:19:42.368118-0800	Runner	[0x10ed6cf00] activating connection: mach=true listener=false peer=false name=com.apple.coremedia.routediscoverer.xpc
default	16:19:42.368880-0800	Runner	<<<< AVInputDeviceDiscoverySession >>>> -[AVInputDeviceDiscoverySession setFastDiscoveryEnabled:]: called (session=0x10ef036e0, setFastDiscoveryEnabled=NO)
default	16:19:42.368896-0800	Runner	<<<< AVInputDeviceDiscoverySession (FigRouteDiscoverer) >>>> -[AVFigRouteDiscovererInputDeviceDiscoverySessionImpl inputDeviceDiscoverySessionFastDiscoveryDidChange:]: Setting fastDiscoveryEnabled to NO (client: Runner) for session=0x10b033d80
default	16:19:42.369100-0800	Runner	<<<< AVOutputDeviceDiscoverySession >>>> -[AVOutputDeviceDiscoverySession setFastDiscoveryEnabled:]: called (session=0x10b1b8a70, setFastDiscoveryEnabled=NO)
default	16:19:42.369121-0800	Runner	<<<< AVOutputDeviceDiscoverySession (FigRouteDiscoverer) >>>> -[AVFigRouteDiscovererOutputDeviceDiscoverySessionImpl outputDeviceDiscoverySessionFastDiscoveryDidChange:]: Setting fastDiscoveryEnabled to NO (client: Runner) for session=0x10b1b8a70
default	16:19:42.370039-0800	Runner	           SessionCore.mm:674   Setting PrefersToInterruptActiveRecordingSessions to 0
default	16:19:42.370235-0800	audiomxd	-FigRouteDiscoverer- FigRouteDiscoveryManagerStoreDiscoverer_block_invoke: Registered discoverer of type AudioInput uuid=AC0A6C46-FC15-4D87-B044-DB18ED8A94B4 pid=35319 clientName=Runner
default	16:19:42.370397-0800	audiomxd	AudioSessionServerImpCommon.mm:475   { "action":"set_property", "session":{"ID":"0x761ee","name":"Runner(35319)","type":"Auxiliary"}, "details":{"key":"batch_properties","value":{"AllowedRouteTypes":[],"AudioCategory":"PlayAndRecord","DefaultBuiltInRoute":{"Unsupported CoreFoundation type":16},"EnableBluetoothRecording":false,"InterruptionStyle":0,"PrefersBluetoothHighQualityContentCapture":false,"PrefersNoInterruptionWhenSecureMicrophoneIsEngaged":false,"PrefersToInterruptActiveRecordingSessions":false,"WantsToPauseSpokenAudio":false}} }
default	16:19:42.370662-0800	audiomxd	-MXSession- -[MXSession(InterfaceImpl) setOrderedPropertiesInternal:usingErrorHandlingStrategy:outPropertiesErrors:]: Session 'sid:0x761ee, Runner(35319), 'auxi'' is setting ordered properties batch
default	16:19:42.371412-0800	audiomxd	-CMSessionMgr- cmsSetAudioCategory: Client 'sid:0x761ee, Runner(35319), 'auxi'' [0xbe98a6680] set audioCategory to 'PlayAndRecord'
default	16:19:42.371520-0800	audiomxd	-CMSessionMgr- cmsSetControlFlags: Session 'sid:0x761ee, Runner(35319), 'auxi'' setting control flags: required = Volume_Routing, desired = 0
default	16:19:42.371596-0800	audiomxd	-CMSessionMgr- MXCoreSessionSetProperty: Session 'sid:0x761ee, Runner(35319), 'auxi'' setting EnableBluetoothRecording to NO
default	16:19:42.371717-0800	audiomxd	-CMSessionMgr- MXCoreSessionSetProperty: Session 'sid:0x761ee, Runner(35319), 'auxi'' setting InterruptionStyle to NotSet
default	16:19:42.371735-0800	audiomxd	-CMSMNotificationUtilities- CMSMNotificationUtility_PostSessionAudioCategoryDidChange_block_invoke: Posting AudioCategoryDidChange to session 'sid:0x761ee, Runner(35319), 'auxi'', AudioCategory changed to 'PlayAndRecord'
default	16:19:42.371815-0800	audiomxd	-CMSessionMgr- MXCoreSessionSetProperty: Client sid:0x761ee, Runner(35319), 'auxi' [0xbe98a6680] setting AllowedRouteTypes to (
)
default	16:19:42.371828-0800	audiomxd	-FigRouteDiscoverer- FigRouteDiscoveryManagerStoreDiscoverer_block_invoke: Registered discoverer of type Audio uuid=BE4C553E-AC35-473C-8480-896D1A0AEF4B pid=35319 clientName=Runner
default	16:19:42.371845-0800	audiomxd	-CMSessionMgr- MXCoreSessionSetProperty: Client 'sid:0x761ee, Runner(35319), 'auxi'' setting WantsToPauseSpokenAudio to 'NO'
default	16:19:42.371973-0800	audiomxd	   AudioToolboxServers.mm:1040  ================= -> RoutingBehaviorChanged process 'sid:0x761ee, Runner(35319), 'auxi'' =================
default	16:19:42.371984-0800	audiomxd	   AudioToolboxServers.mm:1049  ================= <- RoutingBehaviorChanged process 'sid:0x761ee, Runner(35319), 'auxi'' =================
default	16:19:42.372519-0800	Runner	[0x10ed6c000] activating connection: mach=true listener=false peer=false name=com.apple.coremedia.routingcontext.xpc
default	16:19:42.372617-0800	Runner	[0x10ed6c140] activating connection: mach=true listener=false peer=false name=com.apple.coremedia.volumecontroller.xpc
default	16:19:42.372899-0800	audiomxd	   AudioToolboxServers.mm:1040  ================= -> RoutingBehaviorChanged process 'sid:0x761ee, Runner(35319), 'auxi'' =================
default	16:19:42.372914-0800	audiomxd	   AudioToolboxServers.mm:1049  ================= <- RoutingBehaviorChanged process 'sid:0x761ee, Runner(35319), 'auxi'' =================
default	16:19:42.378395-0800	audiomxd	-FigRouteDiscoverer- FigRouteDiscoveryManagerStoreDiscoverer_block_invoke: Registered discoverer of type AudioInput uuid=F3360347-3971-4EF9-99B6-E7FA3A539992 pid=35319 clientName=Runner
default	16:19:42.378407-0800	audiomxd	-FigRouteDiscoverer- discoverer_SetProperty_block_invoke: Client Runner with PID 35319 of type AudioInput setting discovery mode to DiscoveryMode_Detailed, discovererUUID=<private>
default	16:19:42.388286-0800	Runner	<<<< AVInputDevice (FigRouteDescriptor) >>>> AVInputDeviceGetDeviceTypeAndSubTypeFromRouteDescriptor: AudioRouteName is MicrophoneBuiltIn, BT Endpoint is (null)
default	16:19:42.388294-0800	Runner	<<<< AVInputDevice (FigRouteDescriptor) >>>> AVInputDeviceGetDeviceTypeAndSubTypeFromRouteDescriptor: AudioRouteName is MicrophoneBuiltIn, BT Endpoint is (null)
default	16:19:42.389241-0800	Runner	<<<< AVInputDevice (FigRouteDescriptor) >>>> AVInputDeviceGetDeviceTypeAndSubTypeFromRouteDescriptor: AudioRouteName is MicrophoneBuiltIn, BT Endpoint is (null)
default	16:19:42.389250-0800	Runner	<<<< AVInputDevice (FigRouteDescriptor) >>>> AVInputDeviceGetDeviceTypeAndSubTypeFromRouteDescriptor: AudioRouteName is MicrophoneBuiltIn, BT Endpoint is (null)
default	16:19:42.391578-0800	Runner	<<<< AVInputDevice (FigRouteDescriptor) >>>> AVInputDeviceGetDeviceTypeAndSubTypeFromRouteDescriptor: AudioRouteName is MicrophoneBuiltIn, BT Endpoint is (null)
default	16:19:42.391726-0800	Runner	<<<< AVInputDevice (FigRouteDescriptor) >>>> AVInputDeviceGetDeviceTypeAndSubTypeFromRouteDescriptor: AudioRouteName is MicrophoneBuiltIn, BT Endpoint is (null)
default	16:19:42.391760-0800	Runner	[0x10ed6c500] activating connection: mach=true listener=false peer=false name=com.apple.audio.AudioSession
default	16:19:42.391871-0800	Runner	    SessionCore_Create.mm:99    Created session 0x10b1b92c0 with ID: 0x761ec
default	16:19:42.392359-0800	Runner	<<<< AVInputDeviceDiscoverySession >>>> -[AVInputDeviceDiscoverySession setFastDiscoveryEnabled:]: called (session=0x10ef03a20, setFastDiscoveryEnabled=NO)
default	16:19:42.392395-0800	Runner	<<<< AVInputDeviceDiscoverySession (FigRouteDiscoverer) >>>> -[AVFigRouteDiscovererInputDeviceDiscoverySessionImpl inputDeviceDiscoverySessionFastDiscoveryDidChange:]: Setting fastDiscoveryEnabled to NO (client: Runner) for session=0x10b1bebe0
default	16:19:42.392410-0800	Runner	<<<< AVOutputDeviceDiscoverySession >>>> -[AVOutputDeviceDiscoverySession setFastDiscoveryEnabled:]: called (session=0x10b1b9360, setFastDiscoveryEnabled=NO)
default	16:19:42.392421-0800	Runner	<<<< AVOutputDeviceDiscoverySession (FigRouteDiscoverer) >>>> -[AVFigRouteDiscovererOutputDeviceDiscoverySessionImpl outputDeviceDiscoverySessionFastDiscoveryDidChange:]: Setting fastDiscoveryEnabled to NO (client: Runner) for session=0x10b1b9360
default	16:19:42.392539-0800	Runner	<<<< AVReadWriteDispatchQueue >>>> usesSerialQueue_block_invoke: Using read/write queue
default	16:19:42.392575-0800	Runner	<<<< AVCaptureSession >>>> -[AVCaptureSession addInput:]: (0x10b1b8170) <AVCaptureDeviceInput: 0x10ef03440 [iPhone Microphone]>
default	16:19:42.392584-0800	Runner	<<<< AVCaptureSession >>>> -[AVCaptureSession _beginConfiguration]: (0x10b1b8170) updated beginConfigRefCount 2
default	16:19:42.392632-0800	Runner	AVAudioSessionNotificationManager.mm:130   -addMXNotificationListener:notificationName: session 0x761ec failed with an error: Error Domain=NSOSStatusErrorDomain Code=1701737535 "Add MX notification listener failed" UserInfo={NSLocalizedDescription=Add MX notification listener failed}
default	16:19:42.392752-0800	Runner	AVAudioSessionNotificationManager.mm:130   -addMXNotificationListener:notificationName: session 0x761ec failed with an error: Error Domain=NSOSStatusErrorDomain Code=1701737535 "Add MX notification listener failed" UserInfo={NSLocalizedDescription=Add MX notification listener failed}
default	16:19:42.392785-0800	Runner	AVAudioSessionNotificationManager.mm:130   -addMXNotificationListener:notificationName: session 0x761ec failed with an error: Error Domain=NSOSStatusErrorDomain Code=1701737535 "Add MX notification listener failed" UserInfo={NSLocalizedDescription=Add MX notification listener failed}
default	16:19:42.392815-0800	Runner	AVAudioSessionNotificationManager.mm:130   -addMXNotificationListener:notificationName: session 0x761ec failed with an error: Error Domain=NSOSStatusErrorDomain Code=1701737535 "Add MX notification listener failed" UserInfo={NSLocalizedDescription=Add MX notification listener failed}
default	16:19:42.392863-0800	Runner	AVAudioSessionNotificationManager.mm:130   -addMXNotificationListener:notificationName: session 0x761ec failed with an error: Error Domain=NSOSStatusErrorDomain Code=1701737535 "Add MX notification listener failed" UserInfo={NSLocalizedDescription=Add MX notification listener failed}
error	16:19:42.392888-0800	Runner	<<<< FigAudioSession(AV) >>>> signalled err=-19224 at <>:612
default	16:19:42.392911-0800	Runner	<<<< AudioSessionClock >>>> FigAudioSessionClockCreate: Created new clock 0x112841900 for Input TimeObserver: 0x10ef03f00 session: <FigAudioSession(AV): 0x1128aa280 > (core session 0x0) err: 0
default	16:19:42.393059-0800	Runner	<<<< AVCaptureSession >>>> -[AVCaptureSession _commitConfiguration]: (0x10b1b8170) updated beginConfigRefCount 1
default	16:19:42.393081-0800	Runner	<<<< AVCaptureSession >>>> -[AVCaptureSession _buildAndRunGraph:]: (0x10b1b8170) called. skipConfig: 1
default	16:19:42.394612-0800	Runner	<<<< AVCaptureSession >>>> -[AVCaptureSession addOutput:]: (0x10b1b8170) <AVCaptureAudioDataOutput: 0x10b0f2ba0>
default	16:19:42.394623-0800	Runner	<<<< AVCaptureSession >>>> -[AVCaptureSession _beginConfiguration]: (0x10b1b8170) updated beginConfigRefCount 2
default	16:19:42.394630-0800	Runner	<<<< AVCaptureSession >>>> -[AVCaptureSession _commitConfiguration]: (0x10b1b8170) updated beginConfigRefCount 1
default	16:19:42.394639-0800	Runner	<<<< AVCaptureSession >>>> -[AVCaptureSession _buildAndRunGraph:]: (0x10b1b8170) called. skipConfig: 1
default	16:19:42.394721-0800	Runner	<<<< AVCaptureFigVideoDevice >>>> +[AVCaptureFigVideoDevice _setUpCameraHistoryOnce]_block_invoke_2: <private> changed... newDownplayUserPreferredCameraOverrideHistory = F (based on <private>), new user preferred camera history <private>
default	16:19:42.394740-0800	Runner	<<<< AVCaptureFigVideoDevice >>>> +[AVCaptureFigVideoDevice _setUpCameraHistoryOnce]_block_invoke: dispatching async to preferred camera property refresh queue
default	16:19:42.394756-0800	Runner	<<<< AVCaptureFigVideoDevice >>>> +[AVCaptureFigVideoDevice _cameraHistoryDispatchQueue]_block_invoke: using main queue for refreshing camera properties
default	16:19:42.394763-0800	Runner	<<<< AVCaptureFigVideoDevice >>>> +[AVCaptureFigVideoDevice _setUpCameraHistoryOnce]_block_invoke: not refreshing camera properties because camera history is not set up yet.
default	16:19:42.394771-0800	Runner	<<<< AVCaptureFigVideoDevice >>>> +[AVCaptureFigVideoDevice _setUpCameraHistoryOnce]_block_invoke: async dispatch to preferred camera property refresh queue returned
default	16:19:42.394788-0800	Runner	<<<< AVCaptureFigVideoDevice >>>> +[AVCaptureFigVideoDevice _setUpCameraHistoryOnce]_block_invoke: change handler for <private> returning
default	16:19:42.394809-0800	Runner	<<<< AVCaptureFigVideoDevice >>>> +[AVCaptureFigVideoDevice _setUpCameraHistoryOnce]_block_invoke: <private> changed... newDownplayUserPreferredCameraOverrideHistory = F (based on <private>), new user preferred camera override history <private>
default	16:19:42.394841-0800	Runner	<<<< AVCaptureFigVideoDevice >>>> +[AVCaptureFigVideoDevice _setUpCameraHistoryOnce]_block_invoke: dispatching async to preferred camera property refresh queue
default	16:19:42.395375-0800	Runner	<<<< AVCaptureFigVideoDevice >>>> +[AVCaptureFigVideoDevice _setUpCameraHistoryOnce]_block_invoke: async dispatch to preferred camera property refresh queue returned
default	16:19:42.395428-0800	Runner	<<<< AVCaptureFigVideoDevice >>>> +[AVCaptureFigVideoDevice _setUpCameraHistoryOnce]_block_invoke: change handler for <private> returning
default	16:19:42.395509-0800	Runner	<<<< AVCaptureFigVideoDevice >>>> +[AVCaptureFigVideoDevice _setUpCameraHistoryOnce]_block_invoke: not refreshing camera properties because camera history is not set up yet.
default	16:19:42.395567-0800	Runner	<<<< AVCaptureFigVideoDevice >>>> +[AVCaptureFigVideoDevice _setUpCameraHistoryOnce]_block_invoke: <private> changed... new streaming camera history <private>
default	16:19:42.395590-0800	Runner	<<<< AVCaptureFigVideoDevice >>>> +[AVCaptureFigVideoDevice _setUpCameraHistoryOnce]_block_invoke: dispatching async to preferred camera property refresh queue
default	16:19:42.395622-0800	Runner	<<<< AVCaptureFigVideoDevice >>>> +[AVCaptureFigVideoDevice _setUpCameraHistoryOnce]_block_invoke: not refreshing camera properties because camera history is not set up yet.
default	16:19:42.395725-0800	Runner	<<<< AVCaptureFigVideoDevice >>>> +[AVCaptureFigVideoDevice _setUpCameraHistoryOnce]_block_invoke: async dispatch to preferred camera property refresh queue returned
default	16:19:42.395797-0800	Runner	<<<< AVCaptureFigVideoDevice >>>> +[AVCaptureFigVideoDevice _setUpCameraHistoryOnce]_block_invoke: change handler for <private> returning
default	16:19:42.395806-0800	Runner	<<<< AVCaptureFigVideoDevice >>>> +[AVCaptureFigVideoDevice _setUpCameraHistoryOnce]_block_invoke: doing deferred dispatch async to preferred camera property refresh queue
default	16:19:42.395813-0800	Runner	<<<< AVCaptureFigVideoDevice >>>> +[AVCaptureFigVideoDevice _setUpCameraHistoryOnce]_block_invoke_2: deferred async dispatch to preferred camera property refresh queue returned
default	16:19:42.395823-0800	Runner	<<<< AVCaptureFigVideoDevice >>>> +[AVCaptureFigVideoDevice _refreshPreferredCameraProperties:]: getting current value for userPreferredCamera (allowsSuspendedPreferredCameras = F)
default	16:19:42.407216-0800	Runner	       SessionCore_iOS.mm:342   Session 0x761ee posting AVAudioSessionAvailableOutputsChangeNotification
default	16:19:42.417038-0800	tccd	AUTHREQ_ATTRIBUTION: msgID=77.252, attribution={accessing={TCCDProcess: identifier=dev.crux.nomikai.767J38S4C2, pid=35319, auid=501, euid=501, binary_path=/private/var/containers/Bundle/Application/2FB42E62-EF39-4174-9E53-B6A7C45A0CA5/Runner.app/Runner}, requesting={TCCDProcess: identifier=com.apple.cameracaptured, pid=77, auid=501, euid=501, binary_path=/usr/libexec/cameracaptured}, },
default	16:19:42.417059-0800	tccd	requestor: TCCDProcess: identifier=com.apple.cameracaptured, pid=77, auid=501, euid=501, binary_path=/usr/libexec/cameracaptured is checking access for accessor TCCDProcess: identifier=dev.crux.nomikai.767J38S4C2, pid=35319, auid=501, euid=501, binary_path=/private/var/containers/Bundle/Application/2FB42E62-EF39-4174-9E53-B6A7C45A0CA5/Runner.app/Runner
default	16:19:42.417783-0800	audiomxd	-FigRouteDiscoverer- FigRouteDiscoveryManagerStoreDiscoverer_block_invoke: Registered discoverer of type AudioInput uuid=4EA3F78F-3254-4FD8-960B-2558605BD3A7 pid=35319 clientName=Runner
default	16:19:42.418391-0800	audiomxd	-FigRouteDiscoverer- FigRouteDiscoveryManagerStoreDiscoverer_block_invoke: Registered discoverer of type Audio uuid=03959955-CA0A-48E4-A03A-194EC22CF29E pid=35319 clientName=Runner
default	16:19:42.418865-0800	Runner	       SessionCore_iOS.mm:311   Session 0x761ee posting AVAudioSessionAvailableInputsChangeNotification
default	16:19:42.418955-0800	Runner	       SessionCore_iOS.mm:315   Session 0x761ee posting AVAudioSessionAvailableOutputsChangeNotification
default	16:19:42.422693-0800	Runner	<<<< AVCaptureFigVideoDevice >>>> -[AVCaptureFigVideoDevice _initWithFigCaptureSource:isProxy:]: [Back Camera] dockedTrackingActive 0
default	16:19:42.422847-0800	Runner	<<<< AVCaptureFigVideoDevice >>>> -[AVCaptureFigVideoDevice _initWithFigCaptureSource:isProxy:]: [Back Telephoto Camera] dockedTrackingActive 0
default	16:19:42.423666-0800	Runner	<<<< AVCaptureFigVideoDevice >>>> -[AVCaptureFigVideoDevice _initWithFigCaptureSource:isProxy:]: [Back Ultra Wide Camera] dockedTrackingActive 0
default	16:19:42.423902-0800	Runner	<<<< AVCaptureFigVideoDevice >>>> -[AVCaptureFigVideoDevice _initWithFigCaptureSource:isProxy:]: [Back Dual Camera] dockedTrackingActive 0
default	16:19:42.424355-0800	Runner	<<<< AVCaptureFigVideoDevice >>>> -[AVCaptureFigVideoDevice _initWithFigCaptureSource:isProxy:]: [Back Dual Wide Camera] dockedTrackingActive 0
default	16:19:42.424752-0800	Runner	<<<< AVCaptureFigVideoDevice >>>> -[AVCaptureFigVideoDevice _initWithFigCaptureSource:isProxy:]: [Back Triple Camera] dockedTrackingActive 0
default	16:19:42.425285-0800	Runner	<<<< AVCaptureFigVideoDevice >>>> -[AVCaptureFigVideoDevice _initWithFigCaptureSource:isProxy:]: [Front Camera] dockedTrackingActive 0
default	16:19:42.426338-0800	Runner	<<<< AVCaptureFigVideoDevice >>>> -[AVCaptureFigVideoDevice _initWithFigCaptureSource:isProxy:]: [Front TrueDepth Camera] dockedTrackingActive 0
error	16:19:42.427546-0800	Runner	<private>
error	16:19:42.427553-0800	Runner	<private>
default	16:19:42.427685-0800	Runner	<<<< AVCaptureFigVideoDevice >>>> -[AVCaptureFigVideoDevice _initWithFigCaptureSource:isProxy:]: [Back Time of Flight Camera] dockedTrackingActive 0
error	16:19:42.427695-0800	Runner	<private>
default	16:19:42.428551-0800	Runner	<<<< AVCaptureFigVideoDevice >>>> -[AVCaptureFigVideoDevice _initWithFigCaptureSource:isProxy:]: [Back LiDAR Depth Camera] dockedTrackingActive 0
default	16:19:42.428963-0800	Runner	<<<< AVCaptureFigVideoDevice >>>> -[AVCaptureFigVideoDevice _initWithFigCaptureSource:isProxy:]: [Desk View Camera] dockedTrackingActive 0
default	16:19:42.429259-0800	Runner	<<<< AVCaptureFigVideoDevice >>>> +[AVCaptureFigVideoDevice _defaultDeviceWithDeviceType:mediaTypes:position:cameraOverrideHistoryAllowed:cameraOverrideHistorySuspendedAllowed:wombatsMustBeMagic:userPreferredCameraHistorySuspendedAllowed:invalidSpecialDeviceTypes:]: current list of devices:
default	16:19:42.429281-0800	Runner	<<<< AVCaptureFigVideoDevice >>>> +[AVCaptureFigVideoDevice _defaultDeviceWithDeviceType:mediaTypes:position:cameraOverrideHistoryAllowed:cameraOverrideHistorySuspendedAllowed:wombatsMustBeMagic:userPreferredCameraHistorySuspendedAllowed:invalidSpecialDeviceTypes:]: <private>
default	16:19:42.429290-0800	Runner	<<<< AVCaptureFigVideoDevice >>>> +[AVCaptureFigVideoDevice _defaultDeviceWithDeviceType:mediaTypes:position:cameraOverrideHistoryAllowed:cameraOverrideHistorySuspendedAllowed:wombatsMustBeMagic:userPreferredCameraHistorySuspendedAllowed:invalidSpecialDeviceTypes:]: <private>
default	16:19:42.429296-0800	Runner	<<<< AVCaptureFigVideoDevice >>>> +[AVCaptureFigVideoDevice _defaultDeviceWithDeviceType:mediaTypes:position:cameraOverrideHistoryAllowed:cameraOverrideHistorySuspendedAllowed:wombatsMustBeMagic:userPreferredCameraHistorySuspendedAllowed:invalidSpecialDeviceTypes:]: <private>
default	16:19:42.429302-0800	Runner	<<<< AVCaptureFigVideoDevice >>>> +[AVCaptureFigVideoDevice _defaultDeviceWithDeviceType:mediaTypes:position:cameraOverrideHistoryAllowed:cameraOverrideHistorySuspendedAllowed:wombatsMustBeMagic:userPreferredCameraHistorySuspendedAllowed:invalidSpecialDeviceTypes:]: <private>
default	16:19:42.429308-0800	Runner	<<<< AVCaptureFigVideoDevice >>>> +[AVCaptureFigVideoDevice _defaultDeviceWithDeviceType:mediaTypes:position:cameraOverrideHistoryAllowed:cameraOverrideHistorySuspendedAllowed:wombatsMustBeMagic:userPreferredCameraHistorySuspendedAllowed:invalidSpecialDeviceTypes:]: <private>
default	16:19:42.429369-0800	Runner	<<<< AVCaptureFigVideoDevice >>>> +[AVCaptureFigVideoDevice _defaultDeviceWithDeviceType:mediaTypes:position:cameraOverrideHistoryAllowed:cameraOverrideHistorySuspendedAllowed:wombatsMustBeMagic:userPreferredCameraHistorySuspendedAllowed:invalidSpecialDeviceTypes:]: <private>
default	16:19:42.429380-0800	Runner	<<<< AVCaptureFigVideoDevice >>>> +[AVCaptureFigVideoDevice _defaultDeviceWithDeviceType:mediaTypes:position:cameraOverrideHistoryAllowed:cameraOverrideHistorySuspendedAllowed:wombatsMustBeMagic:userPreferredCameraHistorySuspendedAllowed:invalidSpecialDeviceTypes:]: <private>
default	16:19:42.429466-0800	Runner	<<<< AVCaptureFigVideoDevice >>>> +[AVCaptureFigVideoDevice _defaultDeviceWithDeviceType:mediaTypes:position:cameraOverrideHistoryAllowed:cameraOverrideHistorySuspendedAllowed:wombatsMustBeMagic:userPreferredCameraHistorySuspendedAllowed:invalidSpecialDeviceTypes:]: <private>
default	16:19:42.429476-0800	Runner	<<<< AVCaptureFigVideoDevice >>>> +[AVCaptureFigVideoDevice _defaultDeviceWithDeviceType:mediaTypes:position:cameraOverrideHistoryAllowed:cameraOverrideHistorySuspendedAllowed:wombatsMustBeMagic:userPreferredCameraHistorySuspendedAllowed:invalidSpecialDeviceTypes:]: <private>
default	16:19:42.429482-0800	Runner	<<<< AVCaptureFigVideoDevice >>>> +[AVCaptureFigVideoDevice _defaultDeviceWithDeviceType:mediaTypes:position:cameraOverrideHistoryAllowed:cameraOverrideHistorySuspendedAllowed:wombatsMustBeMagic:userPreferredCameraHistorySuspendedAllowed:invalidSpecialDeviceTypes:]: <private>
default	16:19:42.429488-0800	Runner	<<<< AVCaptureFigVideoDevice >>>> +[AVCaptureFigVideoDevice _defaultDeviceWithDeviceType:mediaTypes:position:cameraOverrideHistoryAllowed:cameraOverrideHistorySuspendedAllowed:wombatsMustBeMagic:userPreferredCameraHistorySuspendedAllowed:invalidSpecialDeviceTypes:]: <private>
default	16:19:42.429496-0800	Runner	<<<< AVCaptureFigVideoDevice >>>> +[AVCaptureFigVideoDevice _defaultDeviceWithDeviceType:mediaTypes:position:cameraOverrideHistoryAllowed:cameraOverrideHistorySuspendedAllowed:wombatsMustBeMagic:userPreferredCameraHistorySuspendedAllowed:invalidSpecialDeviceTypes:]: -------------
default	16:19:42.429517-0800	Runner	<<<< AVCaptureFigVideoDevice >>>> +[AVCaptureFigVideoDevice _defaultDeviceWithDeviceType:mediaTypes:position:cameraOverrideHistoryAllowed:cameraOverrideHistorySuspendedAllowed:wombatsMustBeMagic:userPreferredCameraHistorySuspendedAllowed:invalidSpecialDeviceTypes:]: devices with media types <private>:
default	16:19:42.429527-0800	Runner	<<<< AVCaptureFigVideoDevice >>>> +[AVCaptureFigVideoDevice _defaultDeviceWithDeviceType:mediaTypes:position:cameraOverrideHistoryAllowed:cameraOverrideHistorySuspendedAllowed:wombatsMustBeMagic:userPreferredCameraHistorySuspendedAllowed:invalidSpecialDeviceTypes:]: <private>
default	16:19:42.429541-0800	Runner	<<<< AVCaptureFigVideoDevice >>>> +[AVCaptureFigVideoDevice _defaultDeviceWithDeviceType:mediaTypes:position:cameraOverrideHistoryAllowed:cameraOverrideHistorySuspendedAllowed:wombatsMustBeMagic:userPreferredCameraHistorySuspendedAllowed:invalidSpecialDeviceTypes:]: <private>
default	16:19:42.429563-0800	Runner	<<<< AVCaptureFigVideoDevice >>>> +[AVCaptureFigVideoDevice _defaultDeviceWithDeviceType:mediaTypes:position:cameraOverrideHistoryAllowed:cameraOverrideHistorySuspendedAllowed:wombatsMustBeMagic:userPreferredCameraHistorySuspendedAllowed:invalidSpecialDeviceTypes:]: <private>
default	16:19:42.429671-0800	Runner	<<<< AVCaptureFigVideoDevice >>>> +[AVCaptureFigVideoDevice _defaultDeviceWithDeviceType:mediaTypes:position:cameraOverrideHistoryAllowed:cameraOverrideHistorySuspendedAllowed:wombatsMustBeMagic:userPreferredCameraHistorySuspendedAllowed:invalidSpecialDeviceTypes:]: <private>
default	16:19:42.429702-0800	Runner	<<<< AVCaptureFigVideoDevice >>>> +[AVCaptureFigVideoDevice _defaultDeviceWithDeviceType:mediaTypes:position:cameraOverrideHistoryAllowed:cameraOverrideHistorySuspendedAllowed:wombatsMustBeMagic:userPreferredCameraHistorySuspendedAllowed:invalidSpecialDeviceTypes:]: <private>
default	16:19:42.429713-0800	Runner	<<<< AVCaptureFigVideoDevice >>>> +[AVCaptureFigVideoDevice _defaultDeviceWithDeviceType:mediaTypes:position:cameraOverrideHistoryAllowed:cameraOverrideHistorySuspendedAllowed:wombatsMustBeMagic:userPreferredCameraHistorySuspendedAllowed:invalidSpecialDeviceTypes:]: <private>
default	16:19:42.429721-0800	Runner	<<<< AVCaptureFigVideoDevice >>>> +[AVCaptureFigVideoDevice _defaultDeviceWithDeviceType:mediaTypes:position:cameraOverrideHistoryAllowed:cameraOverrideHistorySuspendedAllowed:wombatsMustBeMagic:userPreferredCameraHistorySuspendedAllowed:invalidSpecialDeviceTypes:]: <private>
default	16:19:42.429728-0800	Runner	<<<< AVCaptureFigVideoDevice >>>> +[AVCaptureFigVideoDevice _defaultDeviceWithDeviceType:mediaTypes:position:cameraOverrideHistoryAllowed:cameraOverrideHistorySuspendedAllowed:wombatsMustBeMagic:userPreferredCameraHistorySuspendedAllowed:invalidSpecialDeviceTypes:]: <private>
default	16:19:42.429733-0800	Runner	<<<< AVCaptureFigVideoDevice >>>> +[AVCaptureFigVideoDevice _defaultDeviceWithDeviceType:mediaTypes:position:cameraOverrideHistoryAllowed:cameraOverrideHistorySuspendedAllowed:wombatsMustBeMagic:userPreferredCameraHistorySuspendedAllowed:invalidSpecialDeviceTypes:]: <private>
default	16:19:42.429738-0800	Runner	<<<< AVCaptureFigVideoDevice >>>> +[AVCaptureFigVideoDevice _defaultDeviceWithDeviceType:mediaTypes:position:cameraOverrideHistoryAllowed:cameraOverrideHistorySuspendedAllowed:wombatsMustBeMagic:userPreferredCameraHistorySuspendedAllowed:invalidSpecialDeviceTypes:]: <private>
default	16:19:42.429744-0800	Runner	<<<< AVCaptureFigVideoDevice >>>> +[AVCaptureFigVideoDevice _defaultDeviceWithDeviceType:mediaTypes:position:cameraOverrideHistoryAllowed:cameraOverrideHistorySuspendedAllowed:wombatsMustBeMagic:userPreferredCameraHistorySuspendedAllowed:invalidSpecialDeviceTypes:]: -------------
default	16:19:42.429753-0800	Runner	<<<< AVCaptureSession >>>> -[AVCaptureSession addInput:]: (0x10b1b8170) <AVCaptureDeviceInput: 0x1129f4fa0 [Back Camera]>
default	16:19:42.429760-0800	Runner	<<<< AVCaptureSession >>>> -[AVCaptureSession _beginConfiguration]: (0x10b1b8170) updated beginConfigRefCount 2
default	16:19:42.429766-0800	Runner	<<<< AVCaptureFigVideoDevice >>>> +[AVCaptureFigVideoDevice _defaultDeviceWithDeviceType:mediaTypes:position:cameraOverrideHistoryAllowed:cameraOverrideHistorySuspendedAllowed:wombatsMustBeMagic:userPreferredCameraHistorySuspendedAllowed:invalidSpecialDeviceTypes:]: 4. returning first available entry in streamingCameraHistory because it is a member of devicesWithMediaType and has suitable suspended state: <private>[F]
default	16:19:42.429778-0800	Runner	<<<< AVCaptureFigVideoDevice >>>> +[AVCaptureFigVideoDevice _refreshPreferredCameraProperties:]: getting current value for systemPreferredCamera (allowsSuspendedPreferredCameras = F)
default	16:19:42.429788-0800	Runner	<<<< AVCaptureFigVideoDevice >>>> +[AVCaptureFigVideoDevice _defaultDeviceWithDeviceType:mediaTypes:position:cameraOverrideHistoryAllowed:cameraOverrideHistorySuspendedAllowed:wombatsMustBeMagic:userPreferredCameraHistorySuspendedAllowed:invalidSpecialDeviceTypes:]: current list of devices:
default	16:19:42.429795-0800	Runner	<<<< AVCaptureFigVideoDevice >>>> +[AVCaptureFigVideoDevice _defaultDeviceWithDeviceType:mediaTypes:position:cameraOverrideHistoryAllowed:cameraOverrideHistorySuspendedAllowed:wombatsMustBeMagic:userPreferredCameraHistorySuspendedAllowed:invalidSpecialDeviceTypes:]: <private>
default	16:19:42.429800-0800	Runner	<<<< AVCaptureFigVideoDevice >>>> +[AVCaptureFigVideoDevice _defaultDeviceWithDeviceType:mediaTypes:position:cameraOverrideHistoryAllowed:cameraOverrideHistorySuspendedAllowed:wombatsMustBeMagic:userPreferredCameraHistorySuspendedAllowed:invalidSpecialDeviceTypes:]: <private>
default	16:19:42.429816-0800	Runner	<<<< AVCaptureFigVideoDevice >>>> +[AVCaptureFigVideoDevice _defaultDeviceWithDeviceType:mediaTypes:position:cameraOverrideHistoryAllowed:cameraOverrideHistorySuspendedAllowed:wombatsMustBeMagic:userPreferredCameraHistorySuspendedAllowed:invalidSpecialDeviceTypes:]: <private>
default	16:19:42.429822-0800	Runner	<<<< AVCaptureFigVideoDevice >>>> +[AVCaptureFigVideoDevice _defaultDeviceWithDeviceType:mediaTypes:position:cameraOverrideHistoryAllowed:cameraOverrideHistorySuspendedAllowed:wombatsMustBeMagic:userPreferredCameraHistorySuspendedAllowed:invalidSpecialDeviceTypes:]: <private>
default	16:19:42.429876-0800	Runner	<<<< AVCaptureFigVideoDevice >>>> +[AVCaptureFigVideoDevice _defaultDeviceWithDeviceType:mediaTypes:position:cameraOverrideHistoryAllowed:cameraOverrideHistorySuspendedAllowed:wombatsMustBeMagic:userPreferredCameraHistorySuspendedAllowed:invalidSpecialDeviceTypes:]: <private>
default	16:19:42.429883-0800	Runner	<<<< AVCaptureFigVideoDevice >>>> +[AVCaptureFigVideoDevice _defaultDeviceWithDeviceType:mediaTypes:position:cameraOverrideHistoryAllowed:cameraOverrideHistorySuspendedAllowed:wombatsMustBeMagic:userPreferredCameraHistorySuspendedAllowed:invalidSpecialDeviceTypes:]: <private>
default	16:19:42.429888-0800	Runner	<<<< AVCaptureFigVideoDevice >>>> +[AVCaptureFigVideoDevice _defaultDeviceWithDeviceType:mediaTypes:position:cameraOverrideHistoryAllowed:cameraOverrideHistorySuspendedAllowed:wombatsMustBeMagic:userPreferredCameraHistorySuspendedAllowed:invalidSpecialDeviceTypes:]: <private>
default	16:19:42.429893-0800	Runner	<<<< AVCaptureFigVideoDevice >>>> +[AVCaptureFigVideoDevice _defaultDeviceWithDeviceType:mediaTypes:position:cameraOverrideHistoryAllowed:cameraOverrideHistorySuspendedAllowed:wombatsMustBeMagic:userPreferredCameraHistorySuspendedAllowed:invalidSpecialDeviceTypes:]: <private>
default	16:19:42.429905-0800	Runner	<<<< AVCaptureFigVideoDevice >>>> +[AVCaptureFigVideoDevice _defaultDeviceWithDeviceType:mediaTypes:position:cameraOverrideHistoryAllowed:cameraOverrideHistorySuspendedAllowed:wombatsMustBeMagic:userPreferredCameraHistorySuspendedAllowed:invalidSpecialDeviceTypes:]: <private>
default	16:19:42.429913-0800	Runner	<<<< AVCaptureFigVideoDevice >>>> +[AVCaptureFigVideoDevice _defaultDeviceWithDeviceType:mediaTypes:position:cameraOverrideHistoryAllowed:cameraOverrideHistorySuspendedAllowed:wombatsMustBeMagic:userPreferredCameraHistorySuspendedAllowed:invalidSpecialDeviceTypes:]: <private>
default	16:19:42.429919-0800	Runner	<<<< AVCaptureFigVideoDevice >>>> +[AVCaptureFigVideoDevice _defaultDeviceWithDeviceType:mediaTypes:position:cameraOverrideHistoryAllowed:cameraOverrideHistorySuspendedAllowed:wombatsMustBeMagic:userPreferredCameraHistorySuspendedAllowed:invalidSpecialDeviceTypes:]: <private>
default	16:19:42.429924-0800	Runner	<<<< AVCaptureFigVideoDevice >>>> +[AVCaptureFigVideoDevice _defaultDeviceWithDeviceType:mediaTypes:position:cameraOverrideHistoryAllowed:cameraOverrideHistorySuspendedAllowed:wombatsMustBeMagic:userPreferredCameraHistorySuspendedAllowed:invalidSpecialDeviceTypes:]: -------------
default	16:19:42.429970-0800	Runner	<<<< AVCaptureFigVideoDevice >>>> +[AVCaptureFigVideoDevice _defaultDeviceWithDeviceType:mediaTypes:position:cameraOverrideHistoryAllowed:cameraOverrideHistorySuspendedAllowed:wombatsMustBeMagic:userPreferredCameraHistorySuspendedAllowed:invalidSpecialDeviceTypes:]: devices with media types <private>:
default	16:19:42.429977-0800	Runner	<<<< AVCaptureFigVideoDevice >>>> +[AVCaptureFigVideoDevice _defaultDeviceWithDeviceType:mediaTypes:position:cameraOverrideHistoryAllowed:cameraOverrideHistorySuspendedAllowed:wombatsMustBeMagic:userPreferredCameraHistorySuspendedAllowed:invalidSpecialDeviceTypes:]: <private>
default	16:19:42.430006-0800	Runner	<<<< AVCaptureFigVideoDevice >>>> +[AVCaptureFigVideoDevice _defaultDeviceWithDeviceType:mediaTypes:position:cameraOverrideHistoryAllowed:cameraOverrideHistorySuspendedAllowed:wombatsMustBeMagic:userPreferredCameraHistorySuspendedAllowed:invalidSpecialDeviceTypes:]: <private>
default	16:19:42.430022-0800	Runner	<<<< AVCaptureFigVideoDevice >>>> +[AVCaptureFigVideoDevice _defaultDeviceWithDeviceType:mediaTypes:position:cameraOverrideHistoryAllowed:cameraOverrideHistorySuspendedAllowed:wombatsMustBeMagic:userPreferredCameraHistorySuspendedAllowed:invalidSpecialDeviceTypes:]: <private>
default	16:19:42.430098-0800	Runner	<<<< AVCaptureFigVideoDevice >>>> +[AVCaptureFigVideoDevice _defaultDeviceWithDeviceType:mediaTypes:position:cameraOverrideHistoryAllowed:cameraOverrideHistorySuspendedAllowed:wombatsMustBeMagic:userPreferredCameraHistorySuspendedAllowed:invalidSpecialDeviceTypes:]: <private>
default	16:19:42.430109-0800	Runner	<<<< AVCaptureFigVideoDevice >>>> +[AVCaptureFigVideoDevice _defaultDeviceWithDeviceType:mediaTypes:position:cameraOverrideHistoryAllowed:cameraOverrideHistorySuspendedAllowed:wombatsMustBeMagic:userPreferredCameraHistorySuspendedAllowed:invalidSpecialDeviceTypes:]: <private>
default	16:19:42.430114-0800	Runner	<<<< AVCaptureFigVideoDevice >>>> +[AVCaptureFigVideoDevice _defaultDeviceWithDeviceType:mediaTypes:position:cameraOverrideHistoryAllowed:cameraOverrideHistorySuspendedAllowed:wombatsMustBeMagic:userPreferredCameraHistorySuspendedAllowed:invalidSpecialDeviceTypes:]: <private>
default	16:19:42.430121-0800	Runner	<<<< AVCaptureFigVideoDevice >>>> +[AVCaptureFigVideoDevice _defaultDeviceWithDeviceType:mediaTypes:position:cameraOverrideHistoryAllowed:cameraOverrideHistorySuspendedAllowed:wombatsMustBeMagic:userPreferredCameraHistorySuspendedAllowed:invalidSpecialDeviceTypes:]: <private>
default	16:19:42.430129-0800	Runner	<<<< AVCaptureFigVideoDevice >>>> +[AVCaptureFigVideoDevice _defaultDeviceWithDeviceType:mediaTypes:position:cameraOverrideHistoryAllowed:cameraOverrideHistorySuspendedAllowed:wombatsMustBeMagic:userPreferredCameraHistorySuspendedAllowed:invalidSpecialDeviceTypes:]: <private>
default	16:19:42.430135-0800	Runner	<<<< AVCaptureFigVideoDevice >>>> +[AVCaptureFigVideoDevice _defaultDeviceWithDeviceType:mediaTypes:position:cameraOverrideHistoryAllowed:cameraOverrideHistorySuspendedAllowed:wombatsMustBeMagic:userPreferredCameraHistorySuspendedAllowed:invalidSpecialDeviceTypes:]: <private>
default	16:19:42.430140-0800	Runner	<<<< AVCaptureFigVideoDevice >>>> +[AVCaptureFigVideoDevice _defaultDeviceWithDeviceType:mediaTypes:position:cameraOverrideHistoryAllowed:cameraOverrideHistorySuspendedAllowed:wombatsMustBeMagic:userPreferredCameraHistorySuspendedAllowed:invalidSpecialDeviceTypes:]: <private>
default	16:19:42.430146-0800	Runner	<<<< AVCaptureFigVideoDevice >>>> +[AVCaptureFigVideoDevice _defaultDeviceWithDeviceType:mediaTypes:position:cameraOverrideHistoryAllowed:cameraOverrideHistorySuspendedAllowed:wombatsMustBeMagic:userPreferredCameraHistorySuspendedAllowed:invalidSpecialDeviceTypes:]: -------------
default	16:19:42.430154-0800	Runner	<<<< AVCaptureFigVideoDevice >>>> +[AVCaptureFigVideoDevice _defaultDeviceWithDeviceType:mediaTypes:position:cameraOverrideHistoryAllowed:cameraOverrideHistorySuspendedAllowed:wombatsMustBeMagic:userPreferredCameraHistorySuspendedAllowed:invalidSpecialDeviceTypes:]: 4. returning first available entry in streamingCameraHistory because it is a member of devicesWithMediaType and has suitable suspended state: <private>[F]
default	16:19:42.430165-0800	Runner	<<<< AVCaptureFigVideoDevice >>>> +[AVCaptureFigVideoDevice _refreshPreferredCameraProperties:]: userPreferredCameraChanged T, resolved userPreferredCamera = <AVCaptureFigVideoDevice: 0x10ec9dc00 [Back Camera][com.apple.avfoundation.avcapturedevice.built-in_video:0]>, current sUserPreferredCamera = (null)
default	16:19:42.430171-0800	Runner	<<<< AVCaptureFigVideoDevice >>>> +[AVCaptureFigVideoDevice _refreshPreferredCameraProperties:]: systemPreferredCameraChanged T, resolved systemPreferredCamera = <AVCaptureFigVideoDevice: 0x10ec9dc00 [Back Camera][com.apple.avfoundation.avcapturedevice.built-in_video:0]>, current sSystemPreferredCamera = (null)
default	16:19:42.430486-0800	Runner	<<<< AVCaptureFigVideoDevice >>>> +[AVCaptureFigVideoDevice _refreshPreferredCameraProperties:]: changing sUserPreferredCamera from (null) to <AVCaptureFigVideoDevice: 0x10ec9dc00 [Back Camera][com.apple.avfoundation.avcapturedevice.built-in_video:0]>
default	16:19:42.430499-0800	Runner	<<<< AVCaptureFigVideoDevice >>>> +[AVCaptureFigVideoDevice _refreshPreferredCameraProperties:]: changing sSystemPreferredCamera from (null) to <AVCaptureFigVideoDevice: 0x10ec9dc00 [Back Camera][com.apple.avfoundation.avcapturedevice.built-in_video:0]>
default	16:19:42.430561-0800	Runner	<<<< AVCaptureSession >>>> -[AVCaptureSession _commitConfiguration]: (0x10b1b8170) updated beginConfigRefCount 1
default	16:19:42.430577-0800	Runner	<<<< AVCaptureSession >>>> -[AVCaptureSession _buildAndRunGraph:]: (0x10b1b8170) called. skipConfig: 1
default	16:19:42.430723-0800	Runner	<<<< AVCaptureFigVideoDevice >>>> -[AVCaptureFigVideoDevice _setActiveFormat:resetVideoZoomFactorAndMinMaxFrameDurations:sessionPreset:]: [Back Camera] format:<AVCaptureDeviceFormat: 0x10b1ba150 'vide'/'420v' 1280x 720, { 1- 30 fps}, photo dims:{1280x720,4224x2376}, fov:70.291, supports vis (modes: standard, cinematic, extended) (max strength:Low), max zoom:123.75 (upscales @3.00), system zoom range:1.0-3.0, AF System:2, ISO:34.0-3264.0, SS:0.000015-1.000000, system exposure bias range:-2.0-2.0, supports HDR, supports multicam, supports high photo quality, supports CS RoI> preset:AVCaptureSessionPreset1280x720
default	16:19:42.430744-0800	Runner	<<<< AVCaptureFigVideoDevice >>>> -[AVCaptureFigVideoDevice _setActiveVideoMinFrameDurationInternal:]: [Back Camera] MinFrameDuration to set 1 / 30
default	16:19:42.430757-0800	Runner	<<<< AVCaptureFigVideoDevice >>>> -[AVCaptureFigVideoDevice _setActiveVideoMaxFrameDurationInternal:isSettingExposureModeCustom:]: [Back Camera] MaxFrameDuration to set 1 / 30
default	16:19:42.430892-0800	Runner	<<<< AVCaptureSession >>>> -[AVCaptureSession addOutput:]: (0x10b1b8170) <AVCaptureVideoDataOutput: 0x10b0f2bc0>
default	16:19:42.430902-0800	Runner	<<<< AVCaptureSession >>>> -[AVCaptureSession _beginConfiguration]: (0x10b1b8170) updated beginConfigRefCount 2
default	16:19:42.431209-0800	Runner	<<<< AVCaptureSession >>>> -[AVCaptureSession _commitConfiguration]: (0x10b1b8170) updated beginConfigRefCount 1
default	16:19:42.431221-0800	Runner	<<<< AVCaptureSession >>>> -[AVCaptureSession _buildAndRunGraph:]: (0x10b1b8170) called. skipConfig: 1
default	16:19:42.431310-0800	Runner	<<<< AVCaptureFigVideoDevice >>>> -[AVCaptureFigVideoDevice _setActiveFormat:resetVideoZoomFactorAndMinMaxFrameDurations:sessionPreset:]: [Back Camera] format:<AVCaptureDeviceFormat: 0x10b1ba170 'vide'/'420f' 1280x 720, { 1- 30 fps}, photo dims:{1280x720,4224x2376}, fov:70.291, supports vis (modes: standard, cinematic, extended) (max strength:Low), max zoom:123.75 (upscales @3.00), system zoom range:1.0-3.0, AF System:2, ISO:34.0-3264.0, SS:0.000015-1.000000, system exposure bias range:-2.0-2.0, supports HDR, supports wide color, supports multicam, supports high photo quality, supports CS RoI> preset:AVCaptureSessionPreset1280x720
error	16:19:42.431385-0800	Runner	<<<< FigXPCUtilities >>>> signalled err=-17281 at <>:308
error	16:19:42.431396-0800	Runner	<private>
default	16:19:42.431469-0800	Runner	<<<< AVCaptureFigVideoDevice >>>> -[AVCaptureFigVideoDevice _setActiveVideoMinFrameDurationInternal:]: [Back Camera] MinFrameDuration to set 1 / 30
default	16:19:42.431478-0800	Runner	<<<< AVCaptureFigVideoDevice >>>> -[AVCaptureFigVideoDevice _setActiveVideoMaxFrameDurationInternal:isSettingExposureModeCustom:]: [Back Camera] MaxFrameDuration to set 1 / 30
default	16:19:42.431524-0800	Runner	<<<< AVCaptureSession >>>> -[AVCaptureSession commitConfiguration]: (0x10b1b8170)
default	16:19:42.431531-0800	Runner	<<<< AVCaptureSession >>>> -[AVCaptureSession _commitConfiguration]: (0x10b1b8170) updated beginConfigRefCount 0
default	16:19:42.431535-0800	Runner	<<<< AVCaptureSession >>>> -[AVCaptureSession _buildAndRunGraph:]: (0x10b1b8170) called. skipConfig: 0
default	16:19:42.431550-0800	Runner	<<<< AVCaptureFigVideoDevice >>>> -[AVCaptureFigVideoDevice _setActiveVideoMinFrameDurationInternal:]: [Back Camera] MinFrameDuration to set 1 / 30
default	16:19:42.431552-0800	Runner	<<<< AVCaptureFigVideoDevice >>>> -[AVCaptureFigVideoDevice _setActiveVideoMaxFrameDurationInternal:isSettingExposureModeCustom:]: [Back Camera] MaxFrameDuration to set 1 / 30
default	16:19:42.431768-0800	Runner	<<<< AVCaptureSession >>>> -[AVCaptureSession _buildAndRunGraph:]: (0x10b1b8170) New fcs config(1)
default	16:19:42.431914-0800	Runner	<<<< AVCaptureSession >>>> -[AVCaptureSession _buildAndRunGraph:]: (0x10b1b8170) Setting fcs config(1) FigCaptureSessionConfiguration 0x112a450e0: ID 1, sdk 7320548417732610, AVCaptureSessionPreset1280x720 multiCam: 0, appAudio: 1, autoConfig: 1, mixesWithOthers: 0, hqBluetooth: 0, runWhileMultitasking: 0, checkIfFileAlreadyExistForMFO: 1 autoRunDeferredStart: 1
	AC 0x112903750: <SRC:Microphone> (POSITION:back) -> <SINK 0x1129f4000:AudioData sinkID:<AVCaptureAudioDataOutput: 0x10b0f2ba0 11433558240259> deferredStartEnabled = 0>, E:1, ACM: Auto (mono), WNR:NO
	VC 0x112a45140: <SRC:Wide back 420f/1280x720, 30/1-30/1(max:30), Z:1.00, ICM:0, (FD E:0 B:0 S:0), HR:1, GS:1, FaceDrivenAEAFMode:3, FaceDrivenAEAFEnabledByDefault:1, cameraMountedInLandscape: YES, Output Aspect Ratio: 0, Output Aspect Ratio RequestID: 0> -> <SINK 0x112b5ef70:VideoData sinkID:<AVCaptureVideoDataOutput: 0x10b0f2bc0 11433558232468> deferredStartEnabled = 0 discards:1, preview:0, stability:0, requestedBufferAttachments.count:0>, 420f/1280x720, E:1, VIS:0, M:0, R:0, DOC:
default	16:19:42.434417-0800	audiomxd	-MXSession- -[MXSession(InterfaceImpl) initWithSession:]: Creating MXSession = <ID: 2565, CoreSessionID = 1935 Name = sid:0x761ec, Runner(35319), 'prim', Muted = NO, ClientIsPlaying = STOPPED, AudioToolboxIsPlaying = STOPPED, MutePriority = MutePriority_Two, PiP = NO, DoesntActuallyPlayAudio = NO, clientType = 1, IsPlayingOutput = NO, IsPlayingVideoOutput = NO
default	16:19:42.434437-0800	audiomxd	-MXSession- -[MXSession(InternalUse) setClientType:]: MXSession with ID 2565 for CoreSession sid:0x761ec, Runner(35319), 'prim' setting ClientType = None
default	16:19:42.434700-0800	audiomxd	  ServerSessionManager.mm:315   { "action":"create_session", "session":{"ID":"0x761ef","name":"videocodecd(469)","sibling_of":"0x761ec Runner(35319)"}, "details":{"PID":469,"name":"VTCompressionSessionClient","session_type":"Sibling","source_session_ID":"0x761ec","source_session_PID":35319} }
default	16:19:42.449974-0800	Runner	<<<< AVCaptureSession >>>> -[AVCaptureSession startRunning]: (0x10b1b8170) (pthread:0x16b60b000)
default	16:19:42.450002-0800	Runner	<<<< AVCaptureSession >>>> -[AVCaptureSession _buildAndRunGraph:]: (0x10b1b8170) called. skipConfig: 0
default	16:19:42.450011-0800	Runner	<<<< AVCaptureFigVideoDevice >>>> -[AVCaptureFigVideoDevice _setActiveVideoMinFrameDurationInternal:]: [Back Camera] MinFrameDuration to set 1 / 30
default	16:19:42.450020-0800	Runner	<<<< AVCaptureFigVideoDevice >>>> -[AVCaptureFigVideoDevice _setActiveVideoMaxFrameDurationInternal:isSettingExposureModeCustom:]: [Back Camera] MaxFrameDuration to set 1 / 30
default	16:19:42.450901-0800	Runner	<<<< AVCaptureSession >>>> -[AVCaptureSession _buildAndRunGraph:]: (0x10b1b8170) New fcs config(2)
default	16:19:42.550460-0800	audiomxd	-MXSession- -[MXSession(InterfaceImpl) initWithSession:]: Creating MXSession = <ID: 2566, CoreSessionID = 1935 Name = sid:0x761ec, Runner(35319), 'prim', Muted = NO, ClientIsPlaying = STOPPED, AudioToolboxIsPlaying = STOPPED, MutePriority = MutePriority_Two, PiP = NO, DoesntActuallyPlayAudio = NO, clientType = 1, IsPlayingOutput = NO, IsPlayingVideoOutput = NO
default	16:19:42.550532-0800	audiomxd	-MXSession- -[MXSession(InternalUse) setClientType:]: MXSession with ID 2566 for CoreSession sid:0x761ec, Runner(35319), 'prim' setting ClientType = None
default	16:19:42.551285-0800	audiomxd	  ServerSessionManager.mm:315   { "action":"create_session", "session":{"ID":"0x761f0","name":"cameracaptured(77)","sibling_of":"0x761ec Runner(35319)"}, "details":{"PID":77,"name":"FigCaptureSession-35319","session_type":"Sibling","source_session_ID":"0x761ec","source_session_PID":35319} }
default	16:19:42.555166-0800	cameracaptured	<<<< AudioSessionClock >>>> FigAudioSessionClockCreate: Created new clock 0x74e4d70c0 for Input TimeObserver: 0x74f7d2320 session: <FigAudioSession(AV): 0x750c85a40 sid:0x761ec, Runner(35319), 'prim'> (core session 0x761ec) err: 0
default	16:19:42.564552-0800	tccd	AUTHREQ_ATTRIBUTION: msgID=116.2533, attribution={accessing={TCCDProcess: identifier=dev.crux.nomikai.767J38S4C2, pid=35319, auid=501, euid=501, binary_path=/private/var/containers/Bundle/Application/2FB42E62-EF39-4174-9E53-B6A7C45A0CA5/Runner.app/Runner}, requesting={TCCDProcess: identifier=com.apple.audiomxd, pid=116, auid=501, euid=501, binary_path=/usr/libexec/audiomxd}, },
default	16:19:42.564614-0800	tccd	requestor: TCCDProcess: identifier=com.apple.audiomxd, pid=116, auid=501, euid=501, binary_path=/usr/libexec/audiomxd is checking access for accessor TCCDProcess: identifier=dev.crux.nomikai.767J38S4C2, pid=35319, auid=501, euid=501, binary_path=/private/var/containers/Bundle/Application/2FB42E62-EF39-4174-9E53-B6A7C45A0CA5/Runner.app/Runner
default	16:19:42.578460-0800	Runner	AVAudioSessionNotificationManager.mm:130   -addMXNotificationListener:notificationName: session 0x761ec failed with an error: Error Domain=NSOSStatusErrorDomain Code=1701737535 "Add MX notification listener failed" UserInfo={NSLocalizedDescription=Add MX notification listener failed}
default	16:19:42.578517-0800	Runner	AVAudioSessionNotificationManager.mm:130   -addMXNotificationListener:notificationName: session 0x761ec failed with an error: Error Domain=NSOSStatusErrorDomain Code=1701737535 "Add MX notification listener failed" UserInfo={NSLocalizedDescription=Add MX notification listener failed}
default	16:19:42.578640-0800	Runner	AVAudioSessionNotificationManager.mm:130   -addMXNotificationListener:notificationName: session 0x761ec failed with an error: Error Domain=NSOSStatusErrorDomain Code=1701737535 "Add MX notification listener failed" UserInfo={NSLocalizedDescription=Add MX notification listener failed}
default	16:19:42.578953-0800	Runner	AVAudioSessionNotificationManager.mm:130   -addMXNotificationListener:notificationName: session 0x761ec failed with an error: Error Domain=NSOSStatusErrorDomain Code=1701737535 "Add MX notification listener failed" UserInfo={NSLocalizedDescription=Add MX notification listener failed}
default	16:19:42.579003-0800	Runner	AVAudioSessionNotificationManager.mm:130   -addMXNotificationListener:notificationName: session 0x761ec failed with an error: Error Domain=NSOSStatusErrorDomain Code=1701737535 "Add MX notification listener failed" UserInfo={NSLocalizedDescription=Add MX notification listener failed}
error	16:19:42.579009-0800	Runner	<<<< FigAudioSession(AV) >>>> signalled err=-19224 at <>:612
default	16:19:42.579018-0800	Runner	<<<< AudioSessionClock >>>> FigAudioSessionClockCreate: Created new clock 0x112843340 for Input TimeObserver: 0x10ef03f00 session: <FigAudioSession(AV): 0x10ef633c0 > (core session 0x0) err: 0
default	16:19:42.581855-0800	Runner	<<<< AVCaptureSession >>>> -[AVCaptureSession _makeConfigurationLive:]: (0x10b1b8170) did make configuration with ID 1 live
default	16:19:42.585778-0800	audiomxd	AudioSessionServerImpCommon.mm:475   { "action":"set_property", "session":{"ID":"0x761f0","name":"cameracaptured(77)","sibling_of":"0x761ec Runner(35319)"}, "details":{"key":"batch_properties","value":{"AudioCategory":"PlayAndRecord","AudioMode":"Default","DefaultBuiltInRoute":"Speaker"}} }
default	16:19:42.585787-0800	audiomxd	-MXSession- -[MXSession(InterfaceImpl) setPropertiesInternal:usingErrorHandlingStrategy:outPropertiesErrors:]: Session 'sid:0x761ec, Runner(35319), 'prim'' is setting properties batch
default	16:19:42.586124-0800	audiomxd	-CMSessionMgr- cmsSetAudioCategory: Client 'sid:0x761ec, Runner(35319), 'prim'' [0xbe98a6d80] set audioCategory to 'PlayAndRecord'
default	16:19:42.586355-0800	audiomxd	-CMSessionMgr- cmsSetControlFlags: Session 'sid:0x761ec, Runner(35319), 'prim'' setting control flags: required = Volume_Routing, desired = 0
default	16:19:42.586365-0800	audiomxd	-CMSessionMgr- cmsSetAudioCategory: Client 'sid:0x761ec, Runner(35319), 'prim'' [0xbe98a6d80] set audioCategory to 'PlayAndRecord_NoBluetooth_DefaultToSpeaker'
default	16:19:42.586596-0800	audiomxd	   AudioToolboxServers.mm:1040  ================= -> RoutingBehaviorChanged process 'sid:0x761ec, Runner(35319), 'prim'' =================
default	16:19:42.586751-0800	audiomxd	AudioSessionServerImpCommon.mm:475   { "action":"set_property", "session":{"ID":"0x761f0","name":"cameracaptured(77)","sibling_of":"0x761ec Runner(35319)"}, "details":{"key":"PrefersBluetoothHighQualityContentCapture","value":[0.0]} }
default	16:19:42.586771-0800	audiomxd	   AudioToolboxServers.mm:1049  ================= <- RoutingBehaviorChanged process 'sid:0x761ec, Runner(35319), 'prim'' =================
default	16:19:42.586781-0800	audiomxd	-MXSession- -[MXSession(InterfaceImpl) setPropertiesInternal:usingErrorHandlingStrategy:outPropertiesErrors:]: Session 'sid:0x761ec, Runner(35319), 'prim'' is setting properties batch
default	16:19:42.586990-0800	audiomxd	   AudioToolboxServers.mm:1040  ================= -> RoutingBehaviorChanged process 'sid:0x761ed, cameracaptured(77), 'sblg'; srcid:0x761ec, Runner(35319)' =================
default	16:19:42.587027-0800	audiomxd	AudioSessionServerImpCommon.mm:475   { "action":"set_property", "session":{"ID":"0x761f0","name":"cameracaptured(77)","sibling_of":"0x761ec Runner(35319)"}, "details":{"key":"PreferredDecoupledInputOutput","value":[1.0]} }
default	16:19:42.587034-0800	audiomxd	-MXSession- -[MXSession(InterfaceImpl) setOrderedPropertiesInternal:usingErrorHandlingStrategy:outPropertiesErrors:]: Session 'sid:0x761ec, Runner(35319), 'prim'' is setting ordered properties batch
default	16:19:42.587146-0800	audiomxd	   AudioToolboxServers.mm:1049  ================= <- RoutingBehaviorChanged process 'sid:0x761ed, cameracaptured(77), 'sblg'; srcid:0x761ec, Runner(35319)' =================
default	16:19:42.587196-0800	audiomxd	-CMSMNotificationUtilities- CMSMNotificationUtility_PostSessionAudioCategoryDidChange_block_invoke: Posting AudioCategoryDidChange to session 'sid:0x761ec, Runner(35319), 'prim'', AudioCategory changed to 'PlayAndRecord_NoBluetooth_DefaultToSpeaker'
default	16:19:42.587203-0800	audiomxd	-CMSessionMgr- MXCoreSessionSetProperty: Session sid:0x761ec, Runner(35319), 'prim' setting preferredDecoupledInputOutput to 1
default	16:19:42.587227-0800	audiomxd	   AudioToolboxServers.mm:1040  ================= -> RoutingBehaviorChanged process 'sid:0x761ef, videocodecd(469), 'sblg'; srcid:0x761ec, Runner(35319)' =================
default	16:19:42.587331-0800	audiomxd	   AudioToolboxServers.mm:1049  ================= <- RoutingBehaviorChanged process 'sid:0x761ef, videocodecd(469), 'sblg'; srcid:0x761ec, Runner(35319)' =================
default	16:19:42.587352-0800	audiomxd	   AudioToolboxServers.mm:1040  ================= -> RoutingBehaviorChanged process 'sid:0x761f0, cameracaptured(77), 'sblg'; srcid:0x761ec, Runner(35319)' =================
default	16:19:42.587457-0800	audiomxd	AudioSessionServerImpCommon.mm:475   { "action":"set_property", "session":{"ID":"0x761f0","name":"cameracaptured(77)","sibling_of":"0x761ec Runner(35319)"}, "details":{"key":"PreferredInputSampleRate","value":[48000.0]} }
default	16:19:42.587497-0800	audiomxd	-MXSession- -[MXSession(InterfaceImpl) setOrderedPropertiesInternal:usingErrorHandlingStrategy:outPropertiesErrors:]: Session 'sid:0x761ec, Runner(35319), 'prim'' is setting ordered properties batch
default	16:19:42.587533-0800	audiomxd	   AudioToolboxServers.mm:1049  ================= <- RoutingBehaviorChanged process 'sid:0x761f0, cameracaptured(77), 'sblg'; srcid:0x761ec, Runner(35319)' =================
default	16:19:42.587599-0800	audiomxd	-CMSessionMgr- MXCoreSessionSetProperty: Client sid:0x761ec, Runner(35319), 'prim' [0xbe98a6d80] setting PreferredInputSampleRate to 48000
default	16:19:42.587639-0800	audiomxd	AudioSessionServerImpCommon.mm:475   { "action":"set_property", "session":{"ID":"0x761f0","name":"cameracaptured(77)","sibling_of":"0x761ec Runner(35319)"}, "details":{"key":"AudioHardwareControlFlags","value":[1048578.0]} }
default	16:19:42.587652-0800	audiomxd	-MXSession- -[MXSession(InterfaceImpl) setOrderedPropertiesInternal:usingErrorHandlingStrategy:outPropertiesErrors:]: Session 'sid:0x761ec, Runner(35319), 'prim'' is setting ordered properties batch
default	16:19:42.587672-0800	audiomxd	-CMSessionMgr- cmsSetControlFlags: Session 'sid:0x761ec, Runner(35319), 'prim'' setting control flags: required = Routing, desired = Volume
default	16:19:42.587706-0800	audiomxd	AudioSessionServerImpCommon.mm:475   { "action":"set_property", "session":{"ID":"0x761f0","name":"cameracaptured(77)","sibling_of":"0x761ec Runner(35319)"}, "details":{"key":"InputGainScalar","value":{"Unsupported data type":"NSNull"}} }
default	16:19:42.587762-0800	audiomxd	-MXSession- -[MXSession(InterfaceImpl) setPropertiesInternal:usingErrorHandlingStrategy:outPropertiesErrors:]: Session 'sid:0x761ec, Runner(35319), 'prim'' is setting properties batch
default	16:19:42.588438-0800	audiomxd	AudioSessionServerImpCommon.mm:475   { "action":"set_property", "session":{"ID":"0x761f0","name":"cameracaptured(77)","sibling_of":"0x761ec Runner(35319)"}, "details":{"key":"PreferredInputs","value":{"Unsupported data type":"NSNull"}} }
default	16:19:42.588488-0800	audiomxd	-MXSession- -[MXSession(InterfaceImpl) setPropertiesInternal:usingErrorHandlingStrategy:outPropertiesErrors:]: Session 'sid:0x761ec, Runner(35319), 'prim'' is setting properties batch
default	16:19:42.588526-0800	audiomxd	-CMSessionMgr- MXCoreSessionSetProperty: Client sid:0x761ec, Runner(35319), 'prim' [0xbe98a6d80] setting PreferredInputs to (null)
default	16:19:42.588609-0800	audiomxd	AudioSessionServerImp_iOS.mm:902   { "action":"activate", "session":{"ID":"0x761f0","name":"cameracaptured(77)","sibling_of":"0x761ec Runner(35319)"}, "details":{"->":"entry","controlling_PID":77} }
default	16:19:42.588716-0800	audiomxd	-MXSession- -[MXSession(InternalUse) setInterruptionCalledOffAudioControlQueue:]: Setting InterruptionCalledOffACQ for sid:0x761ec, Runner(35319), 'prim' to YES
default	16:19:42.589035-0800	audiomxd	-MXCoreSessionBase- -[MXCoreSessionBase willRouteToOnDemandVADOnActivation:]: Will session sid:0x761ec, Runner(35319), 'prim' [0xbe98a6d80] with info {
    category = PlayAndRecord;
    "default to speaker" = 1;
    "disallow hfp" = 1;
    mode = Default;
    "session id" = 483820;
    "session priority" = 0;
} route to an on-demand VAD? NO
default	16:19:42.589107-0800	audiomxd	-CMSessionMgr- cmsSetIsActive: Resetting start and stop play time for client session sid:0x761ec, Runner(35319), 'prim' current active state NO new active state YES
default	16:19:42.589118-0800	audiomxd	-CMSessionMgr- cmsSetIsActive:5522 'sid:0x761ec, Runner(35319), 'prim'' with [PlayAndRecord_NoBluetooth_DefaultToSpeaker/Default] [NonMixable] [System Audio] siriEndpointID: (null) going active NowPlayingApp:NO IsSharedAVAudioSessionInstance:YES
default	16:19:42.590377-0800	audiomxd	-MXCoreSessionBase- -[MXCoreSessionBase willRouteToOnDemandVADOnActivation:]: Will session sid:0x761ec, Runner(35319), 'prim' [0xbe98a6d80] with info {
    category = PlayAndRecord;
    "default to speaker" = 1;
    "disallow hfp" = 1;
    mode = Default;
    "session id" = 483820;
    "session priority" = 0;
} route to an on-demand VAD? NO
default	16:19:42.590452-0800	audiomxd	-CMSUtilities- CMSUtility_SendSessionStateAndVolumeReportToAudioStatistics: Starting reporter for session : sid:0x761ec, Runner(35319), 'prim', reporter id = 498216208376
default	16:19:42.590928-0800	audiomxd	-MXCoreSessionBase- -[MXCoreSessionBase willRouteToOnDemandVADOnActivation:]: Will session sid:0x761ec, Runner(35319), 'prim' [0xbe98a6d80] with info {
    category = PlayAndRecord;
    "default to speaker" = 1;
    "disallow hfp" = 1;
    mode = Default;
    "session id" = 483820;
    "session priority" = 0;
} route to an on-demand VAD? NO
default	16:19:42.591011-0800	audiomxd	-MXCoreSession_Embedded- -[MXCoreSession sendSessionConfigurationInfoToVA]: Skipping sending session configuration to VA for client sid:0x761ec, Runner(35319), 'prim'
default	16:19:42.591134-0800	audiomxd	-MXCoreSessionBase- -[MXCoreSessionBase willRouteToOnDemandVADOnActivation:]: Will session sid:0x761ec, Runner(35319), 'prim' [0xbe98a6d80] with info {
    category = PlayAndRecord;
    "default to speaker" = 1;
    "disallow hfp" = 1;
    mode = Default;
    "session id" = 483820;
    "session priority" = 0;
} route to an on-demand VAD? NO
default	16:19:42.591141-0800	audiomxd	-CMSessionMgr- cmsTakeControl: Session 'sid:0x761ec, Runner(35319), 'prim'' setting currentlyControllingFlags to 0x12; requires Volume_Routing; desires 0;
default	16:19:42.591151-0800	audiomxd	-CMSessionMgr- cmsmGetAudioConfigurationsControlSessions: playingAudioFormatAndOutputSampleRateControlSession=(null) activeAudioFormatAndOutputSampleRateControlSession=sid:0x761ec, Runner(35319), 'prim' activeAndDoesntActuallyPlayAudioFormatAndOutputSampleRateControlSession=(null) inputSampleRateAndBufferSizeControlSession=sid:0x761ec, Runner(35319), 'prim'
default	16:19:42.591278-0800	audiomxd	-CMSUtilities- CMSUtility_CopyDeviceHintsForSession: Client sid:0x761ec, Runner(35319), 'prim': preferredOutputSampleRate = 44100.000000, preferredIOBufferFrames = 0, preferredIOBufferDuration = 0.023000, preferredOutputSampleRatePointer = 0xbe98a70d8, getPreferredIOBufferFramesPointer = 0xbe98a6f60 preferBufferDuration=YES
default	16:19:42.591315-0800	audiomxd	-CMSessionMgr- cmsSetCategoryOnPVMAndAudioDevice: Session sid:0x761ec, Runner(35319), 'prim' is active, routing to the input device preferred by the app
default	16:19:42.591402-0800	audiomxd	-CMSMNotificationUtilities- CMSMNotificationUtility_PostSessionAudioCategoryDidChange_block_invoke: Posting AudioCategoryDidChange to session 'sid:0x761ec, Runner(35319), 'prim'', AudioCategory changed to 'PlayAndRecord_NoBluetooth_DefaultToSpeaker'
default	16:19:42.620611-0800	audiomxd	-CMSMNotificationUtilities- CMSMNotificationUtility_PostIsRecordingMutedDidChange_block_invoke: Notifying client <ID: 1935, PID = 35319, Name = sid:0x761ec, Runner(35319), 'prim', BundleID = dev.crux.nomikai.767J38S4C2, Category = PlayAndRecord_NoBluetooth_DefaultToSpeaker, Mode = Default, Active = YES, Playing = NO, Recording = NO> that isRecordingMuted with payload = {
    Muted = 0;
}
default	16:19:42.620696-0800	audiomxd	AudioApplicationInfoImpl.mm:560   AudioApp input mute state unchanged by session 0x761ec change
	app: {"name":"[implicit] Runner","pid":35319}
	AudioApp.isInputMuted: UNMUTED
[ 
	{ sessionID: 0x761ec, sessionType: 'prim', isRecording: false, isInputMuted: false, isConsideredInAppMuteState: true }, 
	{ sessionID: 0x761ee, sessionType: 'auxi', isRecording: false, isInputMuted: false, isConsideredInAppMuteState: false }, 
]
default	16:19:42.624402-0800	audiomxd	-CMSessionMgr- cmsmGetAudioConfigurationsControlSessions: playingAudioFormatAndOutputSampleRateControlSession=(null) activeAudioFormatAndOutputSampleRateControlSession=sid:0x761ec, Runner(35319), 'prim' activeAndDoesntActuallyPlayAudioFormatAndOutputSampleRateControlSession=(null) inputSampleRateAndBufferSizeControlSession=sid:0x761ec, Runner(35319), 'prim'
default	16:19:42.629643-0800	audiomxd	-CMSessionMgr- cmsSetDeviceSampleRateAndBufferSize: Client sid:0x761ec, Runner(35319), 'prim' setting sampleRate = 48000.000, bufferFrames = 0, bufferDuration = 0.023, scope = input device FormatID = mcpl for VirtualAudioDevice_DecoupledInput
default	16:19:42.630417-0800	audiomxd	-CMSUtilities- CMSUtility_UpdatePlaybackVolume: Setting volume without ramp on VAD: VirtualAudioDevice_Default for session sid:0x761ec, Runner(35319), 'prim'
default	16:19:42.638767-0800	audiomxd	-MXCoreSessionBase- -[MXCoreSessionBase willRouteToOnDemandVADOnActivation:]: Will session sid:0x761ec, Runner(35319), 'prim' [0xbe98a6d80] with info {
    category = PlayAndRecord;
    "default to speaker" = 1;
    "disallow hfp" = 1;
    mode = Default;
    "session id" = 483820;
    "session priority" = 0;
} route to an on-demand VAD? NO
default	16:19:42.638782-0800	audiomxd	-MXCoreSession_Embedded- -[MXCoreSession sendSessionConfigurationInfoToVA]: Skipping sending session configuration to VA for client sid:0x761ec, Runner(35319), 'prim'
default	16:19:42.638797-0800	audiomxd	-CMSUtilities- CMSUtility_UpdatePlaybackVolume: Setting volume without ramp on VAD: VirtualAudioDevice_Default for session sid:0x761ec, Runner(35319), 'prim'
default	16:19:42.638896-0800	Runner	<<<< AVInputContext (FigRoutingContext) >>>> AVFigVolumeControllerMainVolumeDidChange: called (routingContextID=<private>)
default	16:19:42.639583-0800	audiomxd	-FigRouteDiscoverer- FigRouteDiscoveryManagerStoreDiscoverer_block_invoke: Registered discoverer of type AudioInput uuid=524FC481-BA7F-4E8F-BBB6-9B37407EC14B pid=35319 clientName=Runner
default	16:19:42.640491-0800	audiomxd	-MXSession- -[MXSession(InternalUse) setInterruptionCalledOffAudioControlQueue:]: Setting InterruptionCalledOffACQ for sid:0x761ec, Runner(35319), 'prim' to NO
default	16:19:42.640629-0800	audiomxd	   AudioToolboxServers.mm:1040  ================= -> RoutingBehaviorChanged process 'sid:0x761ec, Runner(35319), 'prim'' =================
default	16:19:42.640640-0800	audiomxd	AudioSessionServerImp_iOS.mm:981   { "action":"activate", "session":{"ID":"0x761f0","name":"cameracaptured(77)","sibling_of":"0x761ec Runner(35319)"}, "details":{"->":"exit","controlling_PID":77} }
default	16:19:42.640775-0800	audiomxd	   AudioToolboxServers.mm:1049  ================= <- RoutingBehaviorChanged process 'sid:0x761ec, Runner(35319), 'prim'' =================
default	16:19:42.640824-0800	audiomxd	AudioSessionServerImpCommon.mm:475   { "action":"set_property", "session":{"ID":"0x761f0","name":"cameracaptured(77)","sibling_of":"0x761ec Runner(35319)"}, "details":{"key":"CameraParameters","value":{"camera capture is audio only":0,"camera real time dynamics":1,"camera wind suppression":0}} }
default	16:19:42.641036-0800	audiomxd	   AudioToolboxServers.mm:1040  ================= -> RoutingBehaviorChanged process 'sid:0x761ed, cameracaptured(77), 'sblg'; srcid:0x761ec, Runner(35319)' =================
default	16:19:42.641396-0800	audiomxd	   AudioToolboxServers.mm:1049  ================= <- RoutingBehaviorChanged process 'sid:0x761ed, cameracaptured(77), 'sblg'; srcid:0x761ec, Runner(35319)' =================
default	16:19:42.641413-0800	audiomxd	   AudioToolboxServers.mm:1040  ================= -> RoutingBehaviorChanged process 'sid:0x761ef, videocodecd(469), 'sblg'; srcid:0x761ec, Runner(35319)' =================
default	16:19:42.641522-0800	audiomxd	   AudioToolboxServers.mm:1049  ================= <- RoutingBehaviorChanged process 'sid:0x761ef, videocodecd(469), 'sblg'; srcid:0x761ec, Runner(35319)' =================
default	16:19:42.641577-0800	audiomxd	   AudioToolboxServers.mm:1040  ================= -> RoutingBehaviorChanged process 'sid:0x761f0, cameracaptured(77), 'sblg'; srcid:0x761ec, Runner(35319)' =================
default	16:19:42.642071-0800	audiomxd	   AudioToolboxServers.mm:1049  ================= <- RoutingBehaviorChanged process 'sid:0x761f0, cameracaptured(77), 'sblg'; srcid:0x761ec, Runner(35319)' =================
default	16:19:42.642528-0800	Runner	<<<< AVInputContext >>>> -[AVInputContext inputContextImplDidChangeInputGain:]: Posting AVInputContextInputGainDidChangeNotification for context=0x10b1b9320
default	16:19:42.643162-0800	Runner	<<<< AVInputContext (FigRoutingContext) >>>> AVFigRoutingContextSystemAudioRouteConfigUpdated:  called (context=0x10b1b9320, routeConfigUpdateID=11433859826915, reason=configUpdateReasonEndedBottomUpRouteChange, initiator=(null) errorString=(null), deviceID=<private>, previousDeviceIDs=<private>, deviceID provided?=NO, previous deviceIDs provided?=NO
default	16:19:42.643173-0800	Runner	<<<< AVInputContext >>>> -[AVInputContext inputContextImpl:didChangeInputDeviceWithInitiator:]: Posting AVInputContextInputDeviceDidChangeNotification with initiator (null) for context=0x10b1b9320
default	16:19:42.653960-0800	Runner	<<<< AVInputDevice (FigRouteDescriptor) >>>> AVInputDeviceGetDeviceTypeAndSubTypeFromRouteDescriptor: AudioRouteName is MicrophoneBuiltIn, BT Endpoint is (null)
default	16:19:42.653970-0800	Runner	<<<< AVInputDevice (FigRouteDescriptor) >>>> AVInputDeviceGetDeviceTypeAndSubTypeFromRouteDescriptor: AudioRouteName is MicrophoneBuiltIn, BT Endpoint is (null)
default	16:19:42.653995-0800	Runner	<<<< AVCaptureFigAudioDevice >>>> -[AVCaptureFigAudioDevice _updateStateForInputDevice:]: [Routing] 0x10b17d500 new inputDevice: <private>
default	16:19:42.654169-0800	audiomxd	-MXSession- -[MXSession(InterfaceImpl) setPropertiesInternal:usingErrorHandlingStrategy:outPropertiesErrors:]: Session 'sid:0x761ec, Runner(35319), 'prim'' is setting properties batch
default	16:19:42.654277-0800	audiomxd	AudioSessionServerImpCommon.mm:475   { "action":"set_property", "session":{"ID":"0x761f0","name":"cameracaptured(77)","sibling_of":"0x761ec Runner(35319)"}, "details":{"key":"DoNotResetAudioCategoryOnNextInactive","value":[0.0]} }
default	16:19:42.654290-0800	audiomxd	-MXSession- -[MXSession(InterfaceImpl) setPropertiesInternal:usingErrorHandlingStrategy:outPropertiesErrors:]: Session 'sid:0x761ec, Runner(35319), 'prim'' is setting properties batch
default	16:19:42.655819-0800	audiomxd	AudioSessionServerImpPlayState.mm:365   { "action":"set_play_state", "session":{"ID":"0x761f0","name":"cameracaptured(77)","sibling_of":"0x761ec Runner(35319)"}, "details":"entry" }
error	16:19:42.656193-0800	audiomxd	AudioApplicationInfoImpl.mm:388   Failed to update AudioApp recording state for session 0x761f0, error: Error Domain=NSOSStatusErrorDomain Code=2003329396 "Unable to find session 0x761f0 in session map" UserInfo={NSLocalizedDescription=Unable to find session 0x761f0 in session map}. (app: {"name":"[implicit] Runner","pid":35319})
default	16:19:42.656282-0800	audiomxd	AudioSessionServerImpPlayState.mm:715   { "action":"set_play_state", "session":{"ID":"0x761f0","name":"cameracaptured(77)","sibling_of":"0x761ec Runner(35319)"}, "details":{"IOs":[0,0,0,0,0],"IsRecording":false,"IsRecordingMuted":false,"IsRecordingMutedForRemoteDevice":false,"active":true,"modes":" Input","player":"0xbe987b000","state":"Priming","type":"Remote IO"} }
default	16:19:42.657294-0800	audiomxd	AudioSessionServerImpPlayState.mm:365   { "action":"set_play_state", "session":{"ID":"0x761f0","name":"cameracaptured(77)","sibling_of":"0x761ec Runner(35319)"}, "details":"entry" }
error	16:19:42.658292-0800	audiomxd	AudioApplicationInfoImpl.mm:388   Failed to update AudioApp recording state for session 0x761f0, error: Error Domain=NSOSStatusErrorDomain Code=2003329396 "Unable to find session 0x761f0 in session map" UserInfo={NSLocalizedDescription=Unable to find session 0x761f0 in session map}. (app: {"name":"[implicit] Runner","pid":35319})
default	16:19:42.659272-0800	audiomxd	AudioSessionServerImpPlayState.mm:715   { "action":"set_play_state", "session":{"ID":"0x761f0","name":"cameracaptured(77)","sibling_of":"0x761ec Runner(35319)"}, "details":{"IOs":[0,0,0,0,0],"IsRecording":false,"IsRecordingMuted":false,"IsRecordingMutedForRemoteDevice":false,"active":true,"modes":" Input","player":"0xbe987b000","state":"Priming","type":"Remote IO"} }
default	16:19:42.659387-0800	Runner	<<<< AVInputDevice (FigRouteDescriptor) >>>> AVInputDeviceGetDeviceTypeAndSubTypeFromRouteDescriptor: AudioRouteName is MicrophoneBuiltIn, BT Endpoint is (null)
default	16:19:42.659406-0800	Runner	<<<< AVInputDevice (FigRouteDescriptor) >>>> AVInputDeviceGetDeviceTypeAndSubTypeFromRouteDescriptor: AudioRouteName is MicrophoneBuiltIn, BT Endpoint is (null)
default	16:19:42.659540-0800	Runner	<<<< AVCaptureFigAudioDevice >>>> -[AVCaptureFigAudioDevice _updateStateForInputDevice:]: [Routing] 0x10b17d500 discoverySession:[0] <private>
default	16:19:42.660535-0800	audiomxd	AudioSessionServerImpPlayState.mm:365   { "action":"set_play_state", "session":{"ID":"0x761f0","name":"cameracaptured(77)","sibling_of":"0x761ec Runner(35319)"}, "details":"entry" }
default	16:19:42.660645-0800	audiomxd	-MXSession- -[MXSession(InterfaceImpl) setPropertyForKeyInternal:value:fromPropertiesBatch:]: MXSession(2566) of type None belonging to CoreSession(sid:0x761ec, Runner(35319), 'prim'): mClientIsPlaying = STOPPED, mAudioToolboxIsPlaying = PLAYING
default	16:19:42.660671-0800	audiomxd	-MXSession- -[MXSession(InternalUse) setIsPlaying:]: Setting mIsPlaying to PLAYING for MXSession(2566) of type None belonging to CoreSession(sid:0x761ec, Runner(35319), 'prim').
default	16:19:42.660687-0800	audiomxd	-MXSession- +[MXSession(InternalUse) updateIsPlaying:]: Setting SomeMXSessionIsPlaying on CoreSession[sid:0x761ec, Runner(35319), 'prim'] to: YES; AudioSessionPlaying : NO, FigPlayerPlaying: NO, FigSBARPlaying : NO
default	16:19:42.660825-0800	audiomxd	-CMSUtilities- CMSUtility_GetCurrentConsolidatedPlayingState: client 'sid:0x761ec, Runner(35319), 'prim'': SomeMXSessionIsPlaying = PLAYING, ClientIsPlaying = STOPPED, HapticEngineIsPlaying = STOPPED
default	16:19:42.660865-0800	audiomxd	-CMSessionMgr- cmsSetIsPlaying:6427 'sid:0x761ec, Runner(35319), 'prim'' with [PlayAndRecord_NoBluetooth_DefaultToSpeaker/Default] [NonMixable] [System Audio] starting playing to output VAD: VirtualAudioDevice_Default and input VAD: VirtualAudioDevice_DecoupledInput. Ringer switch state: Device is not silenced, Session is unmuted. RoutingContextUUID=<private> NowPlayingApp:NO IsPlayingOutput:NO IsSharedAVAudioSessionInstance:YES
default	16:19:42.661694-0800	Runner	[0x10ed6fd40] activating connection: mach=true listener=false peer=false name=com.apple.audio.AudioComponentRegistrar
default	16:19:42.661727-0800	audiomxd	-CMSUtilities- CMSUtility_RouteToPreferredRouteIfRequired: Not routing via PreferredRoute for client sid:0x761ec, Runner(35319), 'prim' for reason SessionStartedPlaying because: TipiPriorityIsEligibleForPreferredRoute 0; IsEligibleForBTSmartRoutingConsideration 1; ActuallyPlaysAudio 1; SessionRouteEligibleForTipi 1; tipiRouteIsAvailableAndInEar 0; IsBluetoothSharingSessionEnabledForMediaPlayback 1 tipiPriority 100
default	16:19:42.661770-0800	audiomxd	-MXCoreSessionBase- -[MXCoreSessionBase willRouteToOnDemandVADOnActivation:]: Will session sid:0x761ec, Runner(35319), 'prim' [0xbe98a6d80] with info {
    category = PlayAndRecord;
    "default to speaker" = 1;
    "disallow hfp" = 1;
    mode = Default;
    "session id" = 483820;
    "session priority" = 0;
} route to an on-demand VAD? NO
default	16:19:42.661797-0800	audiomxd	-CMSessionMgr- cmsTakeControl: Session 'sid:0x761ec, Runner(35319), 'prim'' setting currentlyControllingFlags to 0x12; requires Volume_Routing; desires 0;
default	16:19:42.661804-0800	audiomxd	-CMSessionMgr- cmsmGetAudioConfigurationsControlSessions: playingAudioFormatAndOutputSampleRateControlSession=sid:0x761ec, Runner(35319), 'prim' activeAudioFormatAndOutputSampleRateControlSession=(null) activeAndDoesntActuallyPlayAudioFormatAndOutputSampleRateControlSession=(null) inputSampleRateAndBufferSizeControlSession=sid:0x761ec, Runner(35319), 'prim'
default	16:19:42.661982-0800	audiomxd	-CMSUtilities- CMSUtility_CopyDeviceHintsForSession: Client sid:0x761ec, Runner(35319), 'prim': preferredOutputSampleRate = 44100.000000, preferredIOBufferFrames = 0, preferredIOBufferDuration = 0.023000, preferredOutputSampleRatePointer = 0xbe98a70d8, getPreferredIOBufferFramesPointer = 0xbe98a6f60 preferBufferDuration=YES
default	16:19:42.662009-0800	audiomxd	-CMSessionMgr- cmsSetCategoryOnPVMAndAudioDevice: Session sid:0x761ec, Runner(35319), 'prim' is active, routing to the input device preferred by the app
default	16:19:42.662722-0800	Runner	AudioComponentPluginMgr.mm:1117  component registrations changed
default	16:19:42.662729-0800	Runner	AudioComponentPluginMgr.mm:906   First wildcard component search: acdc/lpcm/0
default	16:19:42.678821-0800	audiomxd	-CMSUtilities- CMSUtility_UpdatePlaybackVolume: Setting volume without ramp on VAD: VirtualAudioDevice_Default for session sid:0x761ec, Runner(35319), 'prim'
default	16:19:42.679229-0800	audiomxd	-MXCoreSessionBase- -[MXCoreSessionBase willRouteToOnDemandVADOnActivation:]: Will session sid:0x761ec, Runner(35319), 'prim' [0xbe98a6d80] with info {
    category = PlayAndRecord;
    "default to speaker" = 1;
    "disallow hfp" = 1;
    mode = Default;
    "session id" = 483820;
    "session priority" = 0;
} route to an on-demand VAD? NO
default	16:19:42.679256-0800	audiomxd	-MXCoreSession_Embedded- -[MXCoreSession sendSessionConfigurationInfoToVA]: Skipping sending session configuration to VA for client sid:0x761ec, Runner(35319), 'prim'
default	16:19:42.679275-0800	audiomxd	-CMSUtilities- CMSUtility_UpdatePlaybackVolume: Setting volume without ramp on VAD: VirtualAudioDevice_Default for session sid:0x761ec, Runner(35319), 'prim'
default	16:19:42.680923-0800	runningboardd	Acquiring assertion targeting [app<dev.crux.nomikai.767J38S4C2(8AD42386-AE74-4851-A38C-6FF2DD6A3B72)>:35319] from originator [osservice<com.apple.audiomxd>:116] with description <RBSAssertionDescriptor| "audiomxd(116).2026.02.28_16:19:42:1942.MediaExperience.35319."dev.crux.nomikai.767J38S4C2"."sid:0x761ec, Runner(35319), 'prim'"."PlayAndRecord_NoBluetooth_DefaultToSpeaker".isPlayingProcessAssertion" ID:40-116-524465 target:35319 attributes:[
	<RBSDomainAttribute| domain:"com.apple.mediaexperience" name:"MediaPlayback" sourceEnvironment:"(null)">
	]>
default	16:19:42.688997-0800	audiomxd	-MX_RunningBoardServices- mx_runningBoardServices_createAndStoreAssertionForPIDWithInvalidationHandler: Creating assertion for pid 35319 with name MediaPlayback and explanation MediaExperience.35319."dev.crux.nomikai.767J38S4C2"."sid:0x761ec, Runner(35319), 'prim'"."PlayAndRecord_NoBluetooth_DefaultToSpeaker".isPlayingProcessAssertion
default	16:19:42.689136-0800	audiomxd	-MX_RunningBoardServices- mx_runningBoardServices_createAssertionForTarget:721 Created assertion 0xbe83e7cc0 audiomxd(116).2026.02.28_16:19:42:1942.MediaExperience.35319."dev.crux.nomikai.767J38S4C2"."sid:0x761ec, Runner(35319), 'prim'"."PlayAndRecord_NoBluetooth_DefaultToSpeaker".isPlayingProcessAssertion for target 35319
default	16:19:42.690443-0800	audiomxd	-MXSession- -[MXSession(InternalUse) updateBadgeType]: Session <ID: 1935, PID = 35319, Name = sid:0x761ec, Runner(35319), 'prim', BundleID = dev.crux.nomikai.767J38S4C2, Category = PlayAndRecord_NoBluetooth_DefaultToSpeaker, Mode = Default, Active = YES, Playing = YES, Recording = NO> is not applicable for nowPlaying consideration, badgeType does not apply.
default	16:19:42.690589-0800	audiomxd	-MXSession- -[MXSession(InternalUse) setIsRecording:]: Setting mIsRecording to RECORDING for MXSession(2566) of type None belonging to CoreSession(sid:0x761ec, Runner(35319), 'prim').
default	16:19:42.690598-0800	audiomxd	-MXSession- +[MXSession(InternalUse) updateIsRecording:]: Setting IsRecording on CoreSession[sid:0x761ec, Runner(35319), 'prim'] to: YES; AudioSessionRecording : NO, FigPlayerRecording: NO, FigSBARRecording : NO
default	16:19:42.690613-0800	audiomxd	-MX_SystemStatus- MX_SystemStatus_PublishRecordingClientsInfo: Creating ST attribution info object with ActiveEntity dev.crux.nomikai.767J38S4C2 executablepath: /private/var/containers/Bundle/Application/2FB42E62-EF39-4174-9E53-B6A7C45A0CA5/Runner.app/Runner
default	16:19:42.690654-0800	audiomxd	-CMSUtilities- CMSUtility_SetIsRecording: Client sid:0x761ec, Runner(35319), 'prim' has started recording
default	16:19:42.690668-0800	audiomxd	-MXCoreSessionBase- -[MXCoreSessionBase willRouteToOnDemandVADOnActivation:]: Will session sid:0x761ec, Runner(35319), 'prim' [0xbe98a6d80] with info {
    category = PlayAndRecord;
    "default to speaker" = 1;
    "disallow hfp" = 1;
    mode = Default;
    "session id" = 483820;
    "session priority" = 0;
} route to an on-demand VAD? NO
error	16:19:42.691592-0800	kernel	Sandbox: audiomxd(116) deny(1) file-read-metadata /private/var/containers/Bundle/Application/2FB42E62-EF39-4174-9E53-B6A7C45A0CA5/Runner.app/Runner
default	16:19:42.691701-0800	Runner	<<<< AVCaptureSession >>>> -[AVCaptureSession _setRunning:]: (0x10b1b8170) posting AVCaptureSessionDidStartRunningNotification
default	16:19:42.691715-0800	Runner	flutter: [2026-02-28T16:19:42.687268] DEBUG: Native capture initialized (audioOnly=false).
error	16:19:42.691760-0800	audiomxd	AudioApplicationInfoImpl.mm:388   Failed to update AudioApp recording state for session 0x761f0, error: Error Domain=NSOSStatusErrorDomain Code=2003329396 "Unable to find session 0x761f0 in session map" UserInfo={NSLocalizedDescription=Unable to find session 0x761f0 in session map}. (app: {"name":"[implicit] Runner","pid":35319})
default	16:19:42.691783-0800	audiomxd	  AudioApplicationInfo.mm:232   Forcing input mute notification UNMUTED  { {"name":"[implicit] Runner","pid":35319} }
default	16:19:42.691798-0800	audiomxd	AudioSessionServerImpPlayState.mm:715   { "action":"set_play_state", "session":{"ID":"0x761f0","name":"cameracaptured(77)","sibling_of":"0x761ec Runner(35319)"}, "details":{"IOs":[1,0,0,0,0],"IsRecording":true,"IsRecordingMuted":false,"IsRecordingMutedForRemoteDevice":false,"active":true,"modes":" Input","player":"0xbe987b000","state":"Started","type":"Remote IO"} }
default	16:19:42.691869-0800	audiomxd	AudioSessionServerImpPlayState.mm:129   { "action":"setMicrophoneMonitorState", "session":{"ID":"0x761f0","name":"cameracaptured(77)","sibling_of":"0x761ec Runner(35319)"}, "details":{"microphone_state":true} }
default	16:19:42.692684-0800	Runner	flutter: [2026-02-28T16:19:42.687373] DEBUG: Sender handshake timeout armed for 5s (dest=192.168.0.191:9292)
default	16:19:42.692698-0800	Runner	flutter: [2026-02-28T16:19:42.687388] DEBUG: Sender startup complete.
default	16:19:42.692739-0800	audiomxd	 MEDeviceStreamClient.cpp:630   AQME Device-VirtualAudioDevice_DecoupledInput: client: <RemoteIOClient@0xbe987b000(@0xbe987b038); input; sid:0x761f0, cameracaptured(77), 'sblg'; srcid:0x761ec, Runner(35319)>; adding audit token, error 0
default	16:19:42.692764-0800	audiomxd	 MEDeviceStreamClient.cpp:245   AQME Device-VirtualAudioDevice_DecoupledInput: client starting: <RemoteIOClient@0xbe987b000(@0xbe987b038); input; sid:0x761f0, cameracaptured(77), 'sblg'; srcid:0x761ec, Runner(35319)>; running count now 1
default	16:19:42.696382-0800	powerd	Process runningboardd.40 Created SystemIsActive "app<dev.crux.nomikai.767J38S4C2(8AD42386-AE74-4851-A38C-6FF2DD6A3B72)>40-116-524465:audiomxd(116).2026.02.28_16:19:42:1942.MediaExperience.35319."dev.crux.nomikai.767J38S4C2"."sid:0x761ec, Runner(35319), 'prim'"."PlayAndRecord_NoBluetooth_DefaultToSpeaker".isPlayingProcessAssertion" age:00:00:00  id:51539646709 [System: PrevIdle SysAct]
default	16:19:42.704375-0800	Runner	       SessionCore_iOS.mm:342   Session 0x761ee posting AVAudioSessionAvailableOutputsChangeNotification
default	16:19:42.705341-0800	audiomxd	-CMVAEndptMgr- vaemCopyFallbackInputRouteEndpoint: Found last-in routable port 186 for session sid:0x761ec, Runner(35319), 'prim'
default	16:19:42.706372-0800	Runner	       SessionCore_iOS.mm:342   Session 0x761ec posting AVAudioSessionAvailableOutputsChangeNotification
default	16:19:42.707051-0800	Runner	       SessionCore_iOS.mm:311   Session 0x761ee posting AVAudioSessionAvailableInputsChangeNotification
default	16:19:42.707089-0800	Runner	       SessionCore_iOS.mm:315   Session 0x761ee posting AVAudioSessionAvailableOutputsChangeNotification
default	16:19:42.707113-0800	Runner	       SessionCore_iOS.mm:311   Session 0x761ec posting AVAudioSessionAvailableInputsChangeNotification
default	16:19:42.707120-0800	Runner	       SessionCore_iOS.mm:315   Session 0x761ec posting AVAudioSessionAvailableOutputsChangeNotification
default	16:19:42.712137-0800	Runner	Pixel format registry initialized. Constant classes enabled.
default	16:19:42.712569-0800	Runner	<<<< FigCaptureFrameCounter >>>> -[FigCaptureFrameCounter incrementWithPTS:]: <0x112b60460[Back Camera -> <AVCaptureVideoDataOutput: 0x10b0f2bc0>]> First frame!
default	16:19:42.713840-0800	audiomxd	-MX_SystemStatus- MX_SystemStatus_PublishRecordingClientsInfo_block_invoke: Publishing recording clients info to SystemStatus.
 RecordingClients = {(
    <STMediaStatusDomainMicrophoneRecordingAttribution: 0xbe76ce160> {
    activityAttribution = <STActivityAttribution: 0xbe76cc8a0> {
        attributedEntity = <STAttributedEntity: 0xbe83e7d80> {
            executableIdentity = <STExecutableIdentity: 0xbe83e5fc0> {
                executablePath = /private/var/containers/Bundle/Application/2FB42E62-EF39-4174-9E53-B6A7C45A0CA5/Runner.app/Runner;
                isSystemExecutable = NO;
            };
            websiteNonNil = NO;
            systemService = NO;
        };
        UUID = 84149A66-A980-4F50-BDDE-7C09194984C2;
    };
    maximumHistoryAccessed = 0.000000;
}
)} 
; MutedRecordingClients = {(
)}
default	16:19:42.728070-0800	Runner	Received state update for 35319 (app<dev.crux.nomikai.767J38S4C2(8AD42386-AE74-4851-A38C-6FF2DD6A3B72)>, unknown-NotVisible
default	16:19:42.730994-0800	Runner	cannot migrate AudioUnit assets for current process
default	16:19:42.734801-0800	Runner	flutter: DEBUG: Dart received VIDEO chunk: 4955 bytes (Keyframe: true, pts_us=476410842015, codec=0x01)
default	16:19:42.734810-0800	Runner	flutter: [2026-02-28T16:19:42.734726] DEBUG: Dart received VIDEO chunk: 4955 bytes (Keyframe: true, pts_us=476410842015, codec=0x01)
default	16:19:42.744223-0800	Runner	flutter: pushVideoFrame failed: AnyhowException(sender is not active; call start_sankaku_sender first

Stack backtrace:
   0: std::backtrace::Backtrace::create
   1: std::backtrace::Backtrace::capture
   2: rust_lib_nomikai::api::simple::push_video_frame
   3: flutter_rust_bridge::misc::panic_backtrace::PanicBacktrace::catch_unwind
   4: <F as threadpool::FnBox>::call_box
   5: std::sys::backtrace::__rust_begin_short_backtrace
   6: core::ops::function::FnOnce::call_once{{vtable.shim}}
   7: std::sys::thread::unix::Thread::new::thread_start
   8: <unknown>)
default	16:19:42.744237-0800	Runner	flutter: [2026-02-28T16:19:42.742876] pushVideoFrame failed: AnyhowException(sender is not active; call start_sankaku_sender first

Stack backtrace:
   0: std::backtrace::Backtrace::create
   1: std::backtrace::Backtrace::capture
   2: rust_lib_nomikai::api::simple::push_video_frame
   3: flutter_rust_bridge::misc::panic_backtrace::PanicBacktrace::catch_unwind
   4: <F as threadpool::FnBox>::call_box
   5: std::sys::backtrace::__rust_begin_short_backtrace
   6: core::ops::function::FnOnce::call_once{{vtable.shim}}
   7: std::sys::thread::unix::Thread::new::thread_start
   8: <unknown>)
default	16:19:42.746402-0800	Runner	flutter: DEBUG: Dart received VIDEO chunk: 4343 bytes (Keyframe: false, pts_us=476410875343, codec=0x01)
default	16:19:42.746443-0800	Runner	flutter: [2026-02-28T16:19:42.743060] DEBUG: Dart received VIDEO chunk: 4343 bytes (Keyframe: false, pts_us=476410875343, codec=0x01)
default	16:19:42.747076-0800	Runner	flutter: pushVideoFrame failed: AnyhowException(sender is not active; call start_sankaku_sender first

Stack backtrace:
   0: std::backtrace::Backtrace::create
   1: std::backtrace::Backtrace::capture
   2: rust_lib_nomikai::api::simple::push_video_frame
   3: flutter_rust_bridge::misc::panic_backtrace::PanicBacktrace::catch_unwind
   4: <F as threadpool::FnBox>::call_box
   5: std::sys::backtrace::__rust_begin_short_backtrace
   6: core::ops::function::FnOnce::call_once{{vtable.shim}}
   7: std::sys::thread::unix::Thread::new::thread_start
   8: <unknown>)
default	16:19:42.747144-0800	Runner	flutter: [2026-02-28T16:19:42.743448] pushVideoFrame failed: AnyhowException(sender is not active; call start_sankaku_sender first

Stack backtrace:
   0: std::backtrace::Backtrace::create
   1: std::backtrace::Backtrace::capture
   2: rust_lib_nomikai::api::simple::push_video_frame
   3: flutter_rust_bridge::misc::panic_backtrace::PanicBacktrace::catch_unwind
   4: <F as threadpool::FnBox>::call_box
   5: std::sys::backtrace::__rust_begin_short_backtrace
   6: core::ops::function::FnOnce::call_once{{vtable.shim}}
   7: std::sys::thread::unix::Thread::new::thread_start
   8: <unknown>)
default	16:19:42.747190-0800	Runner	Registered notify signal com.apple.caulk.alloc.rtdump (0)
default	16:19:42.747421-0800	Runner	       ACv2Workarounds.mm:51    dev.crux.nomikai.767J38S4C2: fix84702776_86723525_86479548_89800354_SinglePacketDesc: false
default	16:19:42.747445-0800	Runner	        ACOpusEncoder.cpp:213   (0x1128f6240) Input format:  1 ch,  48000 Hz, Float32
default	16:19:42.747457-0800	Runner	        ACOpusEncoder.cpp:216   (0x1128f6240) Output format:  1 ch,  48000 Hz, opus (0x00000000) 0 bits/channel, 0 bytes/packet, 0 frames/packet, 0 bytes/frame
default	16:19:42.747523-0800	Runner	        ACOpusEncoder.cpp:356   (0x1128f6240) @@@@ 'opus' encoder configuration: sampleRate = 48000, packetFrameSize = 960, bitRateFormat = 3, use_vbr = 1, bitrate = -1000, packetBandwidth = -1000, packetStreamChannels = 1, mCodecDelay = 312, mEncodeVBRQuality = -1, mUseInbandFEC = 0, mPacketLossPercentage = 0, mEncodeComplexity = 10, mPacketSizeLimit = 0 (bytes), application name = OPUS_APPLICATION_VOIP, bandwidth name = OPUS_AUTO
default	16:19:42.747608-0800	Runner	Registered notify signal com.apple.caulk.alloc.audiodump (0)
default	16:19:42.747734-0800	Runner	       AudioConverter.cpp:1067  Created a new in process converter -> 0x112b257a0, from  1 ch,  48000 Hz, Int16 to  1 ch,  48000 Hz, opus (0x00000000) 0 bits/channel, 0 bytes/packet, 0 frames/packet, 0 bytes/frame (actually:  1 ch,  48000 Hz, opus (0x00000000) 0 bits/channel, 0 bytes/packet, 960 frames/packet, 0 bytes/frame)
default	16:19:42.751946-0800	Runner	flutter: DEBUG: Dart received AUDIO chunk: 72 bytes (pts_us=476410909708, frames_per_packet=960, codec=0x03)
default	16:19:42.751981-0800	Runner	flutter: [2026-02-28T16:19:42.747509] DEBUG: Dart received AUDIO chunk: 72 bytes (pts_us=476410909708, frames_per_packet=960, codec=0x03)
default	16:19:42.752001-0800	Runner	flutter: pushAudioFrame failed: AnyhowException(sender is not active; call start_sankaku_sender first

Stack backtrace:
   0: std::backtrace::Backtrace::create
   1: std::backtrace::Backtrace::capture
   2: rust_lib_nomikai::api::simple::push_audio_frame
   3: flutter_rust_bridge::misc::panic_backtrace::PanicBacktrace::catch_unwind
   4: <F as threadpool::FnBox>::call_box
   5: std::sys::backtrace::__rust_begin_short_backtrace
   6: core::ops::function::FnOnce::call_once{{vtable.shim}}
   7: std::sys::thread::unix::Thread::new::thread_start
   8: <unknown>)
default	16:19:42.752080-0800	Runner	flutter: [2026-02-28T16:19:42.748026] pushAudioFrame failed: AnyhowException(sender is not active; call start_sankaku_sender first

Stack backtrace:
   0: std::backtrace::Backtrace::create
   1: std::backtrace::Backtrace::capture
   2: rust_lib_nomikai::api::simple::push_audio_frame
   3: flutter_rust_bridge::misc::panic_backtrace::PanicBacktrace::catch_unwind
   4: <F as threadpool::FnBox>::call_box
   5: std::sys::backtrace::__rust_begin_short_backtrace
   6: core::ops::function::FnOnce::call_once{{vtable.shim}}
   7: std::sys::thread::unix::Thread::new::thread_start
   8: <unknown>)
default	16:19:42.755985-0800	Runner	flutter: DEBUG: Dart received VIDEO chunk: 2923 bytes (Keyframe: false, pts_us=476410908671, codec=0x01)
default	16:19:42.755992-0800	Runner	flutter: [2026-02-28T16:19:42.755071] DEBUG: Dart received VIDEO chunk: 2923 bytes (Keyframe: false, pts_us=476410908671, codec=0x01)
default	16:19:42.755999-0800	Runner	flutter: pushVideoFrame failed: AnyhowException(sender is not active; call start_sankaku_sender first

Stack backtrace:
   0: std::backtrace::Backtrace::create
   1: std::backtrace::Backtrace::capture
   2: rust_lib_nomikai::api::simple::push_video_frame
   3: flutter_rust_bridge::misc::panic_backtrace::PanicBacktrace::catch_unwind
   4: <F as threadpool::FnBox>::call_box
   5: std::sys::backtrace::__rust_begin_short_backtrace
   6: core::ops::function::FnOnce::call_once{{vtable.shim}}
   7: std::sys::thread::unix::Thread::new::thread_start
   8: <unknown>)
default	16:19:42.756014-0800	Runner	flutter: [2026-02-28T16:19:42.755311] pushVideoFrame failed: AnyhowException(sender is not active; call start_sankaku_sender first

Stack backtrace:
   0: std::backtrace::Backtrace::create
   1: std::backtrace::Backtrace::capture
   2: rust_lib_nomikai::api::simple::push_video_frame
   3: flutter_rust_bridge::misc::panic_backtrace::PanicBacktrace::catch_unwind
   4: <F as threadpool::FnBox>::call_box
   5: std::sys::backtrace::__rust_begin_short_backtrace
   6: core::ops::function::FnOnce::call_once{{vtable.shim}}
   7: std::sys::thread::unix::Thread::new::thread_start
   8: <unknown>)
default	16:19:42.760483-0800	audiomxd	-MXSession- -[MXSession(InterfaceImpl) initWithSession:]: Creating MXSession = <ID: 2568, CoreSessionID = 1935 Name = sid:0x761ec, Runner(35319), 'prim', Muted = NO, ClientIsPlaying = STOPPED, AudioToolboxIsPlaying = STOPPED, MutePriority = MutePriority_Two, PiP = NO, DoesntActuallyPlayAudio = NO, clientType = 1, IsPlayingOutput = NO, IsPlayingVideoOutput = NO
default	16:19:42.760498-0800	audiomxd	-MXSession- -[MXSession(InternalUse) setClientType:]: MXSession with ID 2568 for CoreSession sid:0x761ec, Runner(35319), 'prim' setting ClientType = None
default	16:19:42.761300-0800	audiomxd	  ServerSessionManager.mm:315   { "action":"create_session", "session":{"ID":"0x761f2","name":"mediaremoted(45)","sibling_of":"0x761ec Runner(35319)"}, "details":{"PID":45,"name":"MediaRemote","session_type":"Sibling","source_session_ID":"0x761ec","source_session_PID":35319} }
default	16:19:42.774055-0800	Runner	flutter: DEBUG: Dart received AUDIO chunk: 134 bytes (pts_us=476410932708, frames_per_packet=960, codec=0x03)
default	16:19:42.774064-0800	Runner	flutter: [2026-02-28T16:19:42.766336] DEBUG: Dart received AUDIO chunk: 134 bytes (pts_us=476410932708, frames_per_packet=960, codec=0x03)
default	16:19:42.774575-0800	Runner	flutter: pushAudioFrame failed: AnyhowException(sender is not active; call start_sankaku_sender first

Stack backtrace:
   0: std::backtrace::Backtrace::create
   1: std::backtrace::Backtrace::capture
   2: rust_lib_nomikai::api::simple::push_audio_frame
   3: flutter_rust_bridge::misc::panic_backtrace::PanicBacktrace::catch_unwind
   4: <F as threadpool::FnBox>::call_box
   5: std::sys::backtrace::__rust_begin_short_backtrace
   6: core::ops::function::FnOnce::call_once{{vtable.shim}}
   7: std::sys::thread::unix::Thread::new::thread_start
   8: <unknown>)
default	16:19:42.774590-0800	Runner	flutter: [2026-02-28T16:19:42.767044] pushAudioFrame failed: AnyhowException(sender is not active; call start_sankaku_sender first

Stack backtrace:
   0: std::backtrace::Backtrace::create
   1: std::backtrace::Backtrace::capture
   2: rust_lib_nomikai::api::simple::push_audio_frame
   3: flutter_rust_bridge::misc::panic_backtrace::PanicBacktrace::catch_unwind
   4: <F as threadpool::FnBox>::call_box
   5: std::sys::backtrace::__rust_begin_short_backtrace
   6: core::ops::function::FnOnce::call_once{{vtable.shim}}
   7: std::sys::thread::unix::Thread::new::thread_start
   8: <unknown>)
default	16:19:42.775233-0800	audiomxd	AudioSessionServerImpCommon.mm:475   { "action":"set_property", "session":{"ID":"0x761f2","name":"mediaremoted(45)","sibling_of":"0x761ec Runner(35319)"}, "details":{"key":"SubscribeToNotifications","value":[]} }
default	16:19:42.775373-0800	audiomxd	-MXSession- -[MXSession(InterfaceImpl) setOrderedPropertiesInternal:usingErrorHandlingStrategy:outPropertiesErrors:]: Session 'sid:0x761ec, Runner(35319), 'prim'' is setting ordered properties batch
default	16:19:42.777894-0800	audiomxd	-CMSUtilities- CMSUtility_CopyConsolidatedSourceFormatInfo: Returning consolidatedSourceFormatInfo for MXCoreSession sid:0x761ec, Runner(35319), 'prim'
default	16:19:42.782921-0800	Runner	flutter: DEBUG: Dart received VIDEO chunk: 11127 bytes (Keyframe: false, pts_us=476410940630, codec=0x01)
default	16:19:42.782953-0800	Runner	flutter: [2026-02-28T16:19:42.782895] DEBUG: Dart received VIDEO chunk: 11127 bytes (Keyframe: false, pts_us=476410940630, codec=0x01)
default	16:19:42.783351-0800	Runner	flutter: pushVideoFrame failed: AnyhowException(sender is not active; call start_sankaku_sender first

Stack backtrace:
   0: std::backtrace::Backtrace::create
   1: std::backtrace::Backtrace::capture
   2: rust_lib_nomikai::api::simple::push_video_frame
   3: flutter_rust_bridge::misc::panic_backtrace::PanicBacktrace::catch_unwind
   4: <F as threadpool::FnBox>::call_box
   5: std::sys::backtrace::__rust_begin_short_backtrace
   6: core::ops::function::FnOnce::call_once{{vtable.shim}}
   7: std::sys::thread::unix::Thread::new::thread_start
   8: <unknown>)
default	16:19:42.783368-0800	Runner	flutter: [2026-02-28T16:19:42.783301] pushVideoFrame failed: AnyhowException(sender is not active; call start_sankaku_sender first

Stack backtrace:
   0: std::backtrace::Backtrace::create
   1: std::backtrace::Backtrace::capture
   2: rust_lib_nomikai::api::simple::push_video_frame
   3: flutter_rust_bridge::misc::panic_backtrace::PanicBacktrace::catch_unwind
   4: <F as threadpool::FnBox>::call_box
   5: std::sys::backtrace::__rust_begin_short_backtrace
   6: core::ops::function::FnOnce::call_once{{vtable.shim}}
   7: std::sys::thread::unix::Thread::new::thread_start
   8: <unknown>)
default	16:19:42.788513-0800	Runner	<<<< AVCaptureSession >>>> -[AVCaptureSession _willRunDeferredStart]: 0x10b1b8170 called
default	16:19:42.788594-0800	Runner	flutter: DEBUG: Dart received AUDIO chunk: 104 bytes (pts_us=476410955708, frames_per_packet=960, codec=0x03)
default	16:19:42.788602-0800	Runner	flutter: [2026-02-28T16:19:42.788500] DEBUG: Dart received AUDIO chunk: 104 bytes (pts_us=476410955708, frames_per_packet=960, codec=0x03)
default	16:19:42.788765-0800	Runner	flutter: pushAudioFrame failed: AnyhowException(sender is not active; call start_sankaku_sender first

Stack backtrace:
   0: std::backtrace::Backtrace::create
   1: std::backtrace::Backtrace::capture
   2: rust_lib_nomikai::api::simple::push_audio_frame
   3: flutter_rust_bridge::misc::panic_backtrace::PanicBacktrace::catch_unwind
   4: <F as threadpool::FnBox>::call_box
   5: std::sys::backtrace::__rust_begin_short_backtrace
   6: core::ops::function::FnOnce::call_once{{vtable.shim}}
   7: std::sys::thread::unix::Thread::new::thread_start
   8: <unknown>)
default	16:19:42.788789-0800	Runner	flutter: [2026-02-28T16:19:42.788696] pushAudioFrame failed: AnyhowException(sender is not active; call start_sankaku_sender first

Stack backtrace:
   0: std::backtrace::Backtrace::create
   1: std::backtrace::Backtrace::capture
   2: rust_lib_nomikai::api::simple::push_audio_frame
   3: flutter_rust_bridge::misc::panic_backtrace::PanicBacktrace::catch_unwind
   4: <F as threadpool::FnBox>::call_box
   5: std::sys::backtrace::__rust_begin_short_backtrace
   6: core::ops::function::FnOnce::call_once{{vtable.shim}}
   7: std::sys::thread::unix::Thread::new::thread_start
   8: <unknown>)
default	16:19:42.812060-0800	Runner	flutter: DEBUG: Dart received AUDIO chunk: 105 bytes (pts_us=476410978708, frames_per_packet=960, codec=0x03)
default	16:19:42.812103-0800	Runner	flutter: [2026-02-28T16:19:42.812012] DEBUG: Dart received AUDIO chunk: 105 bytes (pts_us=476410978708, frames_per_packet=960, codec=0x03)
default	16:19:42.812305-0800	Runner	flutter: pushAudioFrame failed: AnyhowException(sender is not active; call start_sankaku_sender first

Stack backtrace:
   0: std::backtrace::Backtrace::create
   1: std::backtrace::Backtrace::capture
   2: rust_lib_nomikai::api::simple::push_audio_frame
   3: flutter_rust_bridge::misc::panic_backtrace::PanicBacktrace::catch_unwind
   4: <F as threadpool::FnBox>::call_box
   5: std::sys::backtrace::__rust_begin_short_backtrace
   6: core::ops::function::FnOnce::call_once{{vtable.shim}}
   7: std::sys::thread::unix::Thread::new::thread_start
   8: <unknown>)
default	16:19:42.812324-0800	Runner	flutter: [2026-02-28T16:19:42.812276] pushAudioFrame failed: AnyhowException(sender is not active; call start_sankaku_sender first

Stack backtrace:
   0: std::backtrace::Backtrace::create
   1: std::backtrace::Backtrace::capture
   2: rust_lib_nomikai::api::simple::push_audio_frame
   3: flutter_rust_bridge::misc::panic_backtrace::PanicBacktrace::catch_unwind
   4: <F as threadpool::FnBox>::call_box
   5: std::sys::backtrace::__rust_begin_short_backtrace
   6: core::ops::function::FnOnce::call_once{{vtable.shim}}
   7: std::sys::thread::unix::Thread::new::thread_start
   8: <unknown>)
default	16:19:42.813437-0800	Runner	flutter: DEBUG: Dart received VIDEO chunk: 11987 bytes (Keyframe: false, pts_us=476410973961, codec=0x01)
default	16:19:42.813513-0800	Runner	flutter: [2026-02-28T16:19:42.813409] DEBUG: Dart received VIDEO chunk: 11987 bytes (Keyframe: false, pts_us=476410973961, codec=0x01)
default	16:19:42.813616-0800	Runner	flutter: pushVideoFrame failed: AnyhowException(sender is not active; call start_sankaku_sender first

Stack backtrace:
   0: std::backtrace::Backtrace::create
   1: std::backtrace::Backtrace::capture
   2: rust_lib_nomikai::api::simple::push_video_frame
   3: flutter_rust_bridge::misc::panic_backtrace::PanicBacktrace::catch_unwind
   4: <F as threadpool::FnBox>::call_box
   5: std::sys::backtrace::__rust_begin_short_backtrace
   6: core::ops::function::FnOnce::call_once{{vtable.shim}}
   7: std::sys::thread::unix::Thread::new::thread_start
   8: <unknown>)
default	16:19:42.813638-0800	Runner	flutter: [2026-02-28T16:19:42.813586] pushVideoFrame failed: AnyhowException(sender is not active; call start_sankaku_sender first

Stack backtrace:
   0: std::backtrace::Backtrace::create
   1: std::backtrace::Backtrace::capture
   2: rust_lib_nomikai::api::simple::push_video_frame
   3: flutter_rust_bridge::misc::panic_backtrace::PanicBacktrace::catch_unwind
   4: <F as threadpool::FnBox>::call_box
   5: std::sys::backtrace::__rust_begin_short_backtrace
   6: core::ops::function::FnOnce::call_once{{vtable.shim}}
   7: std::sys::thread::unix::Thread::new::thread_start
   8: <unknown>)
default	16:19:42.835443-0800	Runner	flutter: DEBUG: Dart received AUDIO chunk: 106 bytes (pts_us=476411001708, frames_per_packet=960, codec=0x03)
default	16:19:42.835469-0800	Runner	flutter: [2026-02-28T16:19:42.835337] DEBUG: Dart received AUDIO chunk: 106 bytes (pts_us=476411001708, frames_per_packet=960, codec=0x03)
default	16:19:42.835649-0800	Runner	flutter: pushAudioFrame failed: AnyhowException(sender is not active; call start_sankaku_sender first

Stack backtrace:
   0: std::backtrace::Backtrace::create
   1: std::backtrace::Backtrace::capture
   2: rust_lib_nomikai::api::simple::push_audio_frame
   3: flutter_rust_bridge::misc::panic_backtrace::PanicBacktrace::catch_unwind
   4: <F as threadpool::FnBox>::call_box
   5: std::sys::backtrace::__rust_begin_short_backtrace
   6: core::ops::function::FnOnce::call_once{{vtable.shim}}
   7: std::sys::thread::unix::Thread::new::thread_start
   8: <unknown>)
default	16:19:42.835664-0800	Runner	flutter: [2026-02-28T16:19:42.835617] pushAudioFrame failed: AnyhowException(sender is not active; call start_sankaku_sender first

Stack backtrace:
   0: std::backtrace::Backtrace::create
   1: std::backtrace::Backtrace::capture
   2: rust_lib_nomikai::api::simple::push_audio_frame
   3: flutter_rust_bridge::misc::panic_backtrace::PanicBacktrace::catch_unwind
   4: <F as threadpool::FnBox>::call_box
   5: std::sys::backtrace::__rust_begin_short_backtrace
   6: core::ops::function::FnOnce::call_once{{vtable.shim}}
   7: std::sys::thread::unix::Thread::new::thread_start
   8: <unknown>)
default	16:19:42.846293-0800	Runner	flutter: DEBUG: Dart received VIDEO chunk: 12132 bytes (Keyframe: false, pts_us=476411007271, codec=0x01)
default	16:19:42.846302-0800	Runner	flutter: [2026-02-28T16:19:42.846257] DEBUG: Dart received VIDEO chunk: 12132 bytes (Keyframe: false, pts_us=476411007271, codec=0x01)
default	16:19:42.846559-0800	Runner	flutter: pushVideoFrame failed: AnyhowException(sender is not active; call start_sankaku_sender first

Stack backtrace:
   0: std::backtrace::Backtrace::create
   1: std::backtrace::Backtrace::capture
   2: rust_lib_nomikai::api::simple::push_video_frame
   3: flutter_rust_bridge::misc::panic_backtrace::PanicBacktrace::catch_unwind
   4: <F as threadpool::FnBox>::call_box
   5: std::sys::backtrace::__rust_begin_short_backtrace
   6: core::ops::function::FnOnce::call_once{{vtable.shim}}
   7: std::sys::thread::unix::Thread::new::thread_start
   8: <unknown>)
default	16:19:42.846582-0800	Runner	flutter: [2026-02-28T16:19:42.846517] pushVideoFrame failed: AnyhowException(sender is not active; call start_sankaku_sender first

Stack backtrace:
   0: std::backtrace::Backtrace::create
   1: std::backtrace::Backtrace::capture
   2: rust_lib_nomikai::api::simple::push_video_frame
   3: flutter_rust_bridge::misc::panic_backtrace::PanicBacktrace::catch_unwind
   4: <F as threadpool::FnBox>::call_box
   5: std::sys::backtrace::__rust_begin_short_backtrace
   6: core::ops::function::FnOnce::call_once{{vtable.shim}}
   7: std::sys::thread::unix::Thread::new::thread_start
   8: <unknown>)
default	16:19:42.859081-0800	Runner	flutter: DEBUG: Dart received AUDIO chunk: 104 bytes (pts_us=476411024708, frames_per_packet=960, codec=0x03)
default	16:19:42.859114-0800	Runner	flutter: [2026-02-28T16:19:42.857732] DEBUG: Dart received AUDIO chunk: 104 bytes (pts_us=476411024708, frames_per_packet=960, codec=0x03)
default	16:19:42.859131-0800	Runner	flutter: pushAudioFrame failed: AnyhowException(sender is not active; call start_sankaku_sender first

Stack backtrace:
   0: std::backtrace::Backtrace::create
   1: std::backtrace::Backtrace::capture
   2: rust_lib_nomikai::api::simple::push_audio_frame
   3: flutter_rust_bridge::misc::panic_backtrace::PanicBacktrace::catch_unwind
   4: <F as threadpool::FnBox>::call_box
   5: std::sys::backtrace::__rust_begin_short_backtrace
   6: core::ops::function::FnOnce::call_once{{vtable.shim}}
   7: std::sys::thread::unix::Thread::new::thread_start
   8: <unknown>)
default	16:19:42.859148-0800	Runner	flutter: [2026-02-28T16:19:42.857982] pushAudioFrame failed: AnyhowException(sender is not active; call start_sankaku_sender first

Stack backtrace:
   0: std::backtrace::Backtrace::create
   1: std::backtrace::Backtrace::capture
   2: rust_lib_nomikai::api::simple::push_audio_frame
   3: flutter_rust_bridge::misc::panic_backtrace::PanicBacktrace::catch_unwind
   4: <F as threadpool::FnBox>::call_box
   5: std::sys::backtrace::__rust_begin_short_backtrace
   6: core::ops::function::FnOnce::call_once{{vtable.shim}}
   7: std::sys::thread::unix::Thread::new::thread_start
   8: <unknown>)
default	16:19:42.881020-0800	Runner	<private>
default	16:19:42.881234-0800	Runner	flutter: DEBUG: Dart received AUDIO chunk: 103 bytes (pts_us=476411047708, frames_per_packet=960, codec=0x03)
default	16:19:42.881252-0800	Runner	flutter: [2026-02-28T16:19:42.881134] DEBUG: Dart received AUDIO chunk: 103 bytes (pts_us=476411047708, frames_per_packet=960, codec=0x03)
default	16:19:42.881304-0800	Runner	flutter: DEBUG: Dart received VIDEO chunk: 14704 bytes (Keyframe: false, pts_us=476411040612, codec=0x01)
default	16:19:42.881316-0800	Runner	flutter: [2026-02-28T16:19:42.881182] DEBUG: Dart received VIDEO chunk: 14704 bytes (Keyframe: false, pts_us=476411040612, codec=0x01)
default	16:19:42.881324-0800	Runner	flutter: DEBUG: Dart received AUDIO chunk: 104 bytes (pts_us=476411067708, frames_per_packet=960, codec=0x03)
default	16:19:42.881330-0800	Runner	flutter: [2026-02-28T16:19:42.881237] DEBUG: Dart received AUDIO chunk: 104 bytes (pts_us=476411067708, frames_per_packet=960, codec=0x03)
default	16:19:42.881474-0800	Runner	flutter: pushAudioFrame failed: AnyhowException(sender is not active; call start_sankaku_sender first

Stack backtrace:
   0: std::backtrace::Backtrace::create
   1: std::backtrace::Backtrace::capture
   2: rust_lib_nomikai::api::simple::push_audio_frame
   3: flutter_rust_bridge::misc::panic_backtrace::PanicBacktrace::catch_unwind
   4: <F as threadpool::FnBox>::call_box
   5: std::sys::backtrace::__rust_begin_short_backtrace
   6: core::ops::function::FnOnce::call_once{{vtable.shim}}
   7: std::sys::thread::unix::Thread::new::thread_start
   8: <unknown>)
default	16:19:42.881495-0800	Runner	flutter: [2026-02-28T16:19:42.881407] pushAudioFrame failed: AnyhowException(sender is not active; call start_sankaku_sender first

Stack backtrace:
   0: std::backtrace::Backtrace::create
   1: std::backtrace::Backtrace::capture
   2: rust_lib_nomikai::api::simple::push_audio_frame
   3: flutter_rust_bridge::misc::panic_backtrace::PanicBacktrace::catch_unwind
   4: <F as threadpool::FnBox>::call_box
   5: std::sys::backtrace::__rust_begin_short_backtrace
   6: core::ops::function::FnOnce::call_once{{vtable.shim}}
   7: std::sys::thread::unix::Thread::new::thread_start
   8: <unknown>)
default	16:19:42.881614-0800	Runner	flutter: pushVideoFrame failed: AnyhowException(sender is not active; call start_sankaku_sender first

Stack backtrace:
   0: std::backtrace::Backtrace::create
   1: std::backtrace::Backtrace::capture
   2: rust_lib_nomikai::api::simple::push_video_frame
   3: flutter_rust_bridge::misc::panic_backtrace::PanicBacktrace::catch_unwind
   4: <F as threadpool::FnBox>::call_box
   5: std::sys::backtrace::__rust_begin_short_backtrace
   6: core::ops::function::FnOnce::call_once{{vtable.shim}}
   7: std::sys::thread::unix::Thread::new::thread_start
   8: <unknown>)
default	16:19:42.881624-0800	Runner	flutter: [2026-02-28T16:19:42.881482] pushVideoFrame failed: AnyhowException(sender is not active; call start_sankaku_sender first

Stack backtrace:
   0: std::backtrace::Backtrace::create
   1: std::backtrace::Backtrace::capture
   2: rust_lib_nomikai::api::simple::push_video_frame
   3: flutter_rust_bridge::misc::panic_backtrace::PanicBacktrace::catch_unwind
   4: <F as threadpool::FnBox>::call_box
   5: std::sys::backtrace::__rust_begin_short_backtrace
   6: core::ops::function::FnOnce::call_once{{vtable.shim}}
   7: std::sys::thread::unix::Thread::new::thread_start
   8: <unknown>)
default	16:19:42.882175-0800	Runner	flutter: pushAudioFrame failed: AnyhowException(sender is not active; call start_sankaku_sender first

Stack backtrace:
   0: std::backtrace::Backtrace::create
   1: std::backtrace::Backtrace::capture
   2: rust_lib_nomikai::api::simple::push_audio_frame
   3: flutter_rust_bridge::misc::panic_backtrace::PanicBacktrace::catch_unwind
   4: <F as threadpool::FnBox>::call_box
   5: std::sys::backtrace::__rust_begin_short_backtrace
   6: core::ops::function::FnOnce::call_once{{vtable.shim}}
   7: std::sys::thread::unix::Thread::new::thread_start
   8: <unknown>)
default	16:19:42.882195-0800	Runner	flutter: [2026-02-28T16:19:42.882061] pushAudioFrame failed: AnyhowException(sender is not active; call start_sankaku_sender first

Stack backtrace:
   0: std::backtrace::Backtrace::create
   1: std::backtrace::Backtrace::capture
   2: rust_lib_nomikai::api::simple::push_audio_frame
   3: flutter_rust_bridge::misc::panic_backtrace::PanicBacktrace::catch_unwind
   4: <F as threadpool::FnBox>::call_box
   5: std::sys::backtrace::__rust_begin_short_backtrace
   6: core::ops::function::FnOnce::call_once{{vtable.shim}}
   7: std::sys::thread::unix::Thread::new::thread_start
   8: <unknown>)
default	16:19:42.904184-0800	Runner	flutter: DEBUG: Dart received AUDIO chunk: 104 bytes (pts_us=476411070708, frames_per_packet=960, codec=0x03)
default	16:19:42.904196-0800	Runner	flutter: [2026-02-28T16:19:42.903872] DEBUG: Dart received AUDIO chunk: 104 bytes (pts_us=476411070708, frames_per_packet=960, codec=0x03)
default	16:19:42.904299-0800	Runner	flutter: pushAudioFrame failed: AnyhowException(sender is not active; call start_sankaku_sender first

Stack backtrace:
   0: std::backtrace::Backtrace::create
   1: std::backtrace::Backtrace::capture
   2: rust_lib_nomikai::api::simple::push_audio_frame
   3: flutter_rust_bridge::misc::panic_backtrace::PanicBacktrace::catch_unwind
   4: <F as threadpool::FnBox>::call_box
   5: std::sys::backtrace::__rust_begin_short_backtrace
   6: core::ops::function::FnOnce::call_once{{vtable.shim}}
   7: std::sys::thread::unix::Thread::new::thread_start
   8: <unknown>)
default	16:19:42.904316-0800	Runner	flutter: [2026-02-28T16:19:42.904239] pushAudioFrame failed: AnyhowException(sender is not active; call start_sankaku_sender first

Stack backtrace:
   0: std::backtrace::Backtrace::create
   1: std::backtrace::Backtrace::capture
   2: rust_lib_nomikai::api::simple::push_audio_frame
   3: flutter_rust_bridge::misc::panic_backtrace::PanicBacktrace::catch_unwind
   4: <F as threadpool::FnBox>::call_box
   5: std::sys::backtrace::__rust_begin_short_backtrace
   6: core::ops::function::FnOnce::call_once{{vtable.shim}}
   7: std::sys::thread::unix::Thread::new::thread_start
   8: <unknown>)
default	16:19:42.914573-0800	Runner	flutter: DEBUG: Dart received VIDEO chunk: 12662 bytes (Keyframe: false, pts_us=476411073936, codec=0x01)
default	16:19:42.914598-0800	Runner	flutter: [2026-02-28T16:19:42.914488] DEBUG: Dart received VIDEO chunk: 12662 bytes (Keyframe: false, pts_us=476411073936, codec=0x01)
default	16:19:42.915504-0800	Runner	flutter: pushVideoFrame failed: AnyhowException(sender is not active; call start_sankaku_sender first

Stack backtrace:
   0: std::backtrace::Backtrace::create
   1: std::backtrace::Backtrace::capture
   2: rust_lib_nomikai::api::simple::push_video_frame
   3: flutter_rust_bridge::misc::panic_backtrace::PanicBacktrace::catch_unwind
   4: <F as threadpool::FnBox>::call_box
   5: std::sys::backtrace::__rust_begin_short_backtrace
   6: core::ops::function::FnOnce::call_once{{vtable.shim}}
   7: std::sys::thread::unix::Thread::new::thread_start
   8: <unknown>)
default	16:19:42.915530-0800	Runner	flutter: [2026-02-28T16:19:42.915435] pushVideoFrame failed: AnyhowException(sender is not active; call start_sankaku_sender first

Stack backtrace:
   0: std::backtrace::Backtrace::create
   1: std::backtrace::Backtrace::capture
   2: rust_lib_nomikai::api::simple::push_video_frame
   3: flutter_rust_bridge::misc::panic_backtrace::PanicBacktrace::catch_unwind
   4: <F as threadpool::FnBox>::call_box
   5: std::sys::backtrace::__rust_begin_short_backtrace
   6: core::ops::function::FnOnce::call_once{{vtable.shim}}
   7: std::sys::thread::unix::Thread::new::thread_start
   8: <unknown>)
default	16:19:42.927172-0800	Runner	flutter: DEBUG: Dart received AUDIO chunk: 102 bytes (pts_us=476411093708, frames_per_packet=960, codec=0x03)
default	16:19:42.927202-0800	Runner	flutter: [2026-02-28T16:19:42.927062] DEBUG: Dart received AUDIO chunk: 102 bytes (pts_us=476411093708, frames_per_packet=960, codec=0x03)
default	16:19:42.927741-0800	Runner	flutter: pushAudioFrame failed: AnyhowException(sender is not active; call start_sankaku_sender first

Stack backtrace:
   0: std::backtrace::Backtrace::create
   1: std::backtrace::Backtrace::capture
   2: rust_lib_nomikai::api::simple::push_audio_frame
   3: flutter_rust_bridge::misc::panic_backtrace::PanicBacktrace::catch_unwind
   4: <F as threadpool::FnBox>::call_box
   5: std::sys::backtrace::__rust_begin_short_backtrace
   6: core::ops::function::FnOnce::call_once{{vtable.shim}}
   7: std::sys::thread::unix::Thread::new::thread_start
   8: <unknown>)
default	16:19:42.927763-0800	Runner	flutter: [2026-02-28T16:19:42.927678] pushAudioFrame failed: AnyhowException(sender is not active; call start_sankaku_sender first

Stack backtrace:
   0: std::backtrace::Backtrace::create
   1: std::backtrace::Backtrace::capture
   2: rust_lib_nomikai::api::simple::push_audio_frame
   3: flutter_rust_bridge::misc::panic_backtrace::PanicBacktrace::catch_unwind
   4: <F as threadpool::FnBox>::call_box
   5: std::sys::backtrace::__rust_begin_short_backtrace
   6: core::ops::function::FnOnce::call_once{{vtable.shim}}
   7: std::sys::thread::unix::Thread::new::thread_start
   8: <unknown>)
default	16:19:42.946300-0800	Runner	flutter: DEBUG: Dart received VIDEO chunk: 13025 bytes (Keyframe: false, pts_us=476411107259, codec=0x01)
default	16:19:42.946325-0800	Runner	flutter: [2026-02-28T16:19:42.946234] DEBUG: Dart received VIDEO chunk: 13025 bytes (Keyframe: false, pts_us=476411107259, codec=0x01)
default	16:19:42.946542-0800	Runner	flutter: pushVideoFrame failed: AnyhowException(sender is not active; call start_sankaku_sender first

Stack backtrace:
   0: std::backtrace::Backtrace::create
   1: std::backtrace::Backtrace::capture
   2: rust_lib_nomikai::api::simple::push_video_frame
   3: flutter_rust_bridge::misc::panic_backtrace::PanicBacktrace::catch_unwind
   4: <F as threadpool::FnBox>::call_box
   5: std::sys::backtrace::__rust_begin_short_backtrace
   6: core::ops::function::FnOnce::call_once{{vtable.shim}}
   7: std::sys::thread::unix::Thread::new::thread_start
   8: <unknown>)
default	16:19:42.946556-0800	Runner	flutter: [2026-02-28T16:19:42.946502] pushVideoFrame failed: AnyhowException(sender is not active; call start_sankaku_sender first

Stack backtrace:
   0: std::backtrace::Backtrace::create
   1: std::backtrace::Backtrace::capture
   2: rust_lib_nomikai::api::simple::push_video_frame
   3: flutter_rust_bridge::misc::panic_backtrace::PanicBacktrace::catch_unwind
   4: <F as threadpool::FnBox>::call_box
   5: std::sys::backtrace::__rust_begin_short_backtrace
   6: core::ops::function::FnOnce::call_once{{vtable.shim}}
   7: std::sys::thread::unix::Thread::new::thread_start
   8: <unknown>)
default	16:19:42.949801-0800	Runner	flutter: DEBUG: Dart received AUDIO chunk: 102 bytes (pts_us=476411116708, frames_per_packet=960, codec=0x03)
default	16:19:42.949884-0800	Runner	flutter: [2026-02-28T16:19:42.949745] DEBUG: Dart received AUDIO chunk: 102 bytes (pts_us=476411116708, frames_per_packet=960, codec=0x03)
default	16:19:42.950062-0800	Runner	flutter: pushAudioFrame failed: AnyhowException(sender is not active; call start_sankaku_sender first

Stack backtrace:
   0: std::backtrace::Backtrace::create
   1: std::backtrace::Backtrace::capture
   2: rust_lib_nomikai::api::simple::push_audio_frame
   3: flutter_rust_bridge::misc::panic_backtrace::PanicBacktrace::catch_unwind
   4: <F as threadpool::FnBox>::call_box
   5: std::sys::backtrace::__rust_begin_short_backtrace
   6: core::ops::function::FnOnce::call_once{{vtable.shim}}
   7: std::sys::thread::unix::Thread::new::thread_start
   8: <unknown>)
default	16:19:42.950074-0800	Runner	flutter: [2026-02-28T16:19:42.950007] pushAudioFrame failed: AnyhowException(sender is not active; call start_sankaku_sender first

Stack backtrace:
   0: std::backtrace::Backtrace::create
   1: std::backtrace::Backtrace::capture
   2: rust_lib_nomikai::api::simple::push_audio_frame
   3: flutter_rust_bridge::misc::panic_backtrace::PanicBacktrace::catch_unwind
   4: <F as threadpool::FnBox>::call_box
   5: std::sys::backtrace::__rust_begin_short_backtrace
   6: core::ops::function::FnOnce::call_once{{vtable.shim}}
   7: std::sys::thread::unix::Thread::new::thread_start
   8: <unknown>)
default	16:19:42.973411-0800	Runner	flutter: DEBUG: Dart received AUDIO chunk: 102 bytes (pts_us=476411139708, frames_per_packet=960, codec=0x03)
default	16:19:42.973463-0800	Runner	flutter: [2026-02-28T16:19:42.973361] DEBUG: Dart received AUDIO chunk: 102 bytes (pts_us=476411139708, frames_per_packet=960, codec=0x03)
default	16:19:42.974273-0800	Runner	flutter: pushAudioFrame failed: AnyhowException(sender is not active; call start_sankaku_sender first

Stack backtrace:
   0: std::backtrace::Backtrace::create
   1: std::backtrace::Backtrace::capture
   2: rust_lib_nomikai::api::simple::push_audio_frame
   3: flutter_rust_bridge::misc::panic_backtrace::PanicBacktrace::catch_unwind
   4: <F as threadpool::FnBox>::call_box
   5: std::sys::backtrace::__rust_begin_short_backtrace
   6: core::ops::function::FnOnce::call_once{{vtable.shim}}
   7: std::sys::thread::unix::Thread::new::thread_start
   8: <unknown>)
default	16:19:42.974301-0800	Runner	flutter: [2026-02-28T16:19:42.974081] pushAudioFrame failed: AnyhowException(sender is not active; call start_sankaku_sender first

Stack backtrace:
   0: std::backtrace::Backtrace::create
   1: std::backtrace::Backtrace::capture
   2: rust_lib_nomikai::api::simple::push_audio_frame
   3: flutter_rust_bridge::misc::panic_backtrace::PanicBacktrace::catch_unwind
   4: <F as threadpool::FnBox>::call_box
   5: std::sys::backtrace::__rust_begin_short_backtrace
   6: core::ops::function::FnOnce::call_once{{vtable.shim}}
   7: std::sys::thread::unix::Thread::new::thread_start
   8: <unknown>)
default	16:19:42.980808-0800	Runner	flutter: DEBUG: Dart received VIDEO chunk: 14566 bytes (Keyframe: false, pts_us=476411140593, codec=0x01)
default	16:19:42.980824-0800	Runner	flutter: [2026-02-28T16:19:42.980746] DEBUG: Dart received VIDEO chunk: 14566 bytes (Keyframe: false, pts_us=476411140593, codec=0x01)
default	16:19:42.981317-0800	Runner	flutter: pushVideoFrame failed: AnyhowException(sender is not active; call start_sankaku_sender first

Stack backtrace:
   0: std::backtrace::Backtrace::create
   1: std::backtrace::Backtrace::capture
   2: rust_lib_nomikai::api::simple::push_video_frame
   3: flutter_rust_bridge::misc::panic_backtrace::PanicBacktrace::catch_unwind
   4: <F as threadpool::FnBox>::call_box
   5: std::sys::backtrace::__rust_begin_short_backtrace
   6: core::ops::function::FnOnce::call_once{{vtable.shim}}
   7: std::sys::thread::unix::Thread::new::thread_start
   8: <unknown>)
default	16:19:42.981338-0800	Runner	flutter: [2026-02-28T16:19:42.981255] pushVideoFrame failed: AnyhowException(sender is not active; call start_sankaku_sender first

Stack backtrace:
   0: std::backtrace::Backtrace::create
   1: std::backtrace::Backtrace::capture
   2: rust_lib_nomikai::api::simple::push_video_frame
   3: flutter_rust_bridge::misc::panic_backtrace::PanicBacktrace::catch_unwind
   4: <F as threadpool::FnBox>::call_box
   5: std::sys::backtrace::__rust_begin_short_backtrace
   6: core::ops::function::FnOnce::call_once{{vtable.shim}}
   7: std::sys::thread::unix::Thread::new::thread_start
   8: <unknown>)
default	16:19:42.996737-0800	Runner	flutter: DEBUG: Dart received AUDIO chunk: 101 bytes (pts_us=476411162708, frames_per_packet=960, codec=0x03)
default	16:19:42.996805-0800	Runner	flutter: [2026-02-28T16:19:42.996586] DEBUG: Dart received AUDIO chunk: 101 bytes (pts_us=476411162708, frames_per_packet=960, codec=0x03)
default	16:19:42.997256-0800	Runner	flutter: pushAudioFrame failed: AnyhowException(sender is not active; call start_sankaku_sender first

Stack backtrace:
   0: std::backtrace::Backtrace::create
   1: std::backtrace::Backtrace::capture
   2: rust_lib_nomikai::api::simple::push_audio_frame
   3: flutter_rust_bridge::misc::panic_backtrace::PanicBacktrace::catch_unwind
   4: <F as threadpool::FnBox>::call_box
   5: std::sys::backtrace::__rust_begin_short_backtrace
   6: core::ops::function::FnOnce::call_once{{vtable.shim}}
   7: std::sys::thread::unix::Thread::new::thread_start
   8: <unknown>)
default	16:19:42.997282-0800	Runner	flutter: [2026-02-28T16:19:42.997156] pushAudioFrame failed: AnyhowException(sender is not active; call start_sankaku_sender first

Stack backtrace:
   0: std::backtrace::Backtrace::create
   1: std::backtrace::Backtrace::capture
   2: rust_lib_nomikai::api::simple::push_audio_frame
   3: flutter_rust_bridge::misc::panic_backtrace::PanicBacktrace::catch_unwind
   4: <F as threadpool::FnBox>::call_box
   5: std::sys::backtrace::__rust_begin_short_backtrace
   6: core::ops::function::FnOnce::call_once{{vtable.shim}}
   7: std::sys::thread::unix::Thread::new::thread_start
   8: <unknown>)
default	16:19:43.012609-0800	Runner	flutter: DEBUG: Dart received VIDEO chunk: 14621 bytes (Keyframe: false, pts_us=476411173934, codec=0x01)
default	16:19:43.012634-0800	Runner	flutter: [2026-02-28T16:19:43.012458] DEBUG: Dart received VIDEO chunk: 14621 bytes (Keyframe: false, pts_us=476411173934, codec=0x01)
default	16:19:43.013164-0800	Runner	flutter: pushVideoFrame failed: AnyhowException(sender is not active; call start_sankaku_sender first

Stack backtrace:
   0: std::backtrace::Backtrace::create
   1: std::backtrace::Backtrace::capture
   2: rust_lib_nomikai::api::simple::push_video_frame
   3: flutter_rust_bridge::misc::panic_backtrace::PanicBacktrace::catch_unwind
   4: <F as threadpool::FnBox>::call_box
   5: std::sys::backtrace::__rust_begin_short_backtrace
   6: core::ops::function::FnOnce::call_once{{vtable.shim}}
   7: std::sys::thread::unix::Thread::new::thread_start
   8: <unknown>)
default	16:19:43.013186-0800	Runner	flutter: [2026-02-28T16:19:43.013062] pushVideoFrame failed: AnyhowException(sender is not active; call start_sankaku_sender first

Stack backtrace:
   0: std::backtrace::Backtrace::create
   1: std::backtrace::Backtrace::capture
   2: rust_lib_nomikai::api::simple::push_video_frame
   3: flutter_rust_bridge::misc::panic_backtrace::PanicBacktrace::catch_unwind
   4: <F as threadpool::FnBox>::call_box
   5: std::sys::backtrace::__rust_begin_short_backtrace
   6: core::ops::function::FnOnce::call_once{{vtable.shim}}
   7: std::sys::thread::unix::Thread::new::thread_start
   8: <unknown>)
default	16:19:43.019500-0800	Runner	flutter: DEBUG: Dart received AUDIO chunk: 102 bytes (pts_us=476411185708, frames_per_packet=960, codec=0x03)
default	16:19:43.019519-0800	Runner	flutter: [2026-02-28T16:19:43.019367] DEBUG: Dart received AUDIO chunk: 102 bytes (pts_us=476411185708, frames_per_packet=960, codec=0x03)
default	16:19:43.020246-0800	Runner	flutter: pushAudioFrame failed: AnyhowException(sender is not active; call start_sankaku_sender first

Stack backtrace:
   0: std::backtrace::Backtrace::create
   1: std::backtrace::Backtrace::capture
   2: rust_lib_nomikai::api::simple::push_audio_frame
   3: flutter_rust_bridge::misc::panic_backtrace::PanicBacktrace::catch_unwind
   4: <F as threadpool::FnBox>::call_box
   5: std::sys::backtrace::__rust_begin_short_backtrace
   6: core::ops::function::FnOnce::call_once{{vtable.shim}}
   7: std::sys::thread::unix::Thread::new::thread_start
   8: <unknown>)
default	16:19:43.020292-0800	Runner	flutter: [2026-02-28T16:19:43.020131] pushAudioFrame failed: AnyhowException(sender is not active; call start_sankaku_sender first

Stack backtrace:
   0: std::backtrace::Backtrace::create
   1: std::backtrace::Backtrace::capture
   2: rust_lib_nomikai::api::simple::push_audio_frame
   3: flutter_rust_bridge::misc::panic_backtrace::PanicBacktrace::catch_unwind
   4: <F as threadpool::FnBox>::call_box
   5: std::sys::backtrace::__rust_begin_short_backtrace
   6: core::ops::function::FnOnce::call_once{{vtable.shim}}
   7: std::sys::thread::unix::Thread::new::thread_start
   8: <unknown>)
default	16:19:43.042234-0800	Runner	<private>
default	16:19:43.042507-0800	Runner	flutter: DEBUG: Dart received AUDIO chunk: 100 bytes (pts_us=476411208708, frames_per_packet=960, codec=0x03)
default	16:19:43.042541-0800	Runner	flutter: [2026-02-28T16:19:43.042472] DEBUG: Dart received AUDIO chunk: 100 bytes (pts_us=476411208708, frames_per_packet=960, codec=0x03)
default	16:19:43.042717-0800	Runner	flutter: DEBUG: Dart received AUDIO chunk: 99 bytes (pts_us=476411228708, frames_per_packet=960, codec=0x03)
default	16:19:43.042728-0800	Runner	flutter: [2026-02-28T16:19:43.042580] DEBUG: Dart received AUDIO chunk: 99 bytes (pts_us=476411228708, frames_per_packet=960, codec=0x03)
default	16:19:43.043209-0800	Runner	flutter: pushAudioFrame failed: AnyhowException(sender is not active; call start_sankaku_sender first

Stack backtrace:
   0: std::backtrace::Backtrace::create
   1: std::backtrace::Backtrace::capture
   2: rust_lib_nomikai::api::simple::push_audio_frame
   3: flutter_rust_bridge::misc::panic_backtrace::PanicBacktrace::catch_unwind
   4: <F as threadpool::FnBox>::call_box
   5: std::sys::backtrace::__rust_begin_short_backtrace
   6: core::ops::function::FnOnce::call_once{{vtable.shim}}
   7: std::sys::thread::unix::Thread::new::thread_start
   8: <unknown>)
default	16:19:43.043251-0800	Runner	flutter: [2026-02-28T16:19:43.043106] pushAudioFrame failed: AnyhowException(sender is not active; call start_sankaku_sender first

Stack backtrace:
   0: std::backtrace::Backtrace::create
   1: std::backtrace::Backtrace::capture
   2: rust_lib_nomikai::api::simple::push_audio_frame
   3: flutter_rust_bridge::misc::panic_backtrace::PanicBacktrace::catch_unwind
   4: <F as threadpool::FnBox>::call_box
   5: std::sys::backtrace::__rust_begin_short_backtrace
   6: core::ops::function::FnOnce::call_once{{vtable.shim}}
   7: std::sys::thread::unix::Thread::new::thread_start
   8: <unknown>)
default	16:19:43.043416-0800	Runner	flutter: pushAudioFrame failed: AnyhowException(sender is not active; call start_sankaku_sender first

Stack backtrace:
   0: std::backtrace::Backtrace::create
   1: std::backtrace::Backtrace::capture
   2: rust_lib_nomikai::api::simple::push_audio_frame
   3: flutter_rust_bridge::misc::panic_backtrace::PanicBacktrace::catch_unwind
   4: <F as threadpool::FnBox>::call_box
   5: std::sys::backtrace::__rust_begin_short_backtrace
   6: core::ops::function::FnOnce::call_once{{vtable.shim}}
   7: std::sys::thread::unix::Thread::new::thread_start
   8: <unknown>)
default	16:19:43.043427-0800	Runner	flutter: [2026-02-28T16:19:43.043325] pushAudioFrame failed: AnyhowException(sender is not active; call start_sankaku_sender first

Stack backtrace:
   0: std::backtrace::Backtrace::create
   1: std::backtrace::Backtrace::capture
   2: rust_lib_nomikai::api::simple::push_audio_frame
   3: flutter_rust_bridge::misc::panic_backtrace::PanicBacktrace::catch_unwind
   4: <F as threadpool::FnBox>::call_box
   5: std::sys::backtrace::__rust_begin_short_backtrace
   6: core::ops::function::FnOnce::call_once{{vtable.shim}}
   7: std::sys::thread::unix::Thread::new::thread_start
   8: <unknown>)
default	16:19:43.045120-0800	Runner	flutter: DEBUG: Dart received VIDEO chunk: 13354 bytes (Keyframe: false, pts_us=476411207261, codec=0x01)
default	16:19:43.045140-0800	Runner	flutter: [2026-02-28T16:19:43.045013] DEBUG: Dart received VIDEO chunk: 13354 bytes (Keyframe: false, pts_us=476411207261, codec=0x01)
default	16:19:43.045747-0800	Runner	flutter: pushVideoFrame failed: AnyhowException(sender is not active; call start_sankaku_sender first

Stack backtrace:
   0: std::backtrace::Backtrace::create
   1: std::backtrace::Backtrace::capture
   2: rust_lib_nomikai::api::simple::push_video_frame
   3: flutter_rust_bridge::misc::panic_backtrace::PanicBacktrace::catch_unwind
   4: <F as threadpool::FnBox>::call_box
   5: std::sys::backtrace::__rust_begin_short_backtrace
   6: core::ops::function::FnOnce::call_once{{vtable.shim}}
   7: std::sys::thread::unix::Thread::new::thread_start
   8: <unknown>)
default	16:19:43.045777-0800	Runner	flutter: [2026-02-28T16:19:43.045639] pushVideoFrame failed: AnyhowException(sender is not active; call start_sankaku_sender first

Stack backtrace:
   0: std::backtrace::Backtrace::create
   1: std::backtrace::Backtrace::capture
   2: rust_lib_nomikai::api::simple::push_video_frame
   3: flutter_rust_bridge::misc::panic_backtrace::PanicBacktrace::catch_unwind
   4: <F as threadpool::FnBox>::call_box
   5: std::sys::backtrace::__rust_begin_short_backtrace
   6: core::ops::function::FnOnce::call_once{{vtable.shim}}
   7: std::sys::thread::unix::Thread::new::thread_start
   8: <unknown>)
default	16:19:43.069156-0800	Runner	flutter: DEBUG: Dart received AUDIO chunk: 99 bytes (pts_us=476411231708, frames_per_packet=960, codec=0x03)
default	16:19:43.069195-0800	Runner	flutter: [2026-02-28T16:19:43.068712] DEBUG: Dart received AUDIO chunk: 99 bytes (pts_us=476411231708, frames_per_packet=960, codec=0x03)
default	16:19:43.070188-0800	Runner	flutter: pushAudioFrame failed: AnyhowException(sender is not active; call start_sankaku_sender first

Stack backtrace:
   0: std::backtrace::Backtrace::create
   1: std::backtrace::Backtrace::capture
   2: rust_lib_nomikai::api::simple::push_audio_frame
   3: flutter_rust_bridge::misc::panic_backtrace::PanicBacktrace::catch_unwind
   4: <F as threadpool::FnBox>::call_box
   5: std::sys::backtrace::__rust_begin_short_backtrace
   6: core::ops::function::FnOnce::call_once{{vtable.shim}}
   7: std::sys::thread::unix::Thread::new::thread_start
   8: <unknown>)
default	16:19:43.070301-0800	Runner	flutter: [2026-02-28T16:19:43.070087] pushAudioFrame failed: AnyhowException(sender is not active; call start_sankaku_sender first

Stack backtrace:
   0: std::backtrace::Backtrace::create
   1: std::backtrace::Backtrace::capture
   2: rust_lib_nomikai::api::simple::push_audio_frame
   3: flutter_rust_bridge::misc::panic_backtrace::PanicBacktrace::catch_unwind
   4: <F as threadpool::FnBox>::call_box
   5: std::sys::backtrace::__rust_begin_short_backtrace
   6: core::ops::function::FnOnce::call_once{{vtable.shim}}
   7: std::sys::thread::unix::Thread::new::thread_start
   8: <unknown>)
default	16:19:43.084718-0800	Runner	flutter: DEBUG: Dart received VIDEO chunk: 11041 bytes (Keyframe: false, pts_us=476411240575, codec=0x01)
default	16:19:43.084800-0800	Runner	flutter: [2026-02-28T16:19:43.084664] DEBUG: Dart received VIDEO chunk: 11041 bytes (Keyframe: false, pts_us=476411240575, codec=0x01)
default	16:19:43.085787-0800	Runner	flutter: pushVideoFrame failed: AnyhowException(sender is not active; call start_sankaku_sender first

Stack backtrace:
   0: std::backtrace::Backtrace::create
   1: std::backtrace::Backtrace::capture
   2: rust_lib_nomikai::api::simple::push_video_frame
   3: flutter_rust_bridge::misc::panic_backtrace::PanicBacktrace::catch_unwind
   4: <F as threadpool::FnBox>::call_box
   5: std::sys::backtrace::__rust_begin_short_backtrace
   6: core::ops::function::FnOnce::call_once{{vtable.shim}}
   7: std::sys::thread::unix::Thread::new::thread_start
   8: <unknown>)
default	16:19:43.085859-0800	Runner	flutter: [2026-02-28T16:19:43.085734] pushVideoFrame failed: AnyhowException(sender is not active; call start_sankaku_sender first

Stack backtrace:
   0: std::backtrace::Backtrace::create
   1: std::backtrace::Backtrace::capture
   2: rust_lib_nomikai::api::simple::push_video_frame
   3: flutter_rust_bridge::misc::panic_backtrace::PanicBacktrace::catch_unwind
   4: <F as threadpool::FnBox>::call_box
   5: std::sys::backtrace::__rust_begin_short_backtrace
   6: core::ops::function::FnOnce::call_once{{vtable.shim}}
   7: std::sys::thread::unix::Thread::new::thread_start
   8: <unknown>)
default	16:19:43.088752-0800	Runner	flutter: DEBUG: Dart received AUDIO chunk: 95 bytes (pts_us=476411254708, frames_per_packet=960, codec=0x03)
default	16:19:43.088815-0800	Runner	flutter: [2026-02-28T16:19:43.088699] DEBUG: Dart received AUDIO chunk: 95 bytes (pts_us=476411254708, frames_per_packet=960, codec=0x03)
default	16:19:43.089642-0800	Runner	flutter: pushAudioFrame failed: AnyhowException(sender is not active; call start_sankaku_sender first

Stack backtrace:
   0: std::backtrace::Backtrace::create
   1: std::backtrace::Backtrace::capture
   2: rust_lib_nomikai::api::simple::push_audio_frame
   3: flutter_rust_bridge::misc::panic_backtrace::PanicBacktrace::catch_unwind
   4: <F as threadpool::FnBox>::call_box
   5: std::sys::backtrace::__rust_begin_short_backtrace
   6: core::ops::function::FnOnce::call_once{{vtable.shim}}
   7: std::sys::thread::unix::Thread::new::thread_start
   8: <unknown>)
default	16:19:43.089685-0800	Runner	flutter: [2026-02-28T16:19:43.089545] pushAudioFrame failed: AnyhowException(sender is not active; call start_sankaku_sender first

Stack backtrace:
   0: std::backtrace::Backtrace::create
   1: std::backtrace::Backtrace::capture
   2: rust_lib_nomikai::api::simple::push_audio_frame
   3: flutter_rust_bridge::misc::panic_backtrace::PanicBacktrace::catch_unwind
   4: <F as threadpool::FnBox>::call_box
   5: std::sys::backtrace::__rust_begin_short_backtrace
   6: core::ops::function::FnOnce::call_once{{vtable.shim}}
   7: std::sys::thread::unix::Thread::new::thread_start
   8: <unknown>)
default	16:19:43.112457-0800	Runner	flutter: DEBUG: Dart received AUDIO chunk: 93 bytes (pts_us=476411277708, frames_per_packet=960, codec=0x03)
default	16:19:43.112521-0800	Runner	flutter: [2026-02-28T16:19:43.112238] DEBUG: Dart received AUDIO chunk: 93 bytes (pts_us=476411277708, frames_per_packet=960, codec=0x03)
default	16:19:43.113764-0800	Runner	flutter: pushAudioFrame failed: AnyhowException(sender is not active; call start_sankaku_sender first

Stack backtrace:
   0: std::backtrace::Backtrace::create
   1: std::backtrace::Backtrace::capture
   2: rust_lib_nomikai::api::simple::push_audio_frame
   3: flutter_rust_bridge::misc::panic_backtrace::PanicBacktrace::catch_unwind
   4: <F as threadpool::FnBox>::call_box
   5: std::sys::backtrace::__rust_begin_short_backtrace
   6: core::ops::function::FnOnce::call_once{{vtable.shim}}
   7: std::sys::thread::unix::Thread::new::thread_start
   8: <unknown>)
default	16:19:43.113831-0800	Runner	flutter: [2026-02-28T16:19:43.113623] pushAudioFrame failed: AnyhowException(sender is not active; call start_sankaku_sender first

Stack backtrace:
   0: std::backtrace::Backtrace::create
   1: std::backtrace::Backtrace::capture
   2: rust_lib_nomikai::api::simple::push_audio_frame
   3: flutter_rust_bridge::misc::panic_backtrace::PanicBacktrace::catch_unwind
   4: <F as threadpool::FnBox>::call_box
   5: std::sys::backtrace::__rust_begin_short_backtrace
   6: core::ops::function::FnOnce::call_once{{vtable.shim}}
   7: std::sys::thread::unix::Thread::new::thread_start
   8: <unknown>)
default	16:19:43.122041-0800	Runner	flutter: DEBUG: Dart received VIDEO chunk: 10842 bytes (Keyframe: false, pts_us=476411273918, codec=0x01)
default	16:19:43.122100-0800	Runner	flutter: [2026-02-28T16:19:43.121841] DEBUG: Dart received VIDEO chunk: 10842 bytes (Keyframe: false, pts_us=476411273918, codec=0x01)
default	16:19:43.123385-0800	Runner	flutter: pushVideoFrame failed: AnyhowException(sender is not active; call start_sankaku_sender first

Stack backtrace:
   0: std::backtrace::Backtrace::create
   1: std::backtrace::Backtrace::capture
   2: rust_lib_nomikai::api::simple::push_video_frame
   3: flutter_rust_bridge::misc::panic_backtrace::PanicBacktrace::catch_unwind
   4: <F as threadpool::FnBox>::call_box
   5: std::sys::backtrace::__rust_begin_short_backtrace
   6: core::ops::function::FnOnce::call_once{{vtable.shim}}
   7: std::sys::thread::unix::Thread::new::thread_start
   8: <unknown>)
default	16:19:43.123426-0800	Runner	flutter: [2026-02-28T16:19:43.123153] pushVideoFrame failed: AnyhowException(sender is not active; call start_sankaku_sender first

Stack backtrace:
   0: std::backtrace::Backtrace::create
   1: std::backtrace::Backtrace::capture
   2: rust_lib_nomikai::api::simple::push_video_frame
   3: flutter_rust_bridge::misc::panic_backtrace::PanicBacktrace::catch_unwind
   4: <F as threadpool::FnBox>::call_box
   5: std::sys::backtrace::__rust_begin_short_backtrace
   6: core::ops::function::FnOnce::call_once{{vtable.shim}}
   7: std::sys::thread::unix::Thread::new::thread_start
   8: <unknown>)
default	16:19:43.135750-0800	Runner	flutter: DEBUG: Dart received AUDIO chunk: 91 bytes (pts_us=476411300708, frames_per_packet=960, codec=0x03)
default	16:19:43.135935-0800	Runner	flutter: [2026-02-28T16:19:43.135536] DEBUG: Dart received AUDIO chunk: 91 bytes (pts_us=476411300708, frames_per_packet=960, codec=0x03)
default	16:19:43.137073-0800	Runner	flutter: pushAudioFrame failed: AnyhowException(sender is not active; call start_sankaku_sender first

Stack backtrace:
   0: std::backtrace::Backtrace::create
   1: std::backtrace::Backtrace::capture
   2: rust_lib_nomikai::api::simple::push_audio_frame
   3: flutter_rust_bridge::misc::panic_backtrace::PanicBacktrace::catch_unwind
   4: <F as threadpool::FnBox>::call_box
   5: std::sys::backtrace::__rust_begin_short_backtrace
   6: core::ops::function::FnOnce::call_once{{vtable.shim}}
   7: std::sys::thread::unix::Thread::new::thread_start
   8: <unknown>)
default	16:19:43.137193-0800	Runner	flutter: [2026-02-28T16:19:43.136987] pushAudioFrame failed: AnyhowException(sender is not active; call start_sankaku_sender first

Stack backtrace:
   0: std::backtrace::Backtrace::create
   1: std::backtrace::Backtrace::capture
   2: rust_lib_nomikai::api::simple::push_audio_frame
   3: flutter_rust_bridge::misc::panic_backtrace::PanicBacktrace::catch_unwind
   4: <F as threadpool::FnBox>::call_box
   5: std::sys::backtrace::__rust_begin_short_backtrace
   6: core::ops::function::FnOnce::call_once{{vtable.shim}}
   7: std::sys::thread::unix::Thread::new::thread_start
   8: <unknown>)
default	16:19:43.155582-0800	Runner	flutter: DEBUG: Dart received VIDEO chunk: 10758 bytes (Keyframe: false, pts_us=476411307241, codec=0x01)
default	16:19:43.155620-0800	Runner	flutter: [2026-02-28T16:19:43.155402] DEBUG: Dart received VIDEO chunk: 10758 bytes (Keyframe: false, pts_us=476411307241, codec=0x01)
default	16:19:43.161499-0800	Runner	flutter: pushVideoFrame failed: AnyhowException(sender is not active; call start_sankaku_sender first

Stack backtrace:
   0: std::backtrace::Backtrace::create
   1: std::backtrace::Backtrace::capture
   2: rust_lib_nomikai::api::simple::push_video_frame
   3: flutter_rust_bridge::misc::panic_backtrace::PanicBacktrace::catch_unwind
   4: <F as threadpool::FnBox>::call_box
   5: std::sys::backtrace::__rust_begin_short_backtrace
   6: core::ops::function::FnOnce::call_once{{vtable.shim}}
   7: std::sys::thread::unix::Thread::new::thread_start
   8: <unknown>)
default	16:19:43.161521-0800	Runner	flutter: [2026-02-28T16:19:43.159210] pushVideoFrame failed: AnyhowException(sender is not active; call start_sankaku_sender first

Stack backtrace:
   0: std::backtrace::Backtrace::create
   1: std::backtrace::Backtrace::capture
   2: rust_lib_nomikai::api::simple::push_video_frame
   3: flutter_rust_bridge::misc::panic_backtrace::PanicBacktrace::catch_unwind
   4: <F as threadpool::FnBox>::call_box
   5: std::sys::backtrace::__rust_begin_short_backtrace
   6: core::ops::function::FnOnce::call_once{{vtable.shim}}
   7: std::sys::thread::unix::Thread::new::thread_start
   8: <unknown>)
default	16:19:43.161556-0800	Runner	flutter: DEBUG: Dart received AUDIO chunk: 91 bytes (pts_us=476411323708, frames_per_packet=960, codec=0x03)
default	16:19:43.161570-0800	Runner	flutter: [2026-02-28T16:19:43.159729] DEBUG: Dart received AUDIO chunk: 91 bytes (pts_us=476411323708, frames_per_packet=960, codec=0x03)
default	16:19:43.161601-0800	Runner	flutter: pushAudioFrame failed: AnyhowException(sender is not active; call start_sankaku_sender first

Stack backtrace:
   0: std::backtrace::Backtrace::create
   1: std::backtrace::Backtrace::capture
   2: rust_lib_nomikai::api::simple::push_audio_frame
   3: flutter_rust_bridge::misc::panic_backtrace::PanicBacktrace::catch_unwind
   4: <F as threadpool::FnBox>::call_box
   5: std::sys::backtrace::__rust_begin_short_backtrace
   6: core::ops::function::FnOnce::call_once{{vtable.shim}}
   7: std::sys::thread::unix::Thread::new::thread_start
   8: <unknown>)
default	16:19:43.161612-0800	Runner	flutter: [2026-02-28T16:19:43.161227] pushAudioFrame failed: AnyhowException(sender is not active; call start_sankaku_sender first

Stack backtrace:
   0: std::backtrace::Backtrace::create
   1: std::backtrace::Backtrace::capture
   2: rust_lib_nomikai::api::simple::push_audio_frame
   3: flutter_rust_bridge::misc::panic_backtrace::PanicBacktrace::catch_unwind
   4: <F as threadpool::FnBox>::call_box
   5: std::sys::backtrace::__rust_begin_short_backtrace
   6: core::ops::function::FnOnce::call_once{{vtable.shim}}
   7: std::sys::thread::unix::Thread::new::thread_start
   8: <unknown>)
default	16:19:43.181082-0800	Runner	<private>
default	16:19:43.181535-0800	Runner	flutter: DEBUG: Dart received AUDIO chunk: 90 bytes (pts_us=476411346708, frames_per_packet=960, codec=0x03)
default	16:19:43.181580-0800	Runner	flutter: [2026-02-28T16:19:43.181491] DEBUG: Dart received AUDIO chunk: 90 bytes (pts_us=476411346708, frames_per_packet=960, codec=0x03)
default	16:19:43.181781-0800	Runner	flutter: DEBUG: Dart received AUDIO chunk: 90 bytes (pts_us=476411366708, frames_per_packet=960, codec=0x03)
default	16:19:43.181792-0800	Runner	flutter: [2026-02-28T16:19:43.181628] DEBUG: Dart received AUDIO chunk: 90 bytes (pts_us=476411366708, frames_per_packet=960, codec=0x03)
default	16:19:43.183168-0800	Runner	flutter: pushAudioFrame failed: AnyhowException(sender is not active; call start_sankaku_sender first

Stack backtrace:
   0: std::backtrace::Backtrace::create
   1: std::backtrace::Backtrace::capture
   2: rust_lib_nomikai::api::simple::push_audio_frame
   3: flutter_rust_bridge::misc::panic_backtrace::PanicBacktrace::catch_unwind
   4: <F as threadpool::FnBox>::call_box
   5: std::sys::backtrace::__rust_begin_short_backtrace
   6: core::ops::function::FnOnce::call_once{{vtable.shim}}
   7: std::sys::thread::unix::Thread::new::thread_start
   8: <unknown>)
default	16:19:43.183751-0800	Runner	flutter: [2026-02-28T16:19:43.182367] pushAudioFrame failed: AnyhowException(sender is not active; call start_sankaku_sender first

Stack backtrace:
   0: std::backtrace::Backtrace::create
   1: std::backtrace::Backtrace::capture
   2: rust_lib_nomikai::api::simple::push_audio_frame
   3: flutter_rust_bridge::misc::panic_backtrace::PanicBacktrace::catch_unwind
   4: <F as threadpool::FnBox>::call_box
   5: std::sys::backtrace::__rust_begin_short_backtrace
   6: core::ops::function::FnOnce::call_once{{vtable.shim}}
   7: std::sys::thread::unix::Thread::new::thread_start
   8: <unknown>)
default	16:19:43.183772-0800	Runner	flutter: pushAudioFrame failed: AnyhowException(sender is not active; call start_sankaku_sender first

Stack backtrace:
   0: std::backtrace::Backtrace::create
   1: std::backtrace::Backtrace::capture
   2: rust_lib_nomikai::api::simple::push_audio_frame
   3: flutter_rust_bridge::misc::panic_backtrace::PanicBacktrace::catch_unwind
   4: <F as threadpool::FnBox>::call_box
   5: std::sys::backtrace::__rust_begin_short_backtrace
   6: core::ops::function::FnOnce::call_once{{vtable.shim}}
   7: std::sys::thread::unix::Thread::new::thread_start
   8: <unknown>)
default	16:19:43.183780-0800	Runner	flutter: [2026-02-28T16:19:43.182638] pushAudioFrame failed: AnyhowException(sender is not active; call start_sankaku_sender first

Stack backtrace:
   0: std::backtrace::Backtrace::create
   1: std::backtrace::Backtrace::capture
   2: rust_lib_nomikai::api::simple::push_audio_frame
   3: flutter_rust_bridge::misc::panic_backtrace::PanicBacktrace::catch_unwind
   4: <F as threadpool::FnBox>::call_box
   5: std::sys::backtrace::__rust_begin_short_backtrace
   6: core::ops::function::FnOnce::call_once{{vtable.shim}}
   7: std::sys::thread::unix::Thread::new::thread_start
   8: <unknown>)
default	16:19:43.192542-0800	Runner	flutter: DEBUG: Dart received VIDEO chunk: 10446 bytes (Keyframe: false, pts_us=476411340563, codec=0x01)
default	16:19:43.192738-0800	Runner	flutter: [2026-02-28T16:19:43.192297] DEBUG: Dart received VIDEO chunk: 10446 bytes (Keyframe: false, pts_us=476411340563, codec=0x01)
default	16:19:43.193974-0800	Runner	flutter: pushVideoFrame failed: AnyhowException(sender is not active; call start_sankaku_sender first

Stack backtrace:
   0: std::backtrace::Backtrace::create
   1: std::backtrace::Backtrace::capture
   2: rust_lib_nomikai::api::simple::push_video_frame
   3: flutter_rust_bridge::misc::panic_backtrace::PanicBacktrace::catch_unwind
   4: <F as threadpool::FnBox>::call_box
   5: std::sys::backtrace::__rust_begin_short_backtrace
   6: core::ops::function::FnOnce::call_once{{vtable.shim}}
   7: std::sys::thread::unix::Thread::new::thread_start
   8: <unknown>)
default	16:19:43.194036-0800	Runner	flutter: [2026-02-28T16:19:43.193839] pushVideoFrame failed: AnyhowException(sender is not active; call start_sankaku_sender first

Stack backtrace:
   0: std::backtrace::Backtrace::create
   1: std::backtrace::Backtrace::capture
   2: rust_lib_nomikai::api::simple::push_video_frame
   3: flutter_rust_bridge::misc::panic_backtrace::PanicBacktrace::catch_unwind
   4: <F as threadpool::FnBox>::call_box
   5: std::sys::backtrace::__rust_begin_short_backtrace
   6: core::ops::function::FnOnce::call_once{{vtable.shim}}
   7: std::sys::thread::unix::Thread::new::thread_start
   8: <unknown>)
default	16:19:43.208667-0800	Runner	flutter: DEBUG: Dart received AUDIO chunk: 92 bytes (pts_us=476411369708, frames_per_packet=960, codec=0x03)
default	16:19:43.208689-0800	Runner	flutter: [2026-02-28T16:19:43.208569] DEBUG: Dart received AUDIO chunk: 92 bytes (pts_us=476411369708, frames_per_packet=960, codec=0x03)
default	16:19:43.209789-0800	Runner	flutter: pushAudioFrame failed: AnyhowException(sender is not active; call start_sankaku_sender first

Stack backtrace:
   0: std::backtrace::Backtrace::create
   1: std::backtrace::Backtrace::capture
   2: rust_lib_nomikai::api::simple::push_audio_frame
   3: flutter_rust_bridge::misc::panic_backtrace::PanicBacktrace::catch_unwind
   4: <F as threadpool::FnBox>::call_box
   5: std::sys::backtrace::__rust_begin_short_backtrace
   6: core::ops::function::FnOnce::call_once{{vtable.shim}}
   7: std::sys::thread::unix::Thread::new::thread_start
   8: <unknown>)
default	16:19:43.209837-0800	Runner	flutter: [2026-02-28T16:19:43.209682] pushAudioFrame failed: AnyhowException(sender is not active; call start_sankaku_sender first

Stack backtrace:
   0: std::backtrace::Backtrace::create
   1: std::backtrace::Backtrace::capture
   2: rust_lib_nomikai::api::simple::push_audio_frame
   3: flutter_rust_bridge::misc::panic_backtrace::PanicBacktrace::catch_unwind
   4: <F as threadpool::FnBox>::call_box
   5: std::sys::backtrace::__rust_begin_short_backtrace
   6: core::ops::function::FnOnce::call_once{{vtable.shim}}
   7: std::sys::thread::unix::Thread::new::thread_start
   8: <unknown>)
default	16:19:43.224255-0800	Runner	flutter: DEBUG: Dart received VIDEO chunk: 10417 bytes (Keyframe: false, pts_us=476411373884, codec=0x01)
default	16:19:43.224422-0800	Runner	flutter: [2026-02-28T16:19:43.224121] DEBUG: Dart received VIDEO chunk: 10417 bytes (Keyframe: false, pts_us=476411373884, codec=0x01)
default	16:19:43.225363-0800	Runner	flutter: pushVideoFrame failed: AnyhowException(sender is not active; call start_sankaku_sender first

Stack backtrace:
   0: std::backtrace::Backtrace::create
   1: std::backtrace::Backtrace::capture
   2: rust_lib_nomikai::api::simple::push_video_frame
   3: flutter_rust_bridge::misc::panic_backtrace::PanicBacktrace::catch_unwind
   4: <F as threadpool::FnBox>::call_box
   5: std::sys::backtrace::__rust_begin_short_backtrace
   6: core::ops::function::FnOnce::call_once{{vtable.shim}}
   7: std::sys::thread::unix::Thread::new::thread_start
   8: <unknown>)
default	16:19:43.225450-0800	Runner	flutter: [2026-02-28T16:19:43.225225] pushVideoFrame failed: AnyhowException(sender is not active; call start_sankaku_sender first

Stack backtrace:
   0: std::backtrace::Backtrace::create
   1: std::backtrace::Backtrace::capture
   2: rust_lib_nomikai::api::simple::push_video_frame
   3: flutter_rust_bridge::misc::panic_backtrace::PanicBacktrace::catch_unwind
   4: <F as threadpool::FnBox>::call_box
   5: std::sys::backtrace::__rust_begin_short_backtrace
   6: core::ops::function::FnOnce::call_once{{vtable.shim}}
   7: std::sys::thread::unix::Thread::new::thread_start
   8: <unknown>)
default	16:19:43.226783-0800	Runner	flutter: DEBUG: Dart received AUDIO chunk: 90 bytes (pts_us=476411392708, frames_per_packet=960, codec=0x03)
default	16:19:43.226838-0800	Runner	flutter: [2026-02-28T16:19:43.226661] DEBUG: Dart received AUDIO chunk: 90 bytes (pts_us=476411392708, frames_per_packet=960, codec=0x03)
default	16:19:43.227632-0800	Runner	flutter: pushAudioFrame failed: AnyhowException(sender is not active; call start_sankaku_sender first

Stack backtrace:
   0: std::backtrace::Backtrace::create
   1: std::backtrace::Backtrace::capture
   2: rust_lib_nomikai::api::simple::push_audio_frame
   3: flutter_rust_bridge::misc::panic_backtrace::PanicBacktrace::catch_unwind
   4: <F as threadpool::FnBox>::call_box
   5: std::sys::backtrace::__rust_begin_short_backtrace
   6: core::ops::function::FnOnce::call_once{{vtable.shim}}
   7: std::sys::thread::unix::Thread::new::thread_start
   8: <unknown>)
default	16:19:43.227688-0800	Runner	flutter: [2026-02-28T16:19:43.227501] pushAudioFrame failed: AnyhowException(sender is not active; call start_sankaku_sender first

Stack backtrace:
   0: std::backtrace::Backtrace::create
   1: std::backtrace::Backtrace::capture
   2: rust_lib_nomikai::api::simple::push_audio_frame
   3: flutter_rust_bridge::misc::panic_backtrace::PanicBacktrace::catch_unwind
   4: <F as threadpool::FnBox>::call_box
   5: std::sys::backtrace::__rust_begin_short_backtrace
   6: core::ops::function::FnOnce::call_once{{vtable.shim}}
   7: std::sys::thread::unix::Thread::new::thread_start
   8: <unknown>)
default	16:19:43.250919-0800	Runner	flutter: DEBUG: Dart received AUDIO chunk: 90 bytes (pts_us=476411415708, frames_per_packet=960, codec=0x03)
default	16:19:43.250981-0800	Runner	flutter: [2026-02-28T16:19:43.250764] DEBUG: Dart received AUDIO chunk: 90 bytes (pts_us=476411415708, frames_per_packet=960, codec=0x03)
default	16:19:43.251998-0800	Runner	flutter: pushAudioFrame failed: AnyhowException(sender is not active; call start_sankaku_sender first

Stack backtrace:
   0: std::backtrace::Backtrace::create
   1: std::backtrace::Backtrace::capture
   2: rust_lib_nomikai::api::simple::push_audio_frame
   3: flutter_rust_bridge::misc::panic_backtrace::PanicBacktrace::catch_unwind
   4: <F as threadpool::FnBox>::call_box
   5: std::sys::backtrace::__rust_begin_short_backtrace
   6: core::ops::function::FnOnce::call_once{{vtable.shim}}
   7: std::sys::thread::unix::Thread::new::thread_start
   8: <unknown>)
default	16:19:43.252046-0800	Runner	flutter: [2026-02-28T16:19:43.251867] pushAudioFrame failed: AnyhowException(sender is not active; call start_sankaku_sender first

Stack backtrace:
   0: std::backtrace::Backtrace::create
   1: std::backtrace::Backtrace::capture
   2: rust_lib_nomikai::api::simple::push_audio_frame
   3: flutter_rust_bridge::misc::panic_backtrace::PanicBacktrace::catch_unwind
   4: <F as threadpool::FnBox>::call_box
   5: std::sys::backtrace::__rust_begin_short_backtrace
   6: core::ops::function::FnOnce::call_once{{vtable.shim}}
   7: std::sys::thread::unix::Thread::new::thread_start
   8: <unknown>)
default	16:19:43.256707-0800	Runner	flutter: DEBUG: Dart received VIDEO chunk: 8973 bytes (Keyframe: false, pts_us=476411407217, codec=0x01)
default	16:19:43.257255-0800	Runner	flutter: [2026-02-28T16:19:43.256528] DEBUG: Dart received VIDEO chunk: 8973 bytes (Keyframe: false, pts_us=476411407217, codec=0x01)
default	16:19:43.259877-0800	Runner	flutter: pushVideoFrame failed: AnyhowException(sender is not active; call start_sankaku_sender first

Stack backtrace:
   0: std::backtrace::Backtrace::create
   1: std::backtrace::Backtrace::capture
   2: rust_lib_nomikai::api::simple::push_video_frame
   3: flutter_rust_bridge::misc::panic_backtrace::PanicBacktrace::catch_unwind
   4: <F as threadpool::FnBox>::call_box
   5: std::sys::backtrace::__rust_begin_short_backtrace
   6: core::ops::function::FnOnce::call_once{{vtable.shim}}
   7: std::sys::thread::unix::Thread::new::thread_start
   8: <unknown>)
default	16:19:43.259947-0800	Runner	flutter: [2026-02-28T16:19:43.258996] pushVideoFrame failed: AnyhowException(sender is not active; call start_sankaku_sender first

Stack backtrace:
   0: std::backtrace::Backtrace::create
   1: std::backtrace::Backtrace::capture
   2: rust_lib_nomikai::api::simple::push_video_frame
   3: flutter_rust_bridge::misc::panic_backtrace::PanicBacktrace::catch_unwind
   4: <F as threadpool::FnBox>::call_box
   5: std::sys::backtrace::__rust_begin_short_backtrace
   6: core::ops::function::FnOnce::call_once{{vtable.shim}}
   7: std::sys::thread::unix::Thread::new::thread_start
   8: <unknown>)
default	16:19:43.273869-0800	Runner	flutter: DEBUG: Dart received AUDIO chunk: 91 bytes (pts_us=476411438708, frames_per_packet=960, codec=0x03)
default	16:19:43.274858-0800	Runner	flutter: [2026-02-28T16:19:43.273772] DEBUG: Dart received AUDIO chunk: 91 bytes (pts_us=476411438708, frames_per_packet=960, codec=0x03)
default	16:19:43.276068-0800	Runner	flutter: pushAudioFrame failed: AnyhowException(sender is not active; call start_sankaku_sender first

Stack backtrace:
   0: std::backtrace::Backtrace::create
   1: std::backtrace::Backtrace::capture
   2: rust_lib_nomikai::api::simple::push_audio_frame
   3: flutter_rust_bridge::misc::panic_backtrace::PanicBacktrace::catch_unwind
   4: <F as threadpool::FnBox>::call_box
   5: std::sys::backtrace::__rust_begin_short_backtrace
   6: core::ops::function::FnOnce::call_once{{vtable.shim}}
   7: std::sys::thread::unix::Thread::new::thread_start
   8: <unknown>)
default	16:19:43.276113-0800	Runner	flutter: [2026-02-28T16:19:43.275711] pushAudioFrame failed: AnyhowException(sender is not active; call start_sankaku_sender first

Stack backtrace:
   0: std::backtrace::Backtrace::create
   1: std::backtrace::Backtrace::capture
   2: rust_lib_nomikai::api::simple::push_audio_frame
   3: flutter_rust_bridge::misc::panic_backtrace::PanicBacktrace::catch_unwind
   4: <F as threadpool::FnBox>::call_box
   5: std::sys::backtrace::__rust_begin_short_backtrace
   6: core::ops::function::FnOnce::call_once{{vtable.shim}}
   7: std::sys::thread::unix::Thread::new::thread_start
   8: <unknown>)
default	16:19:43.290571-0800	Runner	flutter: DEBUG: Dart received VIDEO chunk: 7179 bytes (Keyframe: false, pts_us=476411440548, codec=0x01)
default	16:19:43.290618-0800	Runner	flutter: [2026-02-28T16:19:43.290520] DEBUG: Dart received VIDEO chunk: 7179 bytes (Keyframe: false, pts_us=476411440548, codec=0x01)
default	16:19:43.291711-0800	Runner	flutter: pushVideoFrame failed: AnyhowException(sender is not active; call start_sankaku_sender first

Stack backtrace:
   0: std::backtrace::Backtrace::create
   1: std::backtrace::Backtrace::capture
   2: rust_lib_nomikai::api::simple::push_video_frame
   3: flutter_rust_bridge::misc::panic_backtrace::PanicBacktrace::catch_unwind
   4: <F as threadpool::FnBox>::call_box
   5: std::sys::backtrace::__rust_begin_short_backtrace
   6: core::ops::function::FnOnce::call_once{{vtable.shim}}
   7: std::sys::thread::unix::Thread::new::thread_start
   8: <unknown>)
default	16:19:43.291747-0800	Runner	flutter: [2026-02-28T16:19:43.291557] pushVideoFrame failed: AnyhowException(sender is not active; call start_sankaku_sender first

Stack backtrace:
   0: std::backtrace::Backtrace::create
   1: std::backtrace::Backtrace::capture
   2: rust_lib_nomikai::api::simple::push_video_frame
   3: flutter_rust_bridge::misc::panic_backtrace::PanicBacktrace::catch_unwind
   4: <F as threadpool::FnBox>::call_box
   5: std::sys::backtrace::__rust_begin_short_backtrace
   6: core::ops::function::FnOnce::call_once{{vtable.shim}}
   7: std::sys::thread::unix::Thread::new::thread_start
   8: <unknown>)
default	16:19:43.296957-0800	Runner	flutter: DEBUG: Dart received AUDIO chunk: 92 bytes (pts_us=476411461708, frames_per_packet=960, codec=0x03)
default	16:19:43.297018-0800	Runner	flutter: [2026-02-28T16:19:43.296744] DEBUG: Dart received AUDIO chunk: 92 bytes (pts_us=476411461708, frames_per_packet=960, codec=0x03)
default	16:19:43.298199-0800	Runner	flutter: pushAudioFrame failed: AnyhowException(sender is not active; call start_sankaku_sender first

Stack backtrace:
   0: std::backtrace::Backtrace::create
   1: std::backtrace::Backtrace::capture
   2: rust_lib_nomikai::api::simple::push_audio_frame
   3: flutter_rust_bridge::misc::panic_backtrace::PanicBacktrace::catch_unwind
   4: <F as threadpool::FnBox>::call_box
   5: std::sys::backtrace::__rust_begin_short_backtrace
   6: core::ops::function::FnOnce::call_once{{vtable.shim}}
   7: std::sys::thread::unix::Thread::new::thread_start
   8: <unknown>)
default	16:19:43.298291-0800	Runner	flutter: [2026-02-28T16:19:43.298103] pushAudioFrame failed: AnyhowException(sender is not active; call start_sankaku_sender first

Stack backtrace:
   0: std::backtrace::Backtrace::create
   1: std::backtrace::Backtrace::capture
   2: rust_lib_nomikai::api::simple::push_audio_frame
   3: flutter_rust_bridge::misc::panic_backtrace::PanicBacktrace::catch_unwind
   4: <F as threadpool::FnBox>::call_box
   5: std::sys::backtrace::__rust_begin_short_backtrace
   6: core::ops::function::FnOnce::call_once{{vtable.shim}}
   7: std::sys::thread::unix::Thread::new::thread_start
   8: <unknown>)
default	16:19:43.319932-0800	Runner	flutter: DEBUG: Dart received AUDIO chunk: 90 bytes (pts_us=476411484708, frames_per_packet=960, codec=0x03)
default	16:19:43.320125-0800	Runner	flutter: [2026-02-28T16:19:43.319823] DEBUG: Dart received AUDIO chunk: 90 bytes (pts_us=476411484708, frames_per_packet=960, codec=0x03)
default	16:19:43.321640-0800	Runner	flutter: pushAudioFrame failed: AnyhowException(sender is not active; call start_sankaku_sender first

Stack backtrace:
   0: std::backtrace::Backtrace::create
   1: std::backtrace::Backtrace::capture
   2: rust_lib_nomikai::api::simple::push_audio_frame
   3: flutter_rust_bridge::misc::panic_backtrace::PanicBacktrace::catch_unwind
   4: <F as threadpool::FnBox>::call_box
   5: std::sys::backtrace::__rust_begin_short_backtrace
   6: core::ops::function::FnOnce::call_once{{vtable.shim}}
   7: std::sys::thread::unix::Thread::new::thread_start
   8: <unknown>)
default	16:19:43.321669-0800	Runner	flutter: [2026-02-28T16:19:43.321376] pushAudioFrame failed: AnyhowException(sender is not active; call start_sankaku_sender first

Stack backtrace:
   0: std::backtrace::Backtrace::create
   1: std::backtrace::Backtrace::capture
   2: rust_lib_nomikai::api::simple::push_audio_frame
   3: flutter_rust_bridge::misc::panic_backtrace::PanicBacktrace::catch_unwind
   4: <F as threadpool::FnBox>::call_box
   5: std::sys::backtrace::__rust_begin_short_backtrace
   6: core::ops::function::FnOnce::call_once{{vtable.shim}}
   7: std::sys::thread::unix::Thread::new::thread_start
   8: <unknown>)
default	16:19:43.325704-0800	Runner	flutter: DEBUG: Dart received VIDEO chunk: 7061 bytes (Keyframe: false, pts_us=476411473881, codec=0x01)
default	16:19:43.325764-0800	Runner	flutter: [2026-02-28T16:19:43.325454] DEBUG: Dart received VIDEO chunk: 7061 bytes (Keyframe: false, pts_us=476411473881, codec=0x01)
default	16:19:43.327111-0800	Runner	flutter: pushVideoFrame failed: AnyhowException(sender is not active; call start_sankaku_sender first

Stack backtrace:
   0: std::backtrace::Backtrace::create
   1: std::backtrace::Backtrace::capture
   2: rust_lib_nomikai::api::simple::push_video_frame
   3: flutter_rust_bridge::misc::panic_backtrace::PanicBacktrace::catch_unwind
   4: <F as threadpool::FnBox>::call_box
   5: std::sys::backtrace::__rust_begin_short_backtrace
   6: core::ops::function::FnOnce::call_once{{vtable.shim}}
   7: std::sys::thread::unix::Thread::new::thread_start
   8: <unknown>)
default	16:19:43.327169-0800	Runner	flutter: [2026-02-28T16:19:43.326935] pushVideoFrame failed: AnyhowException(sender is not active; call start_sankaku_sender first

Stack backtrace:
   0: std::backtrace::Backtrace::create
   1: std::backtrace::Backtrace::capture
   2: rust_lib_nomikai::api::simple::push_video_frame
   3: flutter_rust_bridge::misc::panic_backtrace::PanicBacktrace::catch_unwind
   4: <F as threadpool::FnBox>::call_box
   5: std::sys::backtrace::__rust_begin_short_backtrace
   6: core::ops::function::FnOnce::call_once{{vtable.shim}}
   7: std::sys::thread::unix::Thread::new::thread_start
   8: <unknown>)
default	16:19:43.342029-0800	Runner	<private>
default	16:19:43.342639-0800	Runner	flutter: DEBUG: Dart received AUDIO chunk: 90 bytes (pts_us=476411507708, frames_per_packet=960, codec=0x03)
default	16:19:43.342713-0800	Runner	flutter: [2026-02-28T16:19:43.342576] DEBUG: Dart received AUDIO chunk: 90 bytes (pts_us=476411507708, frames_per_packet=960, codec=0x03)
default	16:19:43.342847-0800	Runner	flutter: DEBUG: Dart received AUDIO chunk: 91 bytes (pts_us=476411527708, frames_per_packet=960, codec=0x03)
default	16:19:43.342911-0800	Runner	flutter: [2026-02-28T16:19:43.342810] DEBUG: Dart received AUDIO chunk: 91 bytes (pts_us=476411527708, frames_per_packet=960, codec=0x03)
default	16:19:43.343703-0800	Runner	flutter: pushAudioFrame failed: AnyhowException(sender is not active; call start_sankaku_sender first

Stack backtrace:
   0: std::backtrace::Backtrace::create
   1: std::backtrace::Backtrace::capture
   2: rust_lib_nomikai::api::simple::push_audio_frame
   3: flutter_rust_bridge::misc::panic_backtrace::PanicBacktrace::catch_unwind
   4: <F as threadpool::FnBox>::call_box
   5: std::sys::backtrace::__rust_begin_short_backtrace
   6: core::ops::function::FnOnce::call_once{{vtable.shim}}
   7: std::sys::thread::unix::Thread::new::thread_start
   8: <unknown>)
default	16:19:43.343739-0800	Runner	flutter: [2026-02-28T16:19:43.343554] pushAudioFrame failed: AnyhowException(sender is not active; call start_sankaku_sender first

Stack backtrace:
   0: std::backtrace::Backtrace::create
   1: std::backtrace::Backtrace::capture
   2: rust_lib_nomikai::api::simple::push_audio_frame
   3: flutter_rust_bridge::misc::panic_backtrace::PanicBacktrace::catch_unwind
   4: <F as threadpool::FnBox>::call_box
   5: std::sys::backtrace::__rust_begin_short_backtrace
   6: core::ops::function::FnOnce::call_once{{vtable.shim}}
   7: std::sys::thread::unix::Thread::new::thread_start
   8: <unknown>)
default	16:19:43.343800-0800	Runner	flutter: pushAudioFrame failed: AnyhowException(sender is not active; call start_sankaku_sender first

Stack backtrace:
   0: std::backtrace::Backtrace::create
   1: std::backtrace::Backtrace::capture
   2: rust_lib_nomikai::api::simple::push_audio_frame
   3: flutter_rust_bridge::misc::panic_backtrace::PanicBacktrace::catch_unwind
   4: <F as threadpool::FnBox>::call_box
   5: std::sys::backtrace::__rust_begin_short_backtrace
   6: core::ops::function::FnOnce::call_once{{vtable.shim}}
   7: std::sys::thread::unix::Thread::new::thread_start
   8: <unknown>)
default	16:19:43.343858-0800	Runner	flutter: [2026-02-28T16:19:43.343767] pushAudioFrame failed: AnyhowException(sender is not active; call start_sankaku_sender first

Stack backtrace:
   0: std::backtrace::Backtrace::create
   1: std::backtrace::Backtrace::capture
   2: rust_lib_nomikai::api::simple::push_audio_frame
   3: flutter_rust_bridge::misc::panic_backtrace::PanicBacktrace::catch_unwind
   4: <F as threadpool::FnBox>::call_box
   5: std::sys::backtrace::__rust_begin_short_backtrace
   6: core::ops::function::FnOnce::call_once{{vtable.shim}}
   7: std::sys::thread::unix::Thread::new::thread_start
   8: <unknown>)
default	16:19:43.357836-0800	Runner	flutter: DEBUG: Dart received VIDEO chunk: 7578 bytes (Keyframe: false, pts_us=476411507216, codec=0x01)
default	16:19:43.357960-0800	Runner	flutter: [2026-02-28T16:19:43.357814] DEBUG: Dart received VIDEO chunk: 7578 bytes (Keyframe: false, pts_us=476411507216, codec=0x01)
default	16:19:43.358810-0800	Runner	flutter: pushVideoFrame failed: AnyhowException(sender is not active; call start_sankaku_sender first

Stack backtrace:
   0: std::backtrace::Backtrace::create
   1: std::backtrace::Backtrace::capture
   2: rust_lib_nomikai::api::simple::push_video_frame
   3: flutter_rust_bridge::misc::panic_backtrace::PanicBacktrace::catch_unwind
   4: <F as threadpool::FnBox>::call_box
   5: std::sys::backtrace::__rust_begin_short_backtrace
   6: core::ops::function::FnOnce::call_once{{vtable.shim}}
   7: std::sys::thread::unix::Thread::new::thread_start
   8: <unknown>)
default	16:19:43.358844-0800	Runner	flutter: [2026-02-28T16:19:43.358719] pushVideoFrame failed: AnyhowException(sender is not active; call start_sankaku_sender first

Stack backtrace:
   0: std::backtrace::Backtrace::create
   1: std::backtrace::Backtrace::capture
   2: rust_lib_nomikai::api::simple::push_video_frame
   3: flutter_rust_bridge::misc::panic_backtrace::PanicBacktrace::catch_unwind
   4: <F as threadpool::FnBox>::call_box
   5: std::sys::backtrace::__rust_begin_short_backtrace
   6: core::ops::function::FnOnce::call_once{{vtable.shim}}
   7: std::sys::thread::unix::Thread::new::thread_start
   8: <unknown>)
default	16:19:43.365066-0800	Runner	flutter: DEBUG: Dart received AUDIO chunk: 93 bytes (pts_us=476411530708, frames_per_packet=960, codec=0x03)
default	16:19:43.365089-0800	Runner	flutter: [2026-02-28T16:19:43.364952] DEBUG: Dart received AUDIO chunk: 93 bytes (pts_us=476411530708, frames_per_packet=960, codec=0x03)
default	16:19:43.366993-0800	Runner	flutter: pushAudioFrame failed: AnyhowException(sender is not active; call start_sankaku_sender first

Stack backtrace:
   0: std::backtrace::Backtrace::create
   1: std::backtrace::Backtrace::capture
   2: rust_lib_nomikai::api::simple::push_audio_frame
   3: flutter_rust_bridge::misc::panic_backtrace::PanicBacktrace::catch_unwind
   4: <F as threadpool::FnBox>::call_box
   5: std::sys::backtrace::__rust_begin_short_backtrace
   6: core::ops::function::FnOnce::call_once{{vtable.shim}}
   7: std::sys::thread::unix::Thread::new::thread_start
   8: <unknown>)
default	16:19:43.367053-0800	Runner	flutter: [2026-02-28T16:19:43.366813] pushAudioFrame failed: AnyhowException(sender is not active; call start_sankaku_sender first

Stack backtrace:
   0: std::backtrace::Backtrace::create
   1: std::backtrace::Backtrace::capture
   2: rust_lib_nomikai::api::simple::push_audio_frame
   3: flutter_rust_bridge::misc::panic_backtrace::PanicBacktrace::catch_unwind
   4: <F as threadpool::FnBox>::call_box
   5: std::sys::backtrace::__rust_begin_short_backtrace
   6: core::ops::function::FnOnce::call_once{{vtable.shim}}
   7: std::sys::thread::unix::Thread::new::thread_start
   8: <unknown>)
default	16:19:43.387809-0800	Runner	flutter: DEBUG: Dart received AUDIO chunk: 90 bytes (pts_us=476411553708, frames_per_packet=960, codec=0x03)
default	16:19:43.387876-0800	Runner	flutter: [2026-02-28T16:19:43.387760] DEBUG: Dart received AUDIO chunk: 90 bytes (pts_us=476411553708, frames_per_packet=960, codec=0x03)
default	16:19:43.388720-0800	Runner	flutter: pushAudioFrame failed: AnyhowException(sender is not active; call start_sankaku_sender first

Stack backtrace:
   0: std::backtrace::Backtrace::create
   1: std::backtrace::Backtrace::capture
   2: rust_lib_nomikai::api::simple::push_audio_frame
   3: flutter_rust_bridge::misc::panic_backtrace::PanicBacktrace::catch_unwind
   4: <F as threadpool::FnBox>::call_box
   5: std::sys::backtrace::__rust_begin_short_backtrace
   6: core::ops::function::FnOnce::call_once{{vtable.shim}}
   7: std::sys::thread::unix::Thread::new::thread_start
   8: <unknown>)
default	16:19:43.388753-0800	Runner	flutter: [2026-02-28T16:19:43.388590] pushAudioFrame failed: AnyhowException(sender is not active; call start_sankaku_sender first

Stack backtrace:
   0: std::backtrace::Backtrace::create
   1: std::backtrace::Backtrace::capture
   2: rust_lib_nomikai::api::simple::push_audio_frame
   3: flutter_rust_bridge::misc::panic_backtrace::PanicBacktrace::catch_unwind
   4: <F as threadpool::FnBox>::call_box
   5: std::sys::backtrace::__rust_begin_short_backtrace
   6: core::ops::function::FnOnce::call_once{{vtable.shim}}
   7: std::sys::thread::unix::Thread::new::thread_start
   8: <unknown>)
default	16:19:43.390007-0800	Runner	flutter: DEBUG: Dart received VIDEO chunk: 7094 bytes (Keyframe: false, pts_us=476411540542, codec=0x01)
default	16:19:43.390033-0800	Runner	flutter: [2026-02-28T16:19:43.389932] DEBUG: Dart received VIDEO chunk: 7094 bytes (Keyframe: false, pts_us=476411540542, codec=0x01)
default	16:19:43.392040-0800	Runner	flutter: pushVideoFrame failed: AnyhowException(sender is not active; call start_sankaku_sender first

Stack backtrace:
   0: std::backtrace::Backtrace::create
   1: std::backtrace::Backtrace::capture
   2: rust_lib_nomikai::api::simple::push_video_frame
   3: flutter_rust_bridge::misc::panic_backtrace::PanicBacktrace::catch_unwind
   4: <F as threadpool::FnBox>::call_box
   5: std::sys::backtrace::__rust_begin_short_backtrace
   6: core::ops::function::FnOnce::call_once{{vtable.shim}}
   7: std::sys::thread::unix::Thread::new::thread_start
   8: <unknown>)
default	16:19:43.392091-0800	Runner	flutter: [2026-02-28T16:19:43.391857] pushVideoFrame failed: AnyhowException(sender is not active; call start_sankaku_sender first

Stack backtrace:
   0: std::backtrace::Backtrace::create
   1: std::backtrace::Backtrace::capture
   2: rust_lib_nomikai::api::simple::push_video_frame
   3: flutter_rust_bridge::misc::panic_backtrace::PanicBacktrace::catch_unwind
   4: <F as threadpool::FnBox>::call_box
   5: std::sys::backtrace::__rust_begin_short_backtrace
   6: core::ops::function::FnOnce::call_once{{vtable.shim}}
   7: std::sys::thread::unix::Thread::new::thread_start
   8: <unknown>)
default	16:19:43.410854-0800	Runner	flutter: DEBUG: Dart received AUDIO chunk: 91 bytes (pts_us=476411576708, frames_per_packet=960, codec=0x03)
default	16:19:43.411040-0800	Runner	flutter: [2026-02-28T16:19:43.410734] DEBUG: Dart received AUDIO chunk: 91 bytes (pts_us=476411576708, frames_per_packet=960, codec=0x03)
default	16:19:43.411932-0800	Runner	flutter: pushAudioFrame failed: AnyhowException(sender is not active; call start_sankaku_sender first

Stack backtrace:
   0: std::backtrace::Backtrace::create
   1: std::backtrace::Backtrace::capture
   2: rust_lib_nomikai::api::simple::push_audio_frame
   3: flutter_rust_bridge::misc::panic_backtrace::PanicBacktrace::catch_unwind
   4: <F as threadpool::FnBox>::call_box
   5: std::sys::backtrace::__rust_begin_short_backtrace
   6: core::ops::function::FnOnce::call_once{{vtable.shim}}
   7: std::sys::thread::unix::Thread::new::thread_start
   8: <unknown>)
default	16:19:43.411992-0800	Runner	flutter: [2026-02-28T16:19:43.411791] pushAudioFrame failed: AnyhowException(sender is not active; call start_sankaku_sender first

Stack backtrace:
   0: std::backtrace::Backtrace::create
   1: std::backtrace::Backtrace::capture
   2: rust_lib_nomikai::api::simple::push_audio_frame
   3: flutter_rust_bridge::misc::panic_backtrace::PanicBacktrace::catch_unwind
   4: <F as threadpool::FnBox>::call_box
   5: std::sys::backtrace::__rust_begin_short_backtrace
   6: core::ops::function::FnOnce::call_once{{vtable.shim}}
   7: std::sys::thread::unix::Thread::new::thread_start
   8: <unknown>)
default	16:19:43.425431-0800	Runner	flutter: DEBUG: Dart received VIDEO chunk: 7109 bytes (Keyframe: false, pts_us=476411573866, codec=0x01)
default	16:19:43.425467-0800	Runner	flutter: [2026-02-28T16:19:43.425282] DEBUG: Dart received VIDEO chunk: 7109 bytes (Keyframe: false, pts_us=476411573866, codec=0x01)
default	16:19:43.426415-0800	Runner	flutter: pushVideoFrame failed: AnyhowException(sender is not active; call start_sankaku_sender first

Stack backtrace:
   0: std::backtrace::Backtrace::create
   1: std::backtrace::Backtrace::capture
   2: rust_lib_nomikai::api::simple::push_video_frame
   3: flutter_rust_bridge::misc::panic_backtrace::PanicBacktrace::catch_unwind
   4: <F as threadpool::FnBox>::call_box
   5: std::sys::backtrace::__rust_begin_short_backtrace
   6: core::ops::function::FnOnce::call_once{{vtable.shim}}
   7: std::sys::thread::unix::Thread::new::thread_start
   8: <unknown>)
default	16:19:43.426451-0800	Runner	flutter: [2026-02-28T16:19:43.426221] pushVideoFrame failed: AnyhowException(sender is not active; call start_sankaku_sender first

Stack backtrace:
   0: std::backtrace::Backtrace::create
   1: std::backtrace::Backtrace::capture
   2: rust_lib_nomikai::api::simple::push_video_frame
   3: flutter_rust_bridge::misc::panic_backtrace::PanicBacktrace::catch_unwind
   4: <F as threadpool::FnBox>::call_box
   5: std::sys::backtrace::__rust_begin_short_backtrace
   6: core::ops::function::FnOnce::call_once{{vtable.shim}}
   7: std::sys::thread::unix::Thread::new::thread_start
   8: <unknown>)
default	16:19:43.434604-0800	Runner	flutter: DEBUG: Dart received AUDIO chunk: 90 bytes (pts_us=476411599708, frames_per_packet=960, codec=0x03)
default	16:19:43.434668-0800	Runner	flutter: [2026-02-28T16:19:43.434334] DEBUG: Dart received AUDIO chunk: 90 bytes (pts_us=476411599708, frames_per_packet=960, codec=0x03)
default	16:19:43.436214-0800	Runner	flutter: pushAudioFrame failed: AnyhowException(sender is not active; call start_sankaku_sender first

Stack backtrace:
   0: std::backtrace::Backtrace::create
   1: std::backtrace::Backtrace::capture
   2: rust_lib_nomikai::api::simple::push_audio_frame
   3: flutter_rust_bridge::misc::panic_backtrace::PanicBacktrace::catch_unwind
   4: <F as threadpool::FnBox>::call_box
   5: std::sys::backtrace::__rust_begin_short_backtrace
   6: core::ops::function::FnOnce::call_once{{vtable.shim}}
   7: std::sys::thread::unix::Thread::new::thread_start
   8: <unknown>)
default	16:19:43.436266-0800	Runner	flutter: [2026-02-28T16:19:43.436049] pushAudioFrame failed: AnyhowException(sender is not active; call start_sankaku_sender first

Stack backtrace:
   0: std::backtrace::Backtrace::create
   1: std::backtrace::Backtrace::capture
   2: rust_lib_nomikai::api::simple::push_audio_frame
   3: flutter_rust_bridge::misc::panic_backtrace::PanicBacktrace::catch_unwind
   4: <F as threadpool::FnBox>::call_box
   5: std::sys::backtrace::__rust_begin_short_backtrace
   6: core::ops::function::FnOnce::call_once{{vtable.shim}}
   7: std::sys::thread::unix::Thread::new::thread_start
   8: <unknown>)
default	16:19:43.457084-0800	Runner	flutter: DEBUG: Dart received AUDIO chunk: 90 bytes (pts_us=476411622708, frames_per_packet=960, codec=0x03)
default	16:19:43.457673-0800	Runner	flutter: [2026-02-28T16:19:43.457041] DEBUG: Dart received AUDIO chunk: 90 bytes (pts_us=476411622708, frames_per_packet=960, codec=0x03)
default	16:19:43.458373-0800	Runner	flutter: DEBUG: Dart received VIDEO chunk: 6168 bytes (Keyframe: false, pts_us=476411607197, codec=0x01)
default	16:19:43.458388-0800	Runner	flutter: [2026-02-28T16:19:43.457379] DEBUG: Dart received VIDEO chunk: 6168 bytes (Keyframe: false, pts_us=476411607197, codec=0x01)
default	16:19:43.458897-0800	Runner	flutter: pushAudioFrame failed: AnyhowException(sender is not active; call start_sankaku_sender first

Stack backtrace:
   0: std::backtrace::Backtrace::create
   1: std::backtrace::Backtrace::capture
   2: rust_lib_nomikai::api::simple::push_audio_frame
   3: flutter_rust_bridge::misc::panic_backtrace::PanicBacktrace::catch_unwind
   4: <F as threadpool::FnBox>::call_box
   5: std::sys::backtrace::__rust_begin_short_backtrace
   6: core::ops::function::FnOnce::call_once{{vtable.shim}}
   7: std::sys::thread::unix::Thread::new::thread_start
   8: <unknown>)
default	16:19:43.458947-0800	Runner	flutter: [2026-02-28T16:19:43.458840] pushAudioFrame failed: AnyhowException(sender is not active; call start_sankaku_sender first

Stack backtrace:
   0: std::backtrace::Backtrace::create
   1: std::backtrace::Backtrace::capture
   2: rust_lib_nomikai::api::simple::push_audio_frame
   3: flutter_rust_bridge::misc::panic_backtrace::PanicBacktrace::catch_unwind
   4: <F as threadpool::FnBox>::call_box
   5: std::sys::backtrace::__rust_begin_short_backtrace
   6: core::ops::function::FnOnce::call_once{{vtable.shim}}
   7: std::sys::thread::unix::Thread::new::thread_start
   8: <unknown>)
default	16:19:43.459122-0800	Runner	flutter: pushVideoFrame failed: AnyhowException(sender is not active; call start_sankaku_sender first

Stack backtrace:
   0: std::backtrace::Backtrace::create
   1: std::backtrace::Backtrace::capture
   2: rust_lib_nomikai::api::simple::push_video_frame
   3: flutter_rust_bridge::misc::panic_backtrace::PanicBacktrace::catch_unwind
   4: <F as threadpool::FnBox>::call_box
   5: std::sys::backtrace::__rust_begin_short_backtrace
   6: core::ops::function::FnOnce::call_once{{vtable.shim}}
   7: std::sys::thread::unix::Thread::new::thread_start
   8: <unknown>)
default	16:19:43.459141-0800	Runner	flutter: [2026-02-28T16:19:43.459012] pushVideoFrame failed: AnyhowException(sender is not active; call start_sankaku_sender first

Stack backtrace:
   0: std::backtrace::Backtrace::create
   1: std::backtrace::Backtrace::capture
   2: rust_lib_nomikai::api::simple::push_video_frame
   3: flutter_rust_bridge::misc::panic_backtrace::PanicBacktrace::catch_unwind
   4: <F as threadpool::FnBox>::call_box
   5: std::sys::backtrace::__rust_begin_short_backtrace
   6: core::ops::function::FnOnce::call_once{{vtable.shim}}
   7: std::sys::thread::unix::Thread::new::thread_start
   8: <unknown>)
default	16:19:43.480233-0800	Runner	flutter: DEBUG: Dart received AUDIO chunk: 91 bytes (pts_us=476411645708, frames_per_packet=960, codec=0x03)
default	16:19:43.480252-0800	Runner	flutter: [2026-02-28T16:19:43.479851] DEBUG: Dart received AUDIO chunk: 91 bytes (pts_us=476411645708, frames_per_packet=960, codec=0x03)
default	16:19:43.481786-0800	Runner	flutter: pushAudioFrame failed: AnyhowException(sender is not active; call start_sankaku_sender first

Stack backtrace:
   0: std::backtrace::Backtrace::create
   1: std::backtrace::Backtrace::capture
   2: rust_lib_nomikai::api::simple::push_audio_frame
   3: flutter_rust_bridge::misc::panic_backtrace::PanicBacktrace::catch_unwind
   4: <F as threadpool::FnBox>::call_box
   5: std::sys::backtrace::__rust_begin_short_backtrace
   6: core::ops::function::FnOnce::call_once{{vtable.shim}}
   7: std::sys::thread::unix::Thread::new::thread_start
   8: <unknown>)
default	16:19:43.481817-0800	Runner	flutter: [2026-02-28T16:19:43.481691] pushAudioFrame failed: AnyhowException(sender is not active; call start_sankaku_sender first

Stack backtrace:
   0: std::backtrace::Backtrace::create
   1: std::backtrace::Backtrace::capture
   2: rust_lib_nomikai::api::simple::push_audio_frame
   3: flutter_rust_bridge::misc::panic_backtrace::PanicBacktrace::catch_unwind
   4: <F as threadpool::FnBox>::call_box
   5: std::sys::backtrace::__rust_begin_short_backtrace
   6: core::ops::function::FnOnce::call_once{{vtable.shim}}
   7: std::sys::thread::unix::Thread::new::thread_start
   8: <unknown>)
default	16:19:43.491113-0800	Runner	flutter: DEBUG: Dart received VIDEO chunk: 6955 bytes (Keyframe: false, pts_us=476411640522, codec=0x01)
default	16:19:43.491132-0800	Runner	flutter: [2026-02-28T16:19:43.490951] DEBUG: Dart received VIDEO chunk: 6955 bytes (Keyframe: false, pts_us=476411640522, codec=0x01)
default	16:19:43.492099-0800	Runner	flutter: pushVideoFrame failed: AnyhowException(sender is not active; call start_sankaku_sender first

Stack backtrace:
   0: std::backtrace::Backtrace::create
   1: std::backtrace::Backtrace::capture
   2: rust_lib_nomikai::api::simple::push_video_frame
   3: flutter_rust_bridge::misc::panic_backtrace::PanicBacktrace::catch_unwind
   4: <F as threadpool::FnBox>::call_box
   5: std::sys::backtrace::__rust_begin_short_backtrace
   6: core::ops::function::FnOnce::call_once{{vtable.shim}}
   7: std::sys::thread::unix::Thread::new::thread_start
   8: <unknown>)
default	16:19:43.492144-0800	Runner	flutter: [2026-02-28T16:19:43.491971] pushVideoFrame failed: AnyhowException(sender is not active; call start_sankaku_sender first

Stack backtrace:
   0: std::backtrace::Backtrace::create
   1: std::backtrace::Backtrace::capture
   2: rust_lib_nomikai::api::simple::push_video_frame
   3: flutter_rust_bridge::misc::panic_backtrace::PanicBacktrace::catch_unwind
   4: <F as threadpool::FnBox>::call_box
   5: std::sys::backtrace::__rust_begin_short_backtrace
   6: core::ops::function::FnOnce::call_once{{vtable.shim}}
   7: std::sys::thread::unix::Thread::new::thread_start
   8: <unknown>)
default	16:19:43.513454-0800	Runner	<private>
default	16:19:43.513472-0800	Runner	flutter: DEBUG: Dart received AUDIO chunk: 91 bytes (pts_us=476411668708, frames_per_packet=960, codec=0x03)
default	16:19:43.513482-0800	Runner	flutter: [2026-02-28T16:19:43.510500] DEBUG: Dart received AUDIO chunk: 91 bytes (pts_us=476411668708, frames_per_packet=960, codec=0x03)
default	16:19:43.513492-0800	Runner	flutter: DEBUG: Dart received AUDIO chunk: 90 bytes (pts_us=476411688708, frames_per_packet=960, codec=0x03)
default	16:19:43.513501-0800	Runner	flutter: [2026-02-28T16:19:43.510702] DEBUG: Dart received AUDIO chunk: 90 bytes (pts_us=476411688708, frames_per_packet=960, codec=0x03)
default	16:19:43.513935-0800	Runner	flutter: pushAudioFrame failed: AnyhowException(sender is not active; call start_sankaku_sender first

Stack backtrace:
   0: std::backtrace::Backtrace::create
   1: std::backtrace::Backtrace::capture
   2: rust_lib_nomikai::api::simple::push_audio_frame
   3: flutter_rust_bridge::misc::panic_backtrace::PanicBacktrace::catch_unwind
   4: <F as threadpool::FnBox>::call_box
   5: std::sys::backtrace::__rust_begin_short_backtrace
   6: core::ops::function::FnOnce::call_once{{vtable.shim}}
   7: std::sys::thread::unix::Thread::new::thread_start
   8: <unknown>)
default	16:19:43.513981-0800	Runner	flutter: [2026-02-28T16:19:43.512615] pushAudioFrame failed: AnyhowException(sender is not active; call start_sankaku_sender first

Stack backtrace:
   0: std::backtrace::Backtrace::create
   1: std::backtrace::Backtrace::capture
   2: rust_lib_nomikai::api::simple::push_audio_frame
   3: flutter_rust_bridge::misc::panic_backtrace::PanicBacktrace::catch_unwind
   4: <F as threadpool::FnBox>::call_box
   5: std::sys::backtrace::__rust_begin_short_backtrace
   6: core::ops::function::FnOnce::call_once{{vtable.shim}}
   7: std::sys::thread::unix::Thread::new::thread_start
   8: <unknown>)
default	16:19:43.514432-0800	Runner	flutter: pushAudioFrame failed: AnyhowException(sender is not active; call start_sankaku_sender first

Stack backtrace:
   0: std::backtrace::Backtrace::create
   1: std::backtrace::Backtrace::capture
   2: rust_lib_nomikai::api::simple::push_audio_frame
   3: flutter_rust_bridge::misc::panic_backtrace::PanicBacktrace::catch_unwind
   4: <F as threadpool::FnBox>::call_box
   5: std::sys::backtrace::__rust_begin_short_backtrace
   6: core::ops::function::FnOnce::call_once{{vtable.shim}}
   7: std::sys::thread::unix::Thread::new::thread_start
   8: <unknown>)
default	16:19:43.514458-0800	Runner	flutter: [2026-02-28T16:19:43.513365] pushAudioFrame failed: AnyhowException(sender is not active; call start_sankaku_sender first

Stack backtrace:
   0: std::backtrace::Backtrace::create
   1: std::backtrace::Backtrace::capture
   2: rust_lib_nomikai::api::simple::push_audio_frame
   3: flutter_rust_bridge::misc::panic_backtrace::PanicBacktrace::catch_unwind
   4: <F as threadpool::FnBox>::call_box
   5: std::sys::backtrace::__rust_begin_short_backtrace
   6: core::ops::function::FnOnce::call_once{{vtable.shim}}
   7: std::sys::thread::unix::Thread::new::thread_start
   8: <unknown>)
default	16:19:43.525032-0800	Runner	flutter: DEBUG: Dart received VIDEO chunk: 6782 bytes (Keyframe: false, pts_us=476411673847, codec=0x01)
default	16:19:43.525079-0800	Runner	flutter: [2026-02-28T16:19:43.524705] DEBUG: Dart received VIDEO chunk: 6782 bytes (Keyframe: false, pts_us=476411673847, codec=0x01)
default	16:19:43.525904-0800	Runner	flutter: DEBUG: Dart received AUDIO chunk: 92 bytes (pts_us=476411691708, frames_per_packet=960, codec=0x03)
default	16:19:43.525926-0800	Runner	flutter: [2026-02-28T16:19:43.525799] DEBUG: Dart received AUDIO chunk: 92 bytes (pts_us=476411691708, frames_per_packet=960, codec=0x03)
default	16:19:43.526062-0800	Runner	flutter: pushVideoFrame failed: AnyhowException(sender is not active; call start_sankaku_sender first

Stack backtrace:
   0: std::backtrace::Backtrace::create
   1: std::backtrace::Backtrace::capture
   2: rust_lib_nomikai::api::simple::push_video_frame
   3: flutter_rust_bridge::misc::panic_backtrace::PanicBacktrace::catch_unwind
   4: <F as threadpool::FnBox>::call_box
   5: std::sys::backtrace::__rust_begin_short_backtrace
   6: core::ops::function::FnOnce::call_once{{vtable.shim}}
   7: std::sys::thread::unix::Thread::new::thread_start
   8: <unknown>)
default	16:19:43.526134-0800	Runner	flutter: [2026-02-28T16:19:43.526021] pushVideoFrame failed: AnyhowException(sender is not active; call start_sankaku_sender first

Stack backtrace:
   0: std::backtrace::Backtrace::create
   1: std::backtrace::Backtrace::capture
   2: rust_lib_nomikai::api::simple::push_video_frame
   3: flutter_rust_bridge::misc::panic_backtrace::PanicBacktrace::catch_unwind
   4: <F as threadpool::FnBox>::call_box
   5: std::sys::backtrace::__rust_begin_short_backtrace
   6: core::ops::function::FnOnce::call_once{{vtable.shim}}
   7: std::sys::thread::unix::Thread::new::thread_start
   8: <unknown>)
default	16:19:43.526751-0800	Runner	flutter: pushAudioFrame failed: AnyhowException(sender is not active; call start_sankaku_sender first

Stack backtrace:
   0: std::backtrace::Backtrace::create
   1: std::backtrace::Backtrace::capture
   2: rust_lib_nomikai::api::simple::push_audio_frame
   3: flutter_rust_bridge::misc::panic_backtrace::PanicBacktrace::catch_unwind
   4: <F as threadpool::FnBox>::call_box
   5: std::sys::backtrace::__rust_begin_short_backtrace
   6: core::ops::function::FnOnce::call_once{{vtable.shim}}
   7: std::sys::thread::unix::Thread::new::thread_start
   8: <unknown>)
default	16:19:43.526874-0800	Runner	flutter: [2026-02-28T16:19:43.526629] pushAudioFrame failed: AnyhowException(sender is not active; call start_sankaku_sender first

Stack backtrace:
   0: std::backtrace::Backtrace::create
   1: std::backtrace::Backtrace::capture
   2: rust_lib_nomikai::api::simple::push_audio_frame
   3: flutter_rust_bridge::misc::panic_backtrace::PanicBacktrace::catch_unwind
   4: <F as threadpool::FnBox>::call_box
   5: std::sys::backtrace::__rust_begin_short_backtrace
   6: core::ops::function::FnOnce::call_once{{vtable.shim}}
   7: std::sys::thread::unix::Thread::new::thread_start
   8: <unknown>)
default	16:19:43.549768-0800	Runner	flutter: DEBUG: Dart received AUDIO chunk: 92 bytes (pts_us=476411714708, frames_per_packet=960, codec=0x03)
default	16:19:43.549799-0800	Runner	flutter: [2026-02-28T16:19:43.549563] DEBUG: Dart received AUDIO chunk: 92 bytes (pts_us=476411714708, frames_per_packet=960, codec=0x03)
default	16:19:43.550789-0800	Runner	flutter: pushAudioFrame failed: AnyhowException(sender is not active; call start_sankaku_sender first

Stack backtrace:
   0: std::backtrace::Backtrace::create
   1: std::backtrace::Backtrace::capture
   2: rust_lib_nomikai::api::simple::push_audio_frame
   3: flutter_rust_bridge::misc::panic_backtrace::PanicBacktrace::catch_unwind
   4: <F as threadpool::FnBox>::call_box
   5: std::sys::backtrace::__rust_begin_short_backtrace
   6: core::ops::function::FnOnce::call_once{{vtable.shim}}
   7: std::sys::thread::unix::Thread::new::thread_start
   8: <unknown>)
default	16:19:43.550832-0800	Runner	flutter: [2026-02-28T16:19:43.550592] pushAudioFrame failed: AnyhowException(sender is not active; call start_sankaku_sender first

Stack backtrace:
   0: std::backtrace::Backtrace::create
   1: std::backtrace::Backtrace::capture
   2: rust_lib_nomikai::api::simple::push_audio_frame
   3: flutter_rust_bridge::misc::panic_backtrace::PanicBacktrace::catch_unwind
   4: <F as threadpool::FnBox>::call_box
   5: std::sys::backtrace::__rust_begin_short_backtrace
   6: core::ops::function::FnOnce::call_once{{vtable.shim}}
   7: std::sys::thread::unix::Thread::new::thread_start
   8: <unknown>)
default	16:19:43.559525-0800	Runner	flutter: DEBUG: Dart received VIDEO chunk: 6090 bytes (Keyframe: false, pts_us=476411707176, codec=0x01)
default	16:19:43.559612-0800	Runner	flutter: [2026-02-28T16:19:43.559014] DEBUG: Dart received VIDEO chunk: 6090 bytes (Keyframe: false, pts_us=476411707176, codec=0x01)
default	16:19:43.560937-0800	Runner	flutter: pushVideoFrame failed: AnyhowException(sender is not active; call start_sankaku_sender first

Stack backtrace:
   0: std::backtrace::Backtrace::create
   1: std::backtrace::Backtrace::capture
   2: rust_lib_nomikai::api::simple::push_video_frame
   3: flutter_rust_bridge::misc::panic_backtrace::PanicBacktrace::catch_unwind
   4: <F as threadpool::FnBox>::call_box
   5: std::sys::backtrace::__rust_begin_short_backtrace
   6: core::ops::function::FnOnce::call_once{{vtable.shim}}
   7: std::sys::thread::unix::Thread::new::thread_start
   8: <unknown>)
default	16:19:43.560996-0800	Runner	flutter: [2026-02-28T16:19:43.560599] pushVideoFrame failed: AnyhowException(sender is not active; call start_sankaku_sender first

Stack backtrace:
   0: std::backtrace::Backtrace::create
   1: std::backtrace::Backtrace::capture
   2: rust_lib_nomikai::api::simple::push_video_frame
   3: flutter_rust_bridge::misc::panic_backtrace::PanicBacktrace::catch_unwind
   4: <F as threadpool::FnBox>::call_box
   5: std::sys::backtrace::__rust_begin_short_backtrace
   6: core::ops::function::FnOnce::call_once{{vtable.shim}}
   7: std::sys::thread::unix::Thread::new::thread_start
   8: <unknown>)
default	16:19:43.572628-0800	Runner	flutter: DEBUG: Dart received AUDIO chunk: 90 bytes (pts_us=476411737708, frames_per_packet=960, codec=0x03)
default	16:19:43.572849-0800	Runner	flutter: [2026-02-28T16:19:43.572400] DEBUG: Dart received AUDIO chunk: 90 bytes (pts_us=476411737708, frames_per_packet=960, codec=0x03)
default	16:19:43.576770-0800	Runner	flutter: pushAudioFrame failed: AnyhowException(sender is not active; call start_sankaku_sender first

Stack backtrace:
   0: std::backtrace::Backtrace::create
   1: std::backtrace::Backtrace::capture
   2: rust_lib_nomikai::api::simple::push_audio_frame
   3: flutter_rust_bridge::misc::panic_backtrace::PanicBacktrace::catch_unwind
   4: <F as threadpool::FnBox>::call_box
   5: std::sys::backtrace::__rust_begin_short_backtrace
   6: core::ops::function::FnOnce::call_once{{vtable.shim}}
   7: std::sys::thread::unix::Thread::new::thread_start
   8: <unknown>)
default	16:19:43.576836-0800	Runner	flutter: [2026-02-28T16:19:43.575953] pushAudioFrame failed: AnyhowException(sender is not active; call start_sankaku_sender first

Stack backtrace:
   0: std::backtrace::Backtrace::create
   1: std::backtrace::Backtrace::capture
   2: rust_lib_nomikai::api::simple::push_audio_frame
   3: flutter_rust_bridge::misc::panic_backtrace::PanicBacktrace::catch_unwind
   4: <F as threadpool::FnBox>::call_box
   5: std::sys::backtrace::__rust_begin_short_backtrace
   6: core::ops::function::FnOnce::call_once{{vtable.shim}}
   7: std::sys::thread::unix::Thread::new::thread_start
   8: <unknown>)
default	16:19:43.589979-0800	Runner	flutter: DEBUG: Dart received VIDEO chunk: 7201 bytes (Keyframe: false, pts_us=476411740505, codec=0x01)
default	16:19:43.590029-0800	Runner	flutter: [2026-02-28T16:19:43.589760] DEBUG: Dart received VIDEO chunk: 7201 bytes (Keyframe: false, pts_us=476411740505, codec=0x01)
default	16:19:43.591130-0800	Runner	flutter: pushVideoFrame failed: AnyhowException(sender is not active; call start_sankaku_sender first

Stack backtrace:
   0: std::backtrace::Backtrace::create
   1: std::backtrace::Backtrace::capture
   2: rust_lib_nomikai::api::simple::push_video_frame
   3: flutter_rust_bridge::misc::panic_backtrace::PanicBacktrace::catch_unwind
   4: <F as threadpool::FnBox>::call_box
   5: std::sys::backtrace::__rust_begin_short_backtrace
   6: core::ops::function::FnOnce::call_once{{vtable.shim}}
   7: std::sys::thread::unix::Thread::new::thread_start
   8: <unknown>)
default	16:19:43.591176-0800	Runner	flutter: [2026-02-28T16:19:43.590781] pushVideoFrame failed: AnyhowException(sender is not active; call start_sankaku_sender first

Stack backtrace:
   0: std::backtrace::Backtrace::create
   1: std::backtrace::Backtrace::capture
   2: rust_lib_nomikai::api::simple::push_video_frame
   3: flutter_rust_bridge::misc::panic_backtrace::PanicBacktrace::catch_unwind
   4: <F as threadpool::FnBox>::call_box
   5: std::sys::backtrace::__rust_begin_short_backtrace
   6: core::ops::function::FnOnce::call_once{{vtable.shim}}
   7: std::sys::thread::unix::Thread::new::thread_start
   8: <unknown>)
default	16:19:43.594899-0800	Runner	flutter: DEBUG: Dart received AUDIO chunk: 90 bytes (pts_us=476411760708, frames_per_packet=960, codec=0x03)
default	16:19:43.594942-0800	Runner	flutter: [2026-02-28T16:19:43.594748] DEBUG: Dart received AUDIO chunk: 90 bytes (pts_us=476411760708, frames_per_packet=960, codec=0x03)
default	16:19:43.596170-0800	Runner	flutter: pushAudioFrame failed: AnyhowException(sender is not active; call start_sankaku_sender first

Stack backtrace:
   0: std::backtrace::Backtrace::create
   1: std::backtrace::Backtrace::capture
   2: rust_lib_nomikai::api::simple::push_audio_frame
   3: flutter_rust_bridge::misc::panic_backtrace::PanicBacktrace::catch_unwind
   4: <F as threadpool::FnBox>::call_box
   5: std::sys::backtrace::__rust_begin_short_backtrace
   6: core::ops::function::FnOnce::call_once{{vtable.shim}}
   7: std::sys::thread::unix::Thread::new::thread_start
   8: <unknown>)
default	16:19:43.596210-0800	Runner	flutter: [2026-02-28T16:19:43.595853] pushAudioFrame failed: AnyhowException(sender is not active; call start_sankaku_sender first

Stack backtrace:
   0: std::backtrace::Backtrace::create
   1: std::backtrace::Backtrace::capture
   2: rust_lib_nomikai::api::simple::push_audio_frame
   3: flutter_rust_bridge::misc::panic_backtrace::PanicBacktrace::catch_unwind
   4: <F as threadpool::FnBox>::call_box
   5: std::sys::backtrace::__rust_begin_short_backtrace
   6: core::ops::function::FnOnce::call_once{{vtable.shim}}
   7: std::sys::thread::unix::Thread::new::thread_start
   8: <unknown>)
default	16:19:43.619146-0800	Runner	flutter: DEBUG: Dart received AUDIO chunk: 91 bytes (pts_us=476411783708, frames_per_packet=960, codec=0x03)
default	16:19:43.619204-0800	Runner	flutter: [2026-02-28T16:19:43.619048] DEBUG: Dart received AUDIO chunk: 91 bytes (pts_us=476411783708, frames_per_packet=960, codec=0x03)
default	16:19:43.620173-0800	Runner	flutter: pushAudioFrame failed: AnyhowException(sender is not active; call start_sankaku_sender first

Stack backtrace:
   0: std::backtrace::Backtrace::create
   1: std::backtrace::Backtrace::capture
   2: rust_lib_nomikai::api::simple::push_audio_frame
   3: flutter_rust_bridge::misc::panic_backtrace::PanicBacktrace::catch_unwind
   4: <F as threadpool::FnBox>::call_box
   5: std::sys::backtrace::__rust_begin_short_backtrace
   6: core::ops::function::FnOnce::call_once{{vtable.shim}}
   7: std::sys::thread::unix::Thread::new::thread_start
   8: <unknown>)
default	16:19:43.620214-0800	Runner	flutter: [2026-02-28T16:19:43.620058] pushAudioFrame failed: AnyhowException(sender is not active; call start_sankaku_sender first

Stack backtrace:
   0: std::backtrace::Backtrace::create
   1: std::backtrace::Backtrace::capture
   2: rust_lib_nomikai::api::simple::push_audio_frame
   3: flutter_rust_bridge::misc::panic_backtrace::PanicBacktrace::catch_unwind
   4: <F as threadpool::FnBox>::call_box
   5: std::sys::backtrace::__rust_begin_short_backtrace
   6: core::ops::function::FnOnce::call_once{{vtable.shim}}
   7: std::sys::thread::unix::Thread::new::thread_start
   8: <unknown>)
default	16:19:43.625451-0800	Runner	flutter: DEBUG: Dart received VIDEO chunk: 6584 bytes (Keyframe: false, pts_us=476411773849, codec=0x01)
default	16:19:43.625494-0800	Runner	flutter: [2026-02-28T16:19:43.625250] DEBUG: Dart received VIDEO chunk: 6584 bytes (Keyframe: false, pts_us=476411773849, codec=0x01)
default	16:19:43.626415-0800	Runner	flutter: pushVideoFrame failed: AnyhowException(sender is not active; call start_sankaku_sender first

Stack backtrace:
   0: std::backtrace::Backtrace::create
   1: std::backtrace::Backtrace::capture
   2: rust_lib_nomikai::api::simple::push_video_frame
   3: flutter_rust_bridge::misc::panic_backtrace::PanicBacktrace::catch_unwind
   4: <F as threadpool::FnBox>::call_box
   5: std::sys::backtrace::__rust_begin_short_backtrace
   6: core::ops::function::FnOnce::call_once{{vtable.shim}}
   7: std::sys::thread::unix::Thread::new::thread_start
   8: <unknown>)
default	16:19:43.626465-0800	Runner	flutter: [2026-02-28T16:19:43.626271] pushVideoFrame failed: AnyhowException(sender is not active; call start_sankaku_sender first

Stack backtrace:
   0: std::backtrace::Backtrace::create
   1: std::backtrace::Backtrace::capture
   2: rust_lib_nomikai::api::simple::push_video_frame
   3: flutter_rust_bridge::misc::panic_backtrace::PanicBacktrace::catch_unwind
   4: <F as threadpool::FnBox>::call_box
   5: std::sys::backtrace::__rust_begin_short_backtrace
   6: core::ops::function::FnOnce::call_once{{vtable.shim}}
   7: std::sys::thread::unix::Thread::new::thread_start
   8: <unknown>)
default	16:19:43.641238-0800	Runner	<private>
default	16:19:43.641922-0800	Runner	flutter: DEBUG: Dart received AUDIO chunk: 91 bytes (pts_us=476411806708, frames_per_packet=960, codec=0x03)
default	16:19:43.641947-0800	Runner	flutter: [2026-02-28T16:19:43.641677] DEBUG: Dart received AUDIO chunk: 91 bytes (pts_us=476411806708, frames_per_packet=960, codec=0x03)
default	16:19:43.642652-0800	Runner	flutter: DEBUG: Dart received AUDIO chunk: 90 bytes (pts_us=476411826708, frames_per_packet=960, codec=0x03)
default	16:19:43.642689-0800	Runner	flutter: [2026-02-28T16:19:43.642104] DEBUG: Dart received AUDIO chunk: 90 bytes (pts_us=476411826708, frames_per_packet=960, codec=0x03)
default	16:19:43.643124-0800	Runner	flutter: pushAudioFrame failed: AnyhowException(sender is not active; call start_sankaku_sender first

Stack backtrace:
   0: std::backtrace::Backtrace::create
   1: std::backtrace::Backtrace::capture
   2: rust_lib_nomikai::api::simple::push_audio_frame
   3: flutter_rust_bridge::misc::panic_backtrace::PanicBacktrace::catch_unwind
   4: <F as threadpool::FnBox>::call_box
   5: std::sys::backtrace::__rust_begin_short_backtrace
   6: core::ops::function::FnOnce::call_once{{vtable.shim}}
   7: std::sys::thread::unix::Thread::new::thread_start
   8: <unknown>)
default	16:19:43.643165-0800	Runner	flutter: [2026-02-28T16:19:43.643013] pushAudioFrame failed: AnyhowException(sender is not active; call start_sankaku_sender first

Stack backtrace:
   0: std::backtrace::Backtrace::create
   1: std::backtrace::Backtrace::capture
   2: rust_lib_nomikai::api::simple::push_audio_frame
   3: flutter_rust_bridge::misc::panic_backtrace::PanicBacktrace::catch_unwind
   4: <F as threadpool::FnBox>::call_box
   5: std::sys::backtrace::__rust_begin_short_backtrace
   6: core::ops::function::FnOnce::call_once{{vtable.shim}}
   7: std::sys::thread::unix::Thread::new::thread_start
   8: <unknown>)
default	16:19:43.643611-0800	Runner	flutter: pushAudioFrame failed: AnyhowException(sender is not active; call start_sankaku_sender first

Stack backtrace:
   0: std::backtrace::Backtrace::create
   1: std::backtrace::Backtrace::capture
   2: rust_lib_nomikai::api::simple::push_audio_frame
   3: flutter_rust_bridge::misc::panic_backtrace::PanicBacktrace::catch_unwind
   4: <F as threadpool::FnBox>::call_box
   5: std::sys::backtrace::__rust_begin_short_backtrace
   6: core::ops::function::FnOnce::call_once{{vtable.shim}}
   7: std::sys::thread::unix::Thread::new::thread_start
   8: <unknown>)
default	16:19:43.643627-0800	Runner	flutter: [2026-02-28T16:19:43.643474] pushAudioFrame failed: AnyhowException(sender is not active; call start_sankaku_sender first

Stack backtrace:
   0: std::backtrace::Backtrace::create
   1: std::backtrace::Backtrace::capture
   2: rust_lib_nomikai::api::simple::push_audio_frame
   3: flutter_rust_bridge::misc::panic_backtrace::PanicBacktrace::catch_unwind
   4: <F as threadpool::FnBox>::call_box
   5: std::sys::backtrace::__rust_begin_short_backtrace
   6: core::ops::function::FnOnce::call_once{{vtable.shim}}
   7: std::sys::thread::unix::Thread::new::thread_start
   8: <unknown>)
default	16:19:43.656775-0800	Runner	flutter: DEBUG: Dart received VIDEO chunk: 5737 bytes (Keyframe: false, pts_us=476411807174, codec=0x01)
default	16:19:43.656819-0800	Runner	flutter: [2026-02-28T16:19:43.656614] DEBUG: Dart received VIDEO chunk: 5737 bytes (Keyframe: false, pts_us=476411807174, codec=0x01)
default	16:19:43.657955-0800	Runner	flutter: pushVideoFrame failed: AnyhowException(sender is not active; call start_sankaku_sender first

Stack backtrace:
   0: std::backtrace::Backtrace::create
   1: std::backtrace::Backtrace::capture
   2: rust_lib_nomikai::api::simple::push_video_frame
   3: flutter_rust_bridge::misc::panic_backtrace::PanicBacktrace::catch_unwind
   4: <F as threadpool::FnBox>::call_box
   5: std::sys::backtrace::__rust_begin_short_backtrace
   6: core::ops::function::FnOnce::call_once{{vtable.shim}}
   7: std::sys::thread::unix::Thread::new::thread_start
   8: <unknown>)
default	16:19:43.658009-0800	Runner	flutter: [2026-02-28T16:19:43.657685] pushVideoFrame failed: AnyhowException(sender is not active; call start_sankaku_sender first

Stack backtrace:
   0: std::backtrace::Backtrace::create
   1: std::backtrace::Backtrace::capture
   2: rust_lib_nomikai::api::simple::push_video_frame
   3: flutter_rust_bridge::misc::panic_backtrace::PanicBacktrace::catch_unwind
   4: <F as threadpool::FnBox>::call_box
   5: std::sys::backtrace::__rust_begin_short_backtrace
   6: core::ops::function::FnOnce::call_once{{vtable.shim}}
   7: std::sys::thread::unix::Thread::new::thread_start
   8: <unknown>)
default	16:19:43.664108-0800	Runner	flutter: DEBUG: Dart received AUDIO chunk: 92 bytes (pts_us=476411829708, frames_per_packet=960, codec=0x03)
default	16:19:43.664181-0800	Runner	flutter: [2026-02-28T16:19:43.663913] DEBUG: Dart received AUDIO chunk: 92 bytes (pts_us=476411829708, frames_per_packet=960, codec=0x03)
default	16:19:43.668046-0800	Runner	flutter: pushAudioFrame failed: AnyhowException(sender is not active; call start_sankaku_sender first

Stack backtrace:
   0: std::backtrace::Backtrace::create
   1: std::backtrace::Backtrace::capture
   2: rust_lib_nomikai::api::simple::push_audio_frame
   3: flutter_rust_bridge::misc::panic_backtrace::PanicBacktrace::catch_unwind
   4: <F as threadpool::FnBox>::call_box
   5: std::sys::backtrace::__rust_begin_short_backtrace
   6: core::ops::function::FnOnce::call_once{{vtable.shim}}
   7: std::sys::thread::unix::Thread::new::thread_start
   8: <unknown>)
default	16:19:43.668159-0800	Runner	flutter: [2026-02-28T16:19:43.667069] pushAudioFrame failed: AnyhowException(sender is not active; call start_sankaku_sender first

Stack backtrace:
   0: std::backtrace::Backtrace::create
   1: std::backtrace::Backtrace::capture
   2: rust_lib_nomikai::api::simple::push_audio_frame
   3: flutter_rust_bridge::misc::panic_backtrace::PanicBacktrace::catch_unwind
   4: <F as threadpool::FnBox>::call_box
   5: std::sys::backtrace::__rust_begin_short_backtrace
   6: core::ops::function::FnOnce::call_once{{vtable.shim}}
   7: std::sys::thread::unix::Thread::new::thread_start
   8: <unknown>)
default	16:19:43.689341-0800	Runner	flutter: DEBUG: Dart received AUDIO chunk: 90 bytes (pts_us=476411852708, frames_per_packet=960, codec=0x03)
default	16:19:43.689471-0800	Runner	flutter: [2026-02-28T16:19:43.689278] DEBUG: Dart received AUDIO chunk: 90 bytes (pts_us=476411852708, frames_per_packet=960, codec=0x03)
default	16:19:43.692676-0800	Runner	flutter: pushAudioFrame failed: AnyhowException(sender is not active; call start_sankaku_sender first

Stack backtrace:
   0: std::backtrace::Backtrace::create
   1: std::backtrace::Backtrace::capture
   2: rust_lib_nomikai::api::simple::push_audio_frame
   3: flutter_rust_bridge::misc::panic_backtrace::PanicBacktrace::catch_unwind
   4: <F as threadpool::FnBox>::call_box
   5: std::sys::backtrace::__rust_begin_short_backtrace
   6: core::ops::function::FnOnce::call_once{{vtable.shim}}
   7: std::sys::thread::unix::Thread::new::thread_start
   8: <unknown>)
default	16:19:43.692727-0800	Runner	flutter: [2026-02-28T16:19:43.692332] pushAudioFrame failed: AnyhowException(sender is not active; call start_sankaku_sender first

Stack backtrace:
   0: std::backtrace::Backtrace::create
   1: std::backtrace::Backtrace::capture
   2: rust_lib_nomikai::api::simple::push_audio_frame
   3: flutter_rust_bridge::misc::panic_backtrace::PanicBacktrace::catch_unwind
   4: <F as threadpool::FnBox>::call_box
   5: std::sys::backtrace::__rust_begin_short_backtrace
   6: core::ops::function::FnOnce::call_once{{vtable.shim}}
   7: std::sys::thread::unix::Thread::new::thread_start
   8: <unknown>)
default	16:19:43.694343-0800	Runner	flutter: DEBUG: Dart received VIDEO chunk: 17873 bytes (Keyframe: true, pts_us=476411840494, codec=0x01)
default	16:19:43.694442-0800	Runner	flutter: [2026-02-28T16:19:43.694269] DEBUG: Dart received VIDEO chunk: 17873 bytes (Keyframe: true, pts_us=476411840494, codec=0x01)
default	16:19:43.695467-0800	Runner	flutter: pushVideoFrame failed: AnyhowException(sender is not active; call start_sankaku_sender first

Stack backtrace:
   0: std::backtrace::Backtrace::create
   1: std::backtrace::Backtrace::capture
   2: rust_lib_nomikai::api::simple::push_video_frame
   3: flutter_rust_bridge::misc::panic_backtrace::PanicBacktrace::catch_unwind
   4: <F as threadpool::FnBox>::call_box
   5: std::sys::backtrace::__rust_begin_short_backtrace
   6: core::ops::function::FnOnce::call_once{{vtable.shim}}
   7: std::sys::thread::unix::Thread::new::thread_start
   8: <unknown>)
default	16:19:43.695503-0800	Runner	flutter: [2026-02-28T16:19:43.695331] pushVideoFrame failed: AnyhowException(sender is not active; call start_sankaku_sender first

Stack backtrace:
   0: std::backtrace::Backtrace::create
   1: std::backtrace::Backtrace::capture
   2: rust_lib_nomikai::api::simple::push_video_frame
   3: flutter_rust_bridge::misc::panic_backtrace::PanicBacktrace::catch_unwind
   4: <F as threadpool::FnBox>::call_box
   5: std::sys::backtrace::__rust_begin_short_backtrace
   6: core::ops::function::FnOnce::call_once{{vtable.shim}}
   7: std::sys::thread::unix::Thread::new::thread_start
   8: <unknown>)
default	16:19:43.710050-0800	Runner	flutter: DEBUG: Dart received AUDIO chunk: 90 bytes (pts_us=476411875708, frames_per_packet=960, codec=0x03)
default	16:19:43.710119-0800	Runner	flutter: [2026-02-28T16:19:43.709888] DEBUG: Dart received AUDIO chunk: 90 bytes (pts_us=476411875708, frames_per_packet=960, codec=0x03)
default	16:19:43.710987-0800	Runner	flutter: pushAudioFrame failed: AnyhowException(sender is not active; call start_sankaku_sender first

Stack backtrace:
   0: std::backtrace::Backtrace::create
   1: std::backtrace::Backtrace::capture
   2: rust_lib_nomikai::api::simple::push_audio_frame
   3: flutter_rust_bridge::misc::panic_backtrace::PanicBacktrace::catch_unwind
   4: <F as threadpool::FnBox>::call_box
   5: std::sys::backtrace::__rust_begin_short_backtrace
   6: core::ops::function::FnOnce::call_once{{vtable.shim}}
   7: std::sys::thread::unix::Thread::new::thread_start
   8: <unknown>)
default	16:19:43.711031-0800	Runner	flutter: [2026-02-28T16:19:43.710862] pushAudioFrame failed: AnyhowException(sender is not active; call start_sankaku_sender first

Stack backtrace:
   0: std::backtrace::Backtrace::create
   1: std::backtrace::Backtrace::capture
   2: rust_lib_nomikai::api::simple::push_audio_frame
   3: flutter_rust_bridge::misc::panic_backtrace::PanicBacktrace::catch_unwind
   4: <F as threadpool::FnBox>::call_box
   5: std::sys::backtrace::__rust_begin_short_backtrace
   6: core::ops::function::FnOnce::call_once{{vtable.shim}}
   7: std::sys::thread::unix::Thread::new::thread_start
   8: <unknown>)
default	16:19:43.722089-0800	Runner	flutter: DEBUG: Dart received VIDEO chunk: 4281 bytes (Keyframe: false, pts_us=476411873820, codec=0x01)
default	16:19:43.722172-0800	Runner	flutter: [2026-02-28T16:19:43.722048] DEBUG: Dart received VIDEO chunk: 4281 bytes (Keyframe: false, pts_us=476411873820, codec=0x01)
default	16:19:43.723239-0800	Runner	flutter: pushVideoFrame failed: AnyhowException(sender is not active; call start_sankaku_sender first

Stack backtrace:
   0: std::backtrace::Backtrace::create
   1: std::backtrace::Backtrace::capture
   2: rust_lib_nomikai::api::simple::push_video_frame
   3: flutter_rust_bridge::misc::panic_backtrace::PanicBacktrace::catch_unwind
   4: <F as threadpool::FnBox>::call_box
   5: std::sys::backtrace::__rust_begin_short_backtrace
   6: core::ops::function::FnOnce::call_once{{vtable.shim}}
   7: std::sys::thread::unix::Thread::new::thread_start
   8: <unknown>)
default	16:19:43.723283-0800	Runner	flutter: [2026-02-28T16:19:43.723025] pushVideoFrame failed: AnyhowException(sender is not active; call start_sankaku_sender first

Stack backtrace:
   0: std::backtrace::Backtrace::create
   1: std::backtrace::Backtrace::capture
   2: rust_lib_nomikai::api::simple::push_video_frame
   3: flutter_rust_bridge::misc::panic_backtrace::PanicBacktrace::catch_unwind
   4: <F as threadpool::FnBox>::call_box
   5: std::sys::backtrace::__rust_begin_short_backtrace
   6: core::ops::function::FnOnce::call_once{{vtable.shim}}
   7: std::sys::thread::unix::Thread::new::thread_start
   8: <unknown>)
default	16:19:43.734287-0800	Runner	flutter: DEBUG: Dart received AUDIO chunk: 90 bytes (pts_us=476411898708, frames_per_packet=960, codec=0x03)
default	16:19:43.734334-0800	Runner	flutter: [2026-02-28T16:19:43.733777] DEBUG: Dart received AUDIO chunk: 90 bytes (pts_us=476411898708, frames_per_packet=960, codec=0x03)
default	16:19:43.735254-0800	Runner	flutter: pushAudioFrame failed: AnyhowException(sender is not active; call start_sankaku_sender first

Stack backtrace:
   0: std::backtrace::Backtrace::create
   1: std::backtrace::Backtrace::capture
   2: rust_lib_nomikai::api::simple::push_audio_frame
   3: flutter_rust_bridge::misc::panic_backtrace::PanicBacktrace::catch_unwind
   4: <F as threadpool::FnBox>::call_box
   5: std::sys::backtrace::__rust_begin_short_backtrace
   6: core::ops::function::FnOnce::call_once{{vtable.shim}}
   7: std::sys::thread::unix::Thread::new::thread_start
   8: <unknown>)
default	16:19:43.735296-0800	Runner	flutter: [2026-02-28T16:19:43.735148] pushAudioFrame failed: AnyhowException(sender is not active; call start_sankaku_sender first

Stack backtrace:
   0: std::backtrace::Backtrace::create
   1: std::backtrace::Backtrace::capture
   2: rust_lib_nomikai::api::simple::push_audio_frame
   3: flutter_rust_bridge::misc::panic_backtrace::PanicBacktrace::catch_unwind
   4: <F as threadpool::FnBox>::call_box
   5: std::sys::backtrace::__rust_begin_short_backtrace
   6: core::ops::function::FnOnce::call_once{{vtable.shim}}
   7: std::sys::thread::unix::Thread::new::thread_start
   8: <unknown>)
default	16:19:43.755820-0800	Runner	flutter: DEBUG: Dart received VIDEO chunk: 5421 bytes (Keyframe: false, pts_us=476411907162, codec=0x01)
default	16:19:43.755989-0800	Runner	flutter: [2026-02-28T16:19:43.755665] DEBUG: Dart received VIDEO chunk: 5421 bytes (Keyframe: false, pts_us=476411907162, codec=0x01)
default	16:19:43.756215-0800	Runner	flutter: DEBUG: Dart received AUDIO chunk: 91 bytes (pts_us=476411921708, frames_per_packet=960, codec=0x03)
default	16:19:43.756242-0800	Runner	flutter: [2026-02-28T16:19:43.756079] DEBUG: Dart received AUDIO chunk: 91 bytes (pts_us=476411921708, frames_per_packet=960, codec=0x03)
default	16:19:43.759954-0800	Runner	flutter: pushVideoFrame failed: AnyhowException(sender is not active; call start_sankaku_sender first

Stack backtrace:
   0: std::backtrace::Backtrace::create
   1: std::backtrace::Backtrace::capture
   2: rust_lib_nomikai::api::simple::push_video_frame
   3: flutter_rust_bridge::misc::panic_backtrace::PanicBacktrace::catch_unwind
   4: <F as threadpool::FnBox>::call_box
   5: std::sys::backtrace::__rust_begin_short_backtrace
   6: core::ops::function::FnOnce::call_once{{vtable.shim}}
   7: std::sys::thread::unix::Thread::new::thread_start
   8: <unknown>)
default	16:19:43.760025-0800	Runner	flutter: [2026-02-28T16:19:43.758713] pushVideoFrame failed: AnyhowException(sender is not active; call start_sankaku_sender first

Stack backtrace:
   0: std::backtrace::Backtrace::create
   1: std::backtrace::Backtrace::capture
   2: rust_lib_nomikai::api::simple::push_video_frame
   3: flutter_rust_bridge::misc::panic_backtrace::PanicBacktrace::catch_unwind
   4: <F as threadpool::FnBox>::call_box
   5: std::sys::backtrace::__rust_begin_short_backtrace
   6: core::ops::function::FnOnce::call_once{{vtable.shim}}
   7: std::sys::thread::unix::Thread::new::thread_start
   8: <unknown>)
default	16:19:43.760046-0800	Runner	flutter: pushAudioFrame failed: AnyhowException(sender is not active; call start_sankaku_sender first

Stack backtrace:
   0: std::backtrace::Backtrace::create
   1: std::backtrace::Backtrace::capture
   2: rust_lib_nomikai::api::simple::push_audio_frame
   3: flutter_rust_bridge::misc::panic_backtrace::PanicBacktrace::catch_unwind
   4: <F as threadpool::FnBox>::call_box
   5: std::sys::backtrace::__rust_begin_short_backtrace
   6: core::ops::function::FnOnce::call_once{{vtable.shim}}
   7: std::sys::thread::unix::Thread::new::thread_start
   8: <unknown>)
default	16:19:43.760097-0800	Runner	flutter: [2026-02-28T16:19:43.759086] pushAudioFrame failed: AnyhowException(sender is not active; call start_sankaku_sender first

Stack backtrace:
   0: std::backtrace::Backtrace::create
   1: std::backtrace::Backtrace::capture
   2: rust_lib_nomikai::api::simple::push_audio_frame
   3: flutter_rust_bridge::misc::panic_backtrace::PanicBacktrace::catch_unwind
   4: <F as threadpool::FnBox>::call_box
   5: std::sys::backtrace::__rust_begin_short_backtrace
   6: core::ops::function::FnOnce::call_once{{vtable.shim}}
   7: std::sys::thread::unix::Thread::new::thread_start
   8: <unknown>)
default	16:19:43.779005-0800	Runner	flutter: DEBUG: Dart received AUDIO chunk: 90 bytes (pts_us=476411944708, frames_per_packet=960, codec=0x03)
default	16:19:43.779109-0800	Runner	flutter: [2026-02-28T16:19:43.778768] DEBUG: Dart received AUDIO chunk: 90 bytes (pts_us=476411944708, frames_per_packet=960, codec=0x03)
default	16:19:43.780042-0800	Runner	flutter: pushAudioFrame failed: AnyhowException(sender is not active; call start_sankaku_sender first

Stack backtrace:
   0: std::backtrace::Backtrace::create
   1: std::backtrace::Backtrace::capture
   2: rust_lib_nomikai::api::simple::push_audio_frame
   3: flutter_rust_bridge::misc::panic_backtrace::PanicBacktrace::catch_unwind
   4: <F as threadpool::FnBox>::call_box
   5: std::sys::backtrace::__rust_begin_short_backtrace
   6: core::ops::function::FnOnce::call_once{{vtable.shim}}
   7: std::sys::thread::unix::Thread::new::thread_start
   8: <unknown>)
default	16:19:43.780147-0800	Runner	flutter: [2026-02-28T16:19:43.780003] pushAudioFrame failed: AnyhowException(sender is not active; call start_sankaku_sender first

Stack backtrace:
   0: std::backtrace::Backtrace::create
   1: std::backtrace::Backtrace::capture
   2: rust_lib_nomikai::api::simple::push_audio_frame
   3: flutter_rust_bridge::misc::panic_backtrace::PanicBacktrace::catch_unwind
   4: <F as threadpool::FnBox>::call_box
   5: std::sys::backtrace::__rust_begin_short_backtrace
   6: core::ops::function::FnOnce::call_once{{vtable.shim}}
   7: std::sys::thread::unix::Thread::new::thread_start
   8: <unknown>)
default	16:19:43.787983-0800	Runner	flutter: DEBUG: Dart received VIDEO chunk: 4903 bytes (Keyframe: false, pts_us=476411940497, codec=0x01)
default	16:19:43.788032-0800	Runner	flutter: [2026-02-28T16:19:43.787843] DEBUG: Dart received VIDEO chunk: 4903 bytes (Keyframe: false, pts_us=476411940497, codec=0x01)
default	16:19:43.788902-0800	Runner	flutter: pushVideoFrame failed: AnyhowException(sender is not active; call start_sankaku_sender first

Stack backtrace:
   0: std::backtrace::Backtrace::create
   1: std::backtrace::Backtrace::capture
   2: rust_lib_nomikai::api::simple::push_video_frame
   3: flutter_rust_bridge::misc::panic_backtrace::PanicBacktrace::catch_unwind
   4: <F as threadpool::FnBox>::call_box
   5: std::sys::backtrace::__rust_begin_short_backtrace
   6: core::ops::function::FnOnce::call_once{{vtable.shim}}
   7: std::sys::thread::unix::Thread::new::thread_start
   8: <unknown>)
default	16:19:43.788944-0800	Runner	flutter: [2026-02-28T16:19:43.788773] pushVideoFrame failed: AnyhowException(sender is not active; call start_sankaku_sender first

Stack backtrace:
   0: std::backtrace::Backtrace::create
   1: std::backtrace::Backtrace::capture
   2: rust_lib_nomikai::api::simple::push_video_frame
   3: flutter_rust_bridge::misc::panic_backtrace::PanicBacktrace::catch_unwind
   4: <F as threadpool::FnBox>::call_box
   5: std::sys::backtrace::__rust_begin_short_backtrace
   6: core::ops::function::FnOnce::call_once{{vtable.shim}}
   7: std::sys::thread::unix::Thread::new::thread_start
   8: <unknown>)
default	16:19:43.801994-0800	Runner	<private>
default	16:19:43.802536-0800	Runner	flutter: DEBUG: Dart received AUDIO chunk: 90 bytes (pts_us=476411967708, frames_per_packet=960, codec=0x03)
default	16:19:43.802581-0800	Runner	flutter: [2026-02-28T16:19:43.802415] DEBUG: Dart received AUDIO chunk: 90 bytes (pts_us=476411967708, frames_per_packet=960, codec=0x03)
default	16:19:43.802659-0800	Runner	flutter: DEBUG: Dart received AUDIO chunk: 92 bytes (pts_us=476411987708, frames_per_packet=960, codec=0x03)
default	16:19:43.802678-0800	Runner	flutter: [2026-02-28T16:19:43.802582] DEBUG: Dart received AUDIO chunk: 92 bytes (pts_us=476411987708, frames_per_packet=960, codec=0x03)
default	16:19:43.803515-0800	Runner	flutter: pushAudioFrame failed: AnyhowException(sender is not active; call start_sankaku_sender first

Stack backtrace:
   0: std::backtrace::Backtrace::create
   1: std::backtrace::Backtrace::capture
   2: rust_lib_nomikai::api::simple::push_audio_frame
   3: flutter_rust_bridge::misc::panic_backtrace::PanicBacktrace::catch_unwind
   4: <F as threadpool::FnBox>::call_box
   5: std::sys::backtrace::__rust_begin_short_backtrace
   6: core::ops::function::FnOnce::call_once{{vtable.shim}}
   7: std::sys::thread::unix::Thread::new::thread_start
   8: <unknown>)
default	16:19:43.803554-0800	Runner	flutter: [2026-02-28T16:19:43.803372] pushAudioFrame failed: AnyhowException(sender is not active; call start_sankaku_sender first

Stack backtrace:
   0: std::backtrace::Backtrace::create
   1: std::backtrace::Backtrace::capture
   2: rust_lib_nomikai::api::simple::push_audio_frame
   3: flutter_rust_bridge::misc::panic_backtrace::PanicBacktrace::catch_unwind
   4: <F as threadpool::FnBox>::call_box
   5: std::sys::backtrace::__rust_begin_short_backtrace
   6: core::ops::function::FnOnce::call_once{{vtable.shim}}
   7: std::sys::thread::unix::Thread::new::thread_start
   8: <unknown>)
default	16:19:43.803626-0800	Runner	flutter: pushAudioFrame failed: AnyhowException(sender is not active; call start_sankaku_sender first

Stack backtrace:
   0: std::backtrace::Backtrace::create
   1: std::backtrace::Backtrace::capture
   2: rust_lib_nomikai::api::simple::push_audio_frame
   3: flutter_rust_bridge::misc::panic_backtrace::PanicBacktrace::catch_unwind
   4: <F as threadpool::FnBox>::call_box
   5: std::sys::backtrace::__rust_begin_short_backtrace
   6: core::ops::function::FnOnce::call_once{{vtable.shim}}
   7: std::sys::thread::unix::Thread::new::thread_start
   8: <unknown>)
default	16:19:43.803744-0800	Runner	flutter: [2026-02-28T16:19:43.803590] pushAudioFrame failed: AnyhowException(sender is not active; call start_sankaku_sender first

Stack backtrace:
   0: std::backtrace::Backtrace::create
   1: std::backtrace::Backtrace::capture
   2: rust_lib_nomikai::api::simple::push_audio_frame
   3: flutter_rust_bridge::misc::panic_backtrace::PanicBacktrace::catch_unwind
   4: <F as threadpool::FnBox>::call_box
   5: std::sys::backtrace::__rust_begin_short_backtrace
   6: core::ops::function::FnOnce::call_once{{vtable.shim}}
   7: std::sys::thread::unix::Thread::new::thread_start
   8: <unknown>)
default	16:19:43.823997-0800	Runner	flutter: DEBUG: Dart received VIDEO chunk: 5000 bytes (Keyframe: false, pts_us=476411973811, codec=0x01)
default	16:19:43.824042-0800	Runner	flutter: [2026-02-28T16:19:43.823635] DEBUG: Dart received VIDEO chunk: 5000 bytes (Keyframe: false, pts_us=476411973811, codec=0x01)
default	16:19:43.824826-0800	Runner	flutter: DEBUG: Dart received AUDIO chunk: 90 bytes (pts_us=476411990708, frames_per_packet=960, codec=0x03)
default	16:19:43.824908-0800	Runner	flutter: [2026-02-28T16:19:43.824761] DEBUG: Dart received AUDIO chunk: 90 bytes (pts_us=476411990708, frames_per_packet=960, codec=0x03)
default	16:19:43.825110-0800	Runner	flutter: pushVideoFrame failed: AnyhowException(sender is not active; call start_sankaku_sender first

Stack backtrace:
   0: std::backtrace::Backtrace::create
   1: std::backtrace::Backtrace::capture
   2: rust_lib_nomikai::api::simple::push_video_frame
   3: flutter_rust_bridge::misc::panic_backtrace::PanicBacktrace::catch_unwind
   4: <F as threadpool::FnBox>::call_box
   5: std::sys::backtrace::__rust_begin_short_backtrace
   6: core::ops::function::FnOnce::call_once{{vtable.shim}}
   7: std::sys::thread::unix::Thread::new::thread_start
   8: <unknown>)
default	16:19:43.825191-0800	Runner	flutter: [2026-02-28T16:19:43.825050] pushVideoFrame failed: AnyhowException(sender is not active; call start_sankaku_sender first

Stack backtrace:
   0: std::backtrace::Backtrace::create
   1: std::backtrace::Backtrace::capture
   2: rust_lib_nomikai::api::simple::push_video_frame
   3: flutter_rust_bridge::misc::panic_backtrace::PanicBacktrace::catch_unwind
   4: <F as threadpool::FnBox>::call_box
   5: std::sys::backtrace::__rust_begin_short_backtrace
   6: core::ops::function::FnOnce::call_once{{vtable.shim}}
   7: std::sys::thread::unix::Thread::new::thread_start
   8: <unknown>)
default	16:19:43.825613-0800	Runner	flutter: pushAudioFrame failed: AnyhowException(sender is not active; call start_sankaku_sender first

Stack backtrace:
   0: std::backtrace::Backtrace::create
   1: std::backtrace::Backtrace::capture
   2: rust_lib_nomikai::api::simple::push_audio_frame
   3: flutter_rust_bridge::misc::panic_backtrace::PanicBacktrace::catch_unwind
   4: <F as threadpool::FnBox>::call_box
   5: std::sys::backtrace::__rust_begin_short_backtrace
   6: core::ops::function::FnOnce::call_once{{vtable.shim}}
   7: std::sys::thread::unix::Thread::new::thread_start
   8: <unknown>)
default	16:19:43.825632-0800	Runner	flutter: [2026-02-28T16:19:43.825480] pushAudioFrame failed: AnyhowException(sender is not active; call start_sankaku_sender first

Stack backtrace:
   0: std::backtrace::Backtrace::create
   1: std::backtrace::Backtrace::capture
   2: rust_lib_nomikai::api::simple::push_audio_frame
   3: flutter_rust_bridge::misc::panic_backtrace::PanicBacktrace::catch_unwind
   4: <F as threadpool::FnBox>::call_box
   5: std::sys::backtrace::__rust_begin_short_backtrace
   6: core::ops::function::FnOnce::call_once{{vtable.shim}}
   7: std::sys::thread::unix::Thread::new::thread_start
   8: <unknown>)
default	16:19:43.848411-0800	Runner	flutter: DEBUG: Dart received AUDIO chunk: 90 bytes (pts_us=476412013708, frames_per_packet=960, codec=0x03)
default	16:19:43.848464-0800	Runner	flutter: [2026-02-28T16:19:43.848298] DEBUG: Dart received AUDIO chunk: 90 bytes (pts_us=476412013708, frames_per_packet=960, codec=0x03)
default	16:19:43.851016-0800	Runner	flutter: pushAudioFrame failed: AnyhowException(sender is not active; call start_sankaku_sender first

Stack backtrace:
   0: std::backtrace::Backtrace::create
   1: std::backtrace::Backtrace::capture
   2: rust_lib_nomikai::api::simple::push_audio_frame
   3: flutter_rust_bridge::misc::panic_backtrace::PanicBacktrace::catch_unwind
   4: <F as threadpool::FnBox>::call_box
   5: std::sys::backtrace::__rust_begin_short_backtrace
   6: core::ops::function::FnOnce::call_once{{vtable.shim}}
   7: std::sys::thread::unix::Thread::new::thread_start
   8: <unknown>)
default	16:19:43.851095-0800	Runner	flutter: [2026-02-28T16:19:43.850801] pushAudioFrame failed: AnyhowException(sender is not active; call start_sankaku_sender first

Stack backtrace:
   0: std::backtrace::Backtrace::create
   1: std::backtrace::Backtrace::capture
   2: rust_lib_nomikai::api::simple::push_audio_frame
   3: flutter_rust_bridge::misc::panic_backtrace::PanicBacktrace::catch_unwind
   4: <F as threadpool::FnBox>::call_box
   5: std::sys::backtrace::__rust_begin_short_backtrace
   6: core::ops::function::FnOnce::call_once{{vtable.shim}}
   7: std::sys::thread::unix::Thread::new::thread_start
   8: <unknown>)
default	16:19:43.856667-0800	Runner	flutter: DEBUG: Dart received VIDEO chunk: 4119 bytes (Keyframe: false, pts_us=476412007139, codec=0x01)
default	16:19:43.856693-0800	Runner	flutter: [2026-02-28T16:19:43.856543] DEBUG: Dart received VIDEO chunk: 4119 bytes (Keyframe: false, pts_us=476412007139, codec=0x01)
default	16:19:43.863039-0800	Runner	flutter: pushVideoFrame failed: AnyhowException(sender is not active; call start_sankaku_sender first

Stack backtrace:
   0: std::backtrace::Backtrace::create
   1: std::backtrace::Backtrace::capture
   2: rust_lib_nomikai::api::simple::push_video_frame
   3: flutter_rust_bridge::misc::panic_backtrace::PanicBacktrace::catch_unwind
   4: <F as threadpool::FnBox>::call_box
   5: std::sys::backtrace::__rust_begin_short_backtrace
   6: core::ops::function::FnOnce::call_once{{vtable.shim}}
   7: std::sys::thread::unix::Thread::new::thread_start
   8: <unknown>)
default	16:19:43.863071-0800	Runner	flutter: [2026-02-28T16:19:43.858808] pushVideoFrame failed: AnyhowException(sender is not active; call start_sankaku_sender first

Stack backtrace:
   0: std::backtrace::Backtrace::create
   1: std::backtrace::Backtrace::capture
   2: rust_lib_nomikai::api::simple::push_video_frame
   3: flutter_rust_bridge::misc::panic_backtrace::PanicBacktrace::catch_unwind
   4: <F as threadpool::FnBox>::call_box
   5: std::sys::backtrace::__rust_begin_short_backtrace
   6: core::ops::function::FnOnce::call_once{{vtable.shim}}
   7: std::sys::thread::unix::Thread::new::thread_start
   8: <unknown>)
default	16:19:43.871130-0800	Runner	flutter: DEBUG: Dart received AUDIO chunk: 91 bytes (pts_us=476412036708, frames_per_packet=960, codec=0x03)
default	16:19:43.871220-0800	Runner	flutter: [2026-02-28T16:19:43.870891] DEBUG: Dart received AUDIO chunk: 91 bytes (pts_us=476412036708, frames_per_packet=960, codec=0x03)
default	16:19:43.872082-0800	Runner	flutter: pushAudioFrame failed: AnyhowException(sender is not active; call start_sankaku_sender first

Stack backtrace:
   0: std::backtrace::Backtrace::create
   1: std::backtrace::Backtrace::capture
   2: rust_lib_nomikai::api::simple::push_audio_frame
   3: flutter_rust_bridge::misc::panic_backtrace::PanicBacktrace::catch_unwind
   4: <F as threadpool::FnBox>::call_box
   5: std::sys::backtrace::__rust_begin_short_backtrace
   6: core::ops::function::FnOnce::call_once{{vtable.shim}}
   7: std::sys::thread::unix::Thread::new::thread_start
   8: <unknown>)
default	16:19:43.872132-0800	Runner	flutter: [2026-02-28T16:19:43.872001] pushAudioFrame failed: AnyhowException(sender is not active; call start_sankaku_sender first

Stack backtrace:
   0: std::backtrace::Backtrace::create
   1: std::backtrace::Backtrace::capture
   2: rust_lib_nomikai::api::simple::push_audio_frame
   3: flutter_rust_bridge::misc::panic_backtrace::PanicBacktrace::catch_unwind
   4: <F as threadpool::FnBox>::call_box
   5: std::sys::backtrace::__rust_begin_short_backtrace
   6: core::ops::function::FnOnce::call_once{{vtable.shim}}
   7: std::sys::thread::unix::Thread::new::thread_start
   8: <unknown>)
default	16:19:43.889242-0800	Runner	flutter: DEBUG: Dart received VIDEO chunk: 4181 bytes (Keyframe: false, pts_us=476412040467, codec=0x01)
default	16:19:43.889272-0800	Runner	flutter: [2026-02-28T16:19:43.889104] DEBUG: Dart received VIDEO chunk: 4181 bytes (Keyframe: false, pts_us=476412040467, codec=0x01)
default	16:19:43.891804-0800	Runner	flutter: pushVideoFrame failed: AnyhowException(sender is not active; call start_sankaku_sender first

Stack backtrace:
   0: std::backtrace::Backtrace::create
   1: std::backtrace::Backtrace::capture
   2: rust_lib_nomikai::api::simple::push_video_frame
   3: flutter_rust_bridge::misc::panic_backtrace::PanicBacktrace::catch_unwind
   4: <F as threadpool::FnBox>::call_box
   5: std::sys::backtrace::__rust_begin_short_backtrace
   6: core::ops::function::FnOnce::call_once{{vtable.shim}}
   7: std::sys::thread::unix::Thread::new::thread_start
   8: <unknown>)
default	16:19:43.891850-0800	Runner	flutter: [2026-02-28T16:19:43.891575] pushVideoFrame failed: AnyhowException(sender is not active; call start_sankaku_sender first

Stack backtrace:
   0: std::backtrace::Backtrace::create
   1: std::backtrace::Backtrace::capture
   2: rust_lib_nomikai::api::simple::push_video_frame
   3: flutter_rust_bridge::misc::panic_backtrace::PanicBacktrace::catch_unwind
   4: <F as threadpool::FnBox>::call_box
   5: std::sys::backtrace::__rust_begin_short_backtrace
   6: core::ops::function::FnOnce::call_once{{vtable.shim}}
   7: std::sys::thread::unix::Thread::new::thread_start
   8: <unknown>)
default	16:19:43.893675-0800	Runner	flutter: DEBUG: Dart received AUDIO chunk: 92 bytes (pts_us=476412059708, frames_per_packet=960, codec=0x03)
default	16:19:43.893729-0800	Runner	flutter: [2026-02-28T16:19:43.893507] DEBUG: Dart received AUDIO chunk: 92 bytes (pts_us=476412059708, frames_per_packet=960, codec=0x03)
default	16:19:43.894314-0800	Runner	flutter: pushAudioFrame failed: AnyhowException(sender is not active; call start_sankaku_sender first

Stack backtrace:
   0: std::backtrace::Backtrace::create
   1: std::backtrace::Backtrace::capture
   2: rust_lib_nomikai::api::simple::push_audio_frame
   3: flutter_rust_bridge::misc::panic_backtrace::PanicBacktrace::catch_unwind
   4: <F as threadpool::FnBox>::call_box
   5: std::sys::backtrace::__rust_begin_short_backtrace
   6: core::ops::function::FnOnce::call_once{{vtable.shim}}
   7: std::sys::thread::unix::Thread::new::thread_start
   8: <unknown>)
default	16:19:43.894351-0800	Runner	flutter: [2026-02-28T16:19:43.894238] pushAudioFrame failed: AnyhowException(sender is not active; call start_sankaku_sender first

Stack backtrace:
   0: std::backtrace::Backtrace::create
   1: std::backtrace::Backtrace::capture
   2: rust_lib_nomikai::api::simple::push_audio_frame
   3: flutter_rust_bridge::misc::panic_backtrace::PanicBacktrace::catch_unwind
   4: <F as threadpool::FnBox>::call_box
   5: std::sys::backtrace::__rust_begin_short_backtrace
   6: core::ops::function::FnOnce::call_once{{vtable.shim}}
   7: std::sys::thread::unix::Thread::new::thread_start
   8: <unknown>)
default	16:19:43.917907-0800	Runner	flutter: DEBUG: Dart received AUDIO chunk: 93 bytes (pts_us=476412082708, frames_per_packet=960, codec=0x03)
default	16:19:43.917954-0800	Runner	flutter: [2026-02-28T16:19:43.917771] DEBUG: Dart received AUDIO chunk: 93 bytes (pts_us=476412082708, frames_per_packet=960, codec=0x03)
default	16:19:43.918760-0800	Runner	flutter: pushAudioFrame failed: AnyhowException(sender is not active; call start_sankaku_sender first

Stack backtrace:
   0: std::backtrace::Backtrace::create
   1: std::backtrace::Backtrace::capture
   2: rust_lib_nomikai::api::simple::push_audio_frame
   3: flutter_rust_bridge::misc::panic_backtrace::PanicBacktrace::catch_unwind
   4: <F as threadpool::FnBox>::call_box
   5: std::sys::backtrace::__rust_begin_short_backtrace
   6: core::ops::function::FnOnce::call_once{{vtable.shim}}
   7: std::sys::thread::unix::Thread::new::thread_start
   8: <unknown>)
default	16:19:43.918790-0800	Runner	flutter: [2026-02-28T16:19:43.918631] pushAudioFrame failed: AnyhowException(sender is not active; call start_sankaku_sender first

Stack backtrace:
   0: std::backtrace::Backtrace::create
   1: std::backtrace::Backtrace::capture
   2: rust_lib_nomikai::api::simple::push_audio_frame
   3: flutter_rust_bridge::misc::panic_backtrace::PanicBacktrace::catch_unwind
   4: <F as threadpool::FnBox>::call_box
   5: std::sys::backtrace::__rust_begin_short_backtrace
   6: core::ops::function::FnOnce::call_once{{vtable.shim}}
   7: std::sys::thread::unix::Thread::new::thread_start
   8: <unknown>)
default	16:19:43.925718-0800	Runner	flutter: DEBUG: Dart received VIDEO chunk: 5150 bytes (Keyframe: false, pts_us=476412073794, codec=0x01)
default	16:19:43.925781-0800	Runner	flutter: [2026-02-28T16:19:43.925483] DEBUG: Dart received VIDEO chunk: 5150 bytes (Keyframe: false, pts_us=476412073794, codec=0x01)
default	16:19:43.926752-0800	Runner	flutter: pushVideoFrame failed: AnyhowException(sender is not active; call start_sankaku_sender first

Stack backtrace:
   0: std::backtrace::Backtrace::create
   1: std::backtrace::Backtrace::capture
   2: rust_lib_nomikai::api::simple::push_video_frame
   3: flutter_rust_bridge::misc::panic_backtrace::PanicBacktrace::catch_unwind
   4: <F as threadpool::FnBox>::call_box
   5: std::sys::backtrace::__rust_begin_short_backtrace
   6: core::ops::function::FnOnce::call_once{{vtable.shim}}
   7: std::sys::thread::unix::Thread::new::thread_start
   8: <unknown>)
default	16:19:43.926791-0800	Runner	flutter: [2026-02-28T16:19:43.926612] pushVideoFrame failed: AnyhowException(sender is not active; call start_sankaku_sender first

Stack backtrace:
   0: std::backtrace::Backtrace::create
   1: std::backtrace::Backtrace::capture
   2: rust_lib_nomikai::api::simple::push_video_frame
   3: flutter_rust_bridge::misc::panic_backtrace::PanicBacktrace::catch_unwind
   4: <F as threadpool::FnBox>::call_box
   5: std::sys::backtrace::__rust_begin_short_backtrace
   6: core::ops::function::FnOnce::call_once{{vtable.shim}}
   7: std::sys::thread::unix::Thread::new::thread_start
   8: <unknown>)
default	16:19:43.940690-0800	Runner	flutter: DEBUG: Dart received AUDIO chunk: 85 bytes (pts_us=476412105708, frames_per_packet=960, codec=0x03)
default	16:19:43.940742-0800	Runner	flutter: [2026-02-28T16:19:43.940554] DEBUG: Dart received AUDIO chunk: 85 bytes (pts_us=476412105708, frames_per_packet=960, codec=0x03)
default	16:19:43.942688-0800	Runner	flutter: pushAudioFrame failed: AnyhowException(sender is not active; call start_sankaku_sender first

Stack backtrace:
   0: std::backtrace::Backtrace::create
   1: std::backtrace::Backtrace::capture
   2: rust_lib_nomikai::api::simple::push_audio_frame
   3: flutter_rust_bridge::misc::panic_backtrace::PanicBacktrace::catch_unwind
   4: <F as threadpool::FnBox>::call_box
   5: std::sys::backtrace::__rust_begin_short_backtrace
   6: core::ops::function::FnOnce::call_once{{vtable.shim}}
   7: std::sys::thread::unix::Thread::new::thread_start
   8: <unknown>)
default	16:19:43.942712-0800	Runner	flutter: [2026-02-28T16:19:43.942470] pushAudioFrame failed: AnyhowException(sender is not active; call start_sankaku_sender first

Stack backtrace:
   0: std::backtrace::Backtrace::create
   1: std::backtrace::Backtrace::capture
   2: rust_lib_nomikai::api::simple::push_audio_frame
   3: flutter_rust_bridge::misc::panic_backtrace::PanicBacktrace::catch_unwind
   4: <F as threadpool::FnBox>::call_box
   5: std::sys::backtrace::__rust_begin_short_backtrace
   6: core::ops::function::FnOnce::call_once{{vtable.shim}}
   7: std::sys::thread::unix::Thread::new::thread_start
   8: <unknown>)
default	16:19:43.961499-0800	Runner	flutter: DEBUG: Dart received VIDEO chunk: 3970 bytes (Keyframe: false, pts_us=476412107139, codec=0x01)
default	16:19:43.961611-0800	Runner	flutter: [2026-02-28T16:19:43.961224] DEBUG: Dart received VIDEO chunk: 3970 bytes (Keyframe: false, pts_us=476412107139, codec=0x01)
default	16:19:43.962913-0800	Runner	flutter: pushVideoFrame failed: AnyhowException(sender is not active; call start_sankaku_sender first

Stack backtrace:
   0: std::backtrace::Backtrace::create
   1: std::backtrace::Backtrace::capture
   2: rust_lib_nomikai::api::simple::push_video_frame
   3: flutter_rust_bridge::misc::panic_backtrace::PanicBacktrace::catch_unwind
   4: <F as threadpool::FnBox>::call_box
   5: std::sys::backtrace::__rust_begin_short_backtrace
   6: core::ops::function::FnOnce::call_once{{vtable.shim}}
   7: std::sys::thread::unix::Thread::new::thread_start
   8: <unknown>)
default	16:19:43.962949-0800	Runner	flutter: [2026-02-28T16:19:43.962765] pushVideoFrame failed: AnyhowException(sender is not active; call start_sankaku_sender first

Stack backtrace:
   0: std::backtrace::Backtrace::create
   1: std::backtrace::Backtrace::capture
   2: rust_lib_nomikai::api::simple::push_video_frame
   3: flutter_rust_bridge::misc::panic_backtrace::PanicBacktrace::catch_unwind
   4: <F as threadpool::FnBox>::call_box
   5: std::sys::backtrace::__rust_begin_short_backtrace
   6: core::ops::function::FnOnce::call_once{{vtable.shim}}
   7: std::sys::thread::unix::Thread::new::thread_start
   8: <unknown>)
default	16:19:43.963643-0800	Runner	<private>
default	16:19:43.964247-0800	Runner	flutter: DEBUG: Dart received AUDIO chunk: 90 bytes (pts_us=476412128708, frames_per_packet=960, codec=0x03)
default	16:19:43.964308-0800	Runner	flutter: [2026-02-28T16:19:43.964081] DEBUG: Dart received AUDIO chunk: 90 bytes (pts_us=476412128708, frames_per_packet=960, codec=0x03)
default	16:19:43.964555-0800	Runner	flutter: DEBUG: Dart received AUDIO chunk: 91 bytes (pts_us=476412148708, frames_per_packet=960, codec=0x03)
default	16:19:43.964570-0800	Runner	flutter: [2026-02-28T16:19:43.964287] DEBUG: Dart received AUDIO chunk: 91 bytes (pts_us=476412148708, frames_per_packet=960, codec=0x03)
default	16:19:43.967144-0800	Runner	flutter: pushAudioFrame failed: AnyhowException(sender is not active; call start_sankaku_sender first

Stack backtrace:
   0: std::backtrace::Backtrace::create
   1: std::backtrace::Backtrace::capture
   2: rust_lib_nomikai::api::simple::push_audio_frame
   3: flutter_rust_bridge::misc::panic_backtrace::PanicBacktrace::catch_unwind
   4: <F as threadpool::FnBox>::call_box
   5: std::sys::backtrace::__rust_begin_short_backtrace
   6: core::ops::function::FnOnce::call_once{{vtable.shim}}
   7: std::sys::thread::unix::Thread::new::thread_start
   8: <unknown>)
default	16:19:43.968000-0800	Runner	flutter: [2026-02-28T16:19:43.966950] pushAudioFrame failed: AnyhowException(sender is not active; call start_sankaku_sender first

Stack backtrace:
   0: std::backtrace::Backtrace::create
   1: std::backtrace::Backtrace::capture
   2: rust_lib_nomikai::api::simple::push_audio_frame
   3: flutter_rust_bridge::misc::panic_backtrace::PanicBacktrace::catch_unwind
   4: <F as threadpool::FnBox>::call_box
   5: std::sys::backtrace::__rust_begin_short_backtrace
   6: core::ops::function::FnOnce::call_once{{vtable.shim}}
   7: std::sys::thread::unix::Thread::new::thread_start
   8: <unknown>)
default	16:19:43.968035-0800	Runner	flutter: pushAudioFrame failed: AnyhowException(sender is not active; call start_sankaku_sender first

Stack backtrace:
   0: std::backtrace::Backtrace::create
   1: std::backtrace::Backtrace::capture
   2: rust_lib_nomikai::api::simple::push_audio_frame
   3: flutter_rust_bridge::misc::panic_backtrace::PanicBacktrace::catch_unwind
   4: <F as threadpool::FnBox>::call_box
   5: std::sys::backtrace::__rust_begin_short_backtrace
   6: core::ops::function::FnOnce::call_once{{vtable.shim}}
   7: std::sys::thread::unix::Thread::new::thread_start
   8: <unknown>)
default	16:19:43.968049-0800	Runner	flutter: [2026-02-28T16:19:43.967228] pushAudioFrame failed: AnyhowException(sender is not active; call start_sankaku_sender first

Stack backtrace:
   0: std::backtrace::Backtrace::create
   1: std::backtrace::Backtrace::capture
   2: rust_lib_nomikai::api::simple::push_audio_frame
   3: flutter_rust_bridge::misc::panic_backtrace::PanicBacktrace::catch_unwind
   4: <F as threadpool::FnBox>::call_box
   5: std::sys::backtrace::__rust_begin_short_backtrace
   6: core::ops::function::FnOnce::call_once{{vtable.shim}}
   7: std::sys::thread::unix::Thread::new::thread_start
   8: <unknown>)
default	16:19:43.986001-0800	Runner	flutter: DEBUG: Dart received AUDIO chunk: 91 bytes (pts_us=476412151708, frames_per_packet=960, codec=0x03)
default	16:19:43.986051-0800	Runner	flutter: [2026-02-28T16:19:43.985864] DEBUG: Dart received AUDIO chunk: 91 bytes (pts_us=476412151708, frames_per_packet=960, codec=0x03)
default	16:19:43.987145-0800	Runner	flutter: pushAudioFrame failed: AnyhowException(sender is not active; call start_sankaku_sender first

Stack backtrace:
   0: std::backtrace::Backtrace::create
   1: std::backtrace::Backtrace::capture
   2: rust_lib_nomikai::api::simple::push_audio_frame
   3: flutter_rust_bridge::misc::panic_backtrace::PanicBacktrace::catch_unwind
   4: <F as threadpool::FnBox>::call_box
   5: std::sys::backtrace::__rust_begin_short_backtrace
   6: core::ops::function::FnOnce::call_once{{vtable.shim}}
   7: std::sys::thread::unix::Thread::new::thread_start
   8: <unknown>)
default	16:19:43.987250-0800	Runner	flutter: [2026-02-28T16:19:43.986930] pushAudioFrame failed: AnyhowException(sender is not active; call start_sankaku_sender first

Stack backtrace:
   0: std::backtrace::Backtrace::create
   1: std::backtrace::Backtrace::capture
   2: rust_lib_nomikai::api::simple::push_audio_frame
   3: flutter_rust_bridge::misc::panic_backtrace::PanicBacktrace::catch_unwind
   4: <F as threadpool::FnBox>::call_box
   5: std::sys::backtrace::__rust_begin_short_backtrace
   6: core::ops::function::FnOnce::call_once{{vtable.shim}}
   7: std::sys::thread::unix::Thread::new::thread_start
   8: <unknown>)
default	16:19:43.992480-0800	Runner	flutter: DEBUG: Dart received VIDEO chunk: 4812 bytes (Keyframe: false, pts_us=476412140467, codec=0x01)
default	16:19:43.992537-0800	Runner	flutter: [2026-02-28T16:19:43.992242] DEBUG: Dart received VIDEO chunk: 4812 bytes (Keyframe: false, pts_us=476412140467, codec=0x01)
default	16:19:43.994333-0800	Runner	flutter: pushVideoFrame failed: AnyhowException(sender is not active; call start_sankaku_sender first

Stack backtrace:
   0: std::backtrace::Backtrace::create
   1: std::backtrace::Backtrace::capture
   2: rust_lib_nomikai::api::simple::push_video_frame
   3: flutter_rust_bridge::misc::panic_backtrace::PanicBacktrace::catch_unwind
   4: <F as threadpool::FnBox>::call_box
   5: std::sys::backtrace::__rust_begin_short_backtrace
   6: core::ops::function::FnOnce::call_once{{vtable.shim}}
   7: std::sys::thread::unix::Thread::new::thread_start
   8: <unknown>)
default	16:19:43.994374-0800	Runner	flutter: [2026-02-28T16:19:43.994193] pushVideoFrame failed: AnyhowException(sender is not active; call start_sankaku_sender first

Stack backtrace:
   0: std::backtrace::Backtrace::create
   1: std::backtrace::Backtrace::capture
   2: rust_lib_nomikai::api::simple::push_video_frame
   3: flutter_rust_bridge::misc::panic_backtrace::PanicBacktrace::catch_unwind
   4: <F as threadpool::FnBox>::call_box
   5: std::sys::backtrace::__rust_begin_short_backtrace
   6: core::ops::function::FnOnce::call_once{{vtable.shim}}
   7: std::sys::thread::unix::Thread::new::thread_start
   8: <unknown>)
default	16:19:44.010473-0800	Runner	flutter: DEBUG: Dart received AUDIO chunk: 92 bytes (pts_us=476412174708, frames_per_packet=960, codec=0x03)
default	16:19:44.010492-0800	Runner	flutter: [2026-02-28T16:19:44.010242] DEBUG: Dart received AUDIO chunk: 92 bytes (pts_us=476412174708, frames_per_packet=960, codec=0x03)
default	16:19:44.011317-0800	Runner	flutter: pushAudioFrame failed: AnyhowException(sender is not active; call start_sankaku_sender first

Stack backtrace:
   0: std::backtrace::Backtrace::create
   1: std::backtrace::Backtrace::capture
   2: rust_lib_nomikai::api::simple::push_audio_frame
   3: flutter_rust_bridge::misc::panic_backtrace::PanicBacktrace::catch_unwind
   4: <F as threadpool::FnBox>::call_box
   5: std::sys::backtrace::__rust_begin_short_backtrace
   6: core::ops::function::FnOnce::call_once{{vtable.shim}}
   7: std::sys::thread::unix::Thread::new::thread_start
   8: <unknown>)
default	16:19:44.011478-0800	Runner	flutter: [2026-02-28T16:19:44.011182] pushAudioFrame failed: AnyhowException(sender is not active; call start_sankaku_sender first

Stack backtrace:
   0: std::backtrace::Backtrace::create
   1: std::backtrace::Backtrace::capture
   2: rust_lib_nomikai::api::simple::push_audio_frame
   3: flutter_rust_bridge::misc::panic_backtrace::PanicBacktrace::catch_unwind
   4: <F as threadpool::FnBox>::call_box
   5: std::sys::backtrace::__rust_begin_short_backtrace
   6: core::ops::function::FnOnce::call_once{{vtable.shim}}
   7: std::sys::thread::unix::Thread::new::thread_start
   8: <unknown>)
default	16:19:44.022547-0800	Runner	flutter: DEBUG: Dart received VIDEO chunk: 5818 bytes (Keyframe: false, pts_us=476412173784, codec=0x01)
default	16:19:44.022564-0800	Runner	flutter: [2026-02-28T16:19:44.022164] DEBUG: Dart received VIDEO chunk: 5818 bytes (Keyframe: false, pts_us=476412173784, codec=0x01)
default	16:19:44.023377-0800	Runner	flutter: pushVideoFrame failed: AnyhowException(sender is not active; call start_sankaku_sender first

Stack backtrace:
   0: std::backtrace::Backtrace::create
   1: std::backtrace::Backtrace::capture
   2: rust_lib_nomikai::api::simple::push_video_frame
   3: flutter_rust_bridge::misc::panic_backtrace::PanicBacktrace::catch_unwind
   4: <F as threadpool::FnBox>::call_box
   5: std::sys::backtrace::__rust_begin_short_backtrace
   6: core::ops::function::FnOnce::call_once{{vtable.shim}}
   7: std::sys::thread::unix::Thread::new::thread_start
   8: <unknown>)
default	16:19:44.023441-0800	Runner	flutter: [2026-02-28T16:19:44.023325] pushVideoFrame failed: AnyhowException(sender is not active; call start_sankaku_sender first

Stack backtrace:
   0: std::backtrace::Backtrace::create
   1: std::backtrace::Backtrace::capture
   2: rust_lib_nomikai::api::simple::push_video_frame
   3: flutter_rust_bridge::misc::panic_backtrace::PanicBacktrace::catch_unwind
   4: <F as threadpool::FnBox>::call_box
   5: std::sys::backtrace::__rust_begin_short_backtrace
   6: core::ops::function::FnOnce::call_once{{vtable.shim}}
   7: std::sys::thread::unix::Thread::new::thread_start
   8: <unknown>)
default	16:19:44.031480-0800	Runner	flutter: DEBUG: Dart received AUDIO chunk: 91 bytes (pts_us=476412197708, frames_per_packet=960, codec=0x03)
default	16:19:44.031528-0800	Runner	flutter: [2026-02-28T16:19:44.031361] DEBUG: Dart received AUDIO chunk: 91 bytes (pts_us=476412197708, frames_per_packet=960, codec=0x03)
default	16:19:44.032282-0800	Runner	flutter: pushAudioFrame failed: AnyhowException(sender is not active; call start_sankaku_sender first

Stack backtrace:
   0: std::backtrace::Backtrace::create
   1: std::backtrace::Backtrace::capture
   2: rust_lib_nomikai::api::simple::push_audio_frame
   3: flutter_rust_bridge::misc::panic_backtrace::PanicBacktrace::catch_unwind
   4: <F as threadpool::FnBox>::call_box
   5: std::sys::backtrace::__rust_begin_short_backtrace
   6: core::ops::function::FnOnce::call_once{{vtable.shim}}
   7: std::sys::thread::unix::Thread::new::thread_start
   8: <unknown>)
default	16:19:44.032319-0800	Runner	flutter: [2026-02-28T16:19:44.032190] pushAudioFrame failed: AnyhowException(sender is not active; call start_sankaku_sender first

Stack backtrace:
   0: std::backtrace::Backtrace::create
   1: std::backtrace::Backtrace::capture
   2: rust_lib_nomikai::api::simple::push_audio_frame
   3: flutter_rust_bridge::misc::panic_backtrace::PanicBacktrace::catch_unwind
   4: <F as threadpool::FnBox>::call_box
   5: std::sys::backtrace::__rust_begin_short_backtrace
   6: core::ops::function::FnOnce::call_once{{vtable.shim}}
   7: std::sys::thread::unix::Thread::new::thread_start
   8: <unknown>)
default	16:19:44.054959-0800	Runner	flutter: DEBUG: Dart received VIDEO chunk: 4543 bytes (Keyframe: false, pts_us=476412207110, codec=0x01)
default	16:19:44.055006-0800	Runner	flutter: [2026-02-28T16:19:44.054777] DEBUG: Dart received VIDEO chunk: 4543 bytes (Keyframe: false, pts_us=476412207110, codec=0x01)
default	16:19:44.055133-0800	Runner	flutter: DEBUG: Dart received AUDIO chunk: 91 bytes (pts_us=476412220708, frames_per_packet=960, codec=0x03)
default	16:19:44.055200-0800	Runner	flutter: [2026-02-28T16:19:44.055056] DEBUG: Dart received AUDIO chunk: 91 bytes (pts_us=476412220708, frames_per_packet=960, codec=0x03)
default	16:19:44.056051-0800	Runner	flutter: pushVideoFrame failed: AnyhowException(sender is not active; call start_sankaku_sender first

Stack backtrace:
   0: std::backtrace::Backtrace::create
   1: std::backtrace::Backtrace::capture
   2: rust_lib_nomikai::api::simple::push_video_frame
   3: flutter_rust_bridge::misc::panic_backtrace::PanicBacktrace::catch_unwind
   4: <F as threadpool::FnBox>::call_box
   5: std::sys::backtrace::__rust_begin_short_backtrace
   6: core::ops::function::FnOnce::call_once{{vtable.shim}}
   7: std::sys::thread::unix::Thread::new::thread_start
   8: <unknown>)
default	16:19:44.056090-0800	Runner	flutter: [2026-02-28T16:19:44.055917] pushVideoFrame failed: AnyhowException(sender is not active; call start_sankaku_sender first

Stack backtrace:
   0: std::backtrace::Backtrace::create
   1: std::backtrace::Backtrace::capture
   2: rust_lib_nomikai::api::simple::push_video_frame
   3: flutter_rust_bridge::misc::panic_backtrace::PanicBacktrace::catch_unwind
   4: <F as threadpool::FnBox>::call_box
   5: std::sys::backtrace::__rust_begin_short_backtrace
   6: core::ops::function::FnOnce::call_once{{vtable.shim}}
   7: std::sys::thread::unix::Thread::new::thread_start
   8: <unknown>)
default	16:19:44.056632-0800	Runner	flutter: pushAudioFrame failed: AnyhowException(sender is not active; call start_sankaku_sender first

Stack backtrace:
   0: std::backtrace::Backtrace::create
   1: std::backtrace::Backtrace::capture
   2: rust_lib_nomikai::api::simple::push_audio_frame
   3: flutter_rust_bridge::misc::panic_backtrace::PanicBacktrace::catch_unwind
   4: <F as threadpool::FnBox>::call_box
   5: std::sys::backtrace::__rust_begin_short_backtrace
   6: core::ops::function::FnOnce::call_once{{vtable.shim}}
   7: std::sys::thread::unix::Thread::new::thread_start
   8: <unknown>)
default	16:19:44.056663-0800	Runner	flutter: [2026-02-28T16:19:44.056189] pushAudioFrame failed: AnyhowException(sender is not active; call start_sankaku_sender first

Stack backtrace:
   0: std::backtrace::Backtrace::create
   1: std::backtrace::Backtrace::capture
   2: rust_lib_nomikai::api::simple::push_audio_frame
   3: flutter_rust_bridge::misc::panic_backtrace::PanicBacktrace::catch_unwind
   4: <F as threadpool::FnBox>::call_box
   5: std::sys::backtrace::__rust_begin_short_backtrace
   6: core::ops::function::FnOnce::call_once{{vtable.shim}}
   7: std::sys::thread::unix::Thread::new::thread_start
   8: <unknown>)
default	16:19:44.077826-0800	Runner	flutter: DEBUG: Dart received AUDIO chunk: 90 bytes (pts_us=476412243708, frames_per_packet=960, codec=0x03)
default	16:19:44.077934-0800	Runner	flutter: [2026-02-28T16:19:44.077768] DEBUG: Dart received AUDIO chunk: 90 bytes (pts_us=476412243708, frames_per_packet=960, codec=0x03)
default	16:19:44.079268-0800	Runner	flutter: pushAudioFrame failed: AnyhowException(sender is not active; call start_sankaku_sender first

Stack backtrace:
   0: std::backtrace::Backtrace::create
   1: std::backtrace::Backtrace::capture
   2: rust_lib_nomikai::api::simple::push_audio_frame
   3: flutter_rust_bridge::misc::panic_backtrace::PanicBacktrace::catch_unwind
   4: <F as threadpool::FnBox>::call_box
   5: std::sys::backtrace::__rust_begin_short_backtrace
   6: core::ops::function::FnOnce::call_once{{vtable.shim}}
   7: std::sys::thread::unix::Thread::new::thread_start
   8: <unknown>)
default	16:19:44.079350-0800	Runner	flutter: [2026-02-28T16:19:44.079036] pushAudioFrame failed: AnyhowException(sender is not active; call start_sankaku_sender first

Stack backtrace:
   0: std::backtrace::Backtrace::create
   1: std::backtrace::Backtrace::capture
   2: rust_lib_nomikai::api::simple::push_audio_frame
   3: flutter_rust_bridge::misc::panic_backtrace::PanicBacktrace::catch_unwind
   4: <F as threadpool::FnBox>::call_box
   5: std::sys::backtrace::__rust_begin_short_backtrace
   6: core::ops::function::FnOnce::call_once{{vtable.shim}}
   7: std::sys::thread::unix::Thread::new::thread_start
   8: <unknown>)
default	16:19:44.091684-0800	Runner	flutter: DEBUG: Dart received VIDEO chunk: 5358 bytes (Keyframe: false, pts_us=476412240439, codec=0x01)
default	16:19:44.091721-0800	Runner	flutter: [2026-02-28T16:19:44.091553] DEBUG: Dart received VIDEO chunk: 5358 bytes (Keyframe: false, pts_us=476412240439, codec=0x01)
default	16:19:44.092684-0800	Runner	flutter: pushVideoFrame failed: AnyhowException(sender is not active; call start_sankaku_sender first

Stack backtrace:
   0: std::backtrace::Backtrace::create
   1: std::backtrace::Backtrace::capture
   2: rust_lib_nomikai::api::simple::push_video_frame
   3: flutter_rust_bridge::misc::panic_backtrace::PanicBacktrace::catch_unwind
   4: <F as threadpool::FnBox>::call_box
   5: std::sys::backtrace::__rust_begin_short_backtrace
   6: core::ops::function::FnOnce::call_once{{vtable.shim}}
   7: std::sys::thread::unix::Thread::new::thread_start
   8: <unknown>)
default	16:19:44.092725-0800	Runner	flutter: [2026-02-28T16:19:44.092607] pushVideoFrame failed: AnyhowException(sender is not active; call start_sankaku_sender first

Stack backtrace:
   0: std::backtrace::Backtrace::create
   1: std::backtrace::Backtrace::capture
   2: rust_lib_nomikai::api::simple::push_video_frame
   3: flutter_rust_bridge::misc::panic_backtrace::PanicBacktrace::catch_unwind
   4: <F as threadpool::FnBox>::call_box
   5: std::sys::backtrace::__rust_begin_short_backtrace
   6: core::ops::function::FnOnce::call_once{{vtable.shim}}
   7: std::sys::thread::unix::Thread::new::thread_start
   8: <unknown>)
default	16:19:44.102477-0800	Runner	<private>
default	16:19:44.103364-0800	Runner	flutter: DEBUG: Dart received AUDIO chunk: 91 bytes (pts_us=476412266708, frames_per_packet=960, codec=0x03)
default	16:19:44.103399-0800	Runner	flutter: [2026-02-28T16:19:44.102687] DEBUG: Dart received AUDIO chunk: 91 bytes (pts_us=476412266708, frames_per_packet=960, codec=0x03)
default	16:19:44.103570-0800	Runner	flutter: DEBUG: Dart received AUDIO chunk: 91 bytes (pts_us=476412286708, frames_per_packet=960, codec=0x03)
default	16:19:44.103598-0800	Runner	flutter: [2026-02-28T16:19:44.103367] DEBUG: Dart received AUDIO chunk: 91 bytes (pts_us=476412286708, frames_per_packet=960, codec=0x03)
default	16:19:44.104597-0800	Runner	flutter: pushAudioFrame failed: AnyhowException(sender is not active; call start_sankaku_sender first

Stack backtrace:
   0: std::backtrace::Backtrace::create
   1: std::backtrace::Backtrace::capture
   2: rust_lib_nomikai::api::simple::push_audio_frame
   3: flutter_rust_bridge::misc::panic_backtrace::PanicBacktrace::catch_unwind
   4: <F as threadpool::FnBox>::call_box
   5: std::sys::backtrace::__rust_begin_short_backtrace
   6: core::ops::function::FnOnce::call_once{{vtable.shim}}
   7: std::sys::thread::unix::Thread::new::thread_start
   8: <unknown>)
default	16:19:44.104664-0800	Runner	flutter: [2026-02-28T16:19:44.104463] pushAudioFrame failed: AnyhowException(sender is not active; call start_sankaku_sender first

Stack backtrace:
   0: std::backtrace::Backtrace::create
   1: std::backtrace::Backtrace::capture
   2: rust_lib_nomikai::api::simple::push_audio_frame
   3: flutter_rust_bridge::misc::panic_backtrace::PanicBacktrace::catch_unwind
   4: <F as threadpool::FnBox>::call_box
   5: std::sys::backtrace::__rust_begin_short_backtrace
   6: core::ops::function::FnOnce::call_once{{vtable.shim}}
   7: std::sys::thread::unix::Thread::new::thread_start
   8: <unknown>)
default	16:19:44.104964-0800	Runner	flutter: pushAudioFrame failed: AnyhowException(sender is not active; call start_sankaku_sender first

Stack backtrace:
   0: std::backtrace::Backtrace::create
   1: std::backtrace::Backtrace::capture
   2: rust_lib_nomikai::api::simple::push_audio_frame
   3: flutter_rust_bridge::misc::panic_backtrace::PanicBacktrace::catch_unwind
   4: <F as threadpool::FnBox>::call_box
   5: std::sys::backtrace::__rust_begin_short_backtrace
   6: core::ops::function::FnOnce::call_once{{vtable.shim}}
   7: std::sys::thread::unix::Thread::new::thread_start
   8: <unknown>)
default	16:19:44.105000-0800	Runner	flutter: [2026-02-28T16:19:44.104804] pushAudioFrame failed: AnyhowException(sender is not active; call start_sankaku_sender first

Stack backtrace:
   0: std::backtrace::Backtrace::create
   1: std::backtrace::Backtrace::capture
   2: rust_lib_nomikai::api::simple::push_audio_frame
   3: flutter_rust_bridge::misc::panic_backtrace::PanicBacktrace::catch_unwind
   4: <F as threadpool::FnBox>::call_box
   5: std::sys::backtrace::__rust_begin_short_backtrace
   6: core::ops::function::FnOnce::call_once{{vtable.shim}}
   7: std::sys::thread::unix::Thread::new::thread_start
   8: <unknown>)
default	16:19:44.124464-0800	Runner	flutter: DEBUG: Dart received AUDIO chunk: 91 bytes (pts_us=476412289708, frames_per_packet=960, codec=0x03)
default	16:19:44.124500-0800	Runner	flutter: [2026-02-28T16:19:44.124336] DEBUG: Dart received AUDIO chunk: 91 bytes (pts_us=476412289708, frames_per_packet=960, codec=0x03)
default	16:19:44.125483-0800	Runner	flutter: pushAudioFrame failed: AnyhowException(sender is not active; call start_sankaku_sender first

Stack backtrace:
   0: std::backtrace::Backtrace::create
   1: std::backtrace::Backtrace::capture
   2: rust_lib_nomikai::api::simple::push_audio_frame
   3: flutter_rust_bridge::misc::panic_backtrace::PanicBacktrace::catch_unwind
   4: <F as threadpool::FnBox>::call_box
   5: std::sys::backtrace::__rust_begin_short_backtrace
   6: core::ops::function::FnOnce::call_once{{vtable.shim}}
   7: std::sys::thread::unix::Thread::new::thread_start
   8: <unknown>)
default	16:19:44.125523-0800	Runner	flutter: [2026-02-28T16:19:44.125366] pushAudioFrame failed: AnyhowException(sender is not active; call start_sankaku_sender first

Stack backtrace:
   0: std::backtrace::Backtrace::create
   1: std::backtrace::Backtrace::capture
   2: rust_lib_nomikai::api::simple::push_audio_frame
   3: flutter_rust_bridge::misc::panic_backtrace::PanicBacktrace::catch_unwind
   4: <F as threadpool::FnBox>::call_box
   5: std::sys::backtrace::__rust_begin_short_backtrace
   6: core::ops::function::FnOnce::call_once{{vtable.shim}}
   7: std::sys::thread::unix::Thread::new::thread_start
   8: <unknown>)
default	16:19:44.130394-0800	Runner	flutter: DEBUG: Dart received VIDEO chunk: 7288 bytes (Keyframe: false, pts_us=476412273764, codec=0x01)
default	16:19:44.130553-0800	Runner	flutter: [2026-02-28T16:19:44.130174] DEBUG: Dart received VIDEO chunk: 7288 bytes (Keyframe: false, pts_us=476412273764, codec=0x01)
default	16:19:44.131266-0800	Runner	flutter: pushVideoFrame failed: AnyhowException(sender is not active; call start_sankaku_sender first

Stack backtrace:
   0: std::backtrace::Backtrace::create
   1: std::backtrace::Backtrace::capture
   2: rust_lib_nomikai::api::simple::push_video_frame
   3: flutter_rust_bridge::misc::panic_backtrace::PanicBacktrace::catch_unwind
   4: <F as threadpool::FnBox>::call_box
   5: std::sys::backtrace::__rust_begin_short_backtrace
   6: core::ops::function::FnOnce::call_once{{vtable.shim}}
   7: std::sys::thread::unix::Thread::new::thread_start
   8: <unknown>)
default	16:19:44.131300-0800	Runner	flutter: [2026-02-28T16:19:44.131137] pushVideoFrame failed: AnyhowException(sender is not active; call start_sankaku_sender first

Stack backtrace:
   0: std::backtrace::Backtrace::create
   1: std::backtrace::Backtrace::capture
   2: rust_lib_nomikai::api::simple::push_video_frame
   3: flutter_rust_bridge::misc::panic_backtrace::PanicBacktrace::catch_unwind
   4: <F as threadpool::FnBox>::call_box
   5: std::sys::backtrace::__rust_begin_short_backtrace
   6: core::ops::function::FnOnce::call_once{{vtable.shim}}
   7: std::sys::thread::unix::Thread::new::thread_start
   8: <unknown>)
default	16:19:44.147943-0800	Runner	flutter: DEBUG: Dart received AUDIO chunk: 90 bytes (pts_us=476412312708, frames_per_packet=960, codec=0x03)
default	16:19:44.148097-0800	Runner	flutter: [2026-02-28T16:19:44.147566] DEBUG: Dart received AUDIO chunk: 90 bytes (pts_us=476412312708, frames_per_packet=960, codec=0x03)
default	16:19:44.150228-0800	Runner	flutter: pushAudioFrame failed: AnyhowException(sender is not active; call start_sankaku_sender first

Stack backtrace:
   0: std::backtrace::Backtrace::create
   1: std::backtrace::Backtrace::capture
   2: rust_lib_nomikai::api::simple::push_audio_frame
   3: flutter_rust_bridge::misc::panic_backtrace::PanicBacktrace::catch_unwind
   4: <F as threadpool::FnBox>::call_box
   5: std::sys::backtrace::__rust_begin_short_backtrace
   6: core::ops::function::FnOnce::call_once{{vtable.shim}}
   7: std::sys::thread::unix::Thread::new::thread_start
   8: <unknown>)
default	16:19:44.150408-0800	Runner	flutter: [2026-02-28T16:19:44.150161] pushAudioFrame failed: AnyhowException(sender is not active; call start_sankaku_sender first

Stack backtrace:
   0: std::backtrace::Backtrace::create
   1: std::backtrace::Backtrace::capture
   2: rust_lib_nomikai::api::simple::push_audio_frame
   3: flutter_rust_bridge::misc::panic_backtrace::PanicBacktrace::catch_unwind
   4: <F as threadpool::FnBox>::call_box
   5: std::sys::backtrace::__rust_begin_short_backtrace
   6: core::ops::function::FnOnce::call_once{{vtable.shim}}
   7: std::sys::thread::unix::Thread::new::thread_start
   8: <unknown>)
default	16:19:44.157300-0800	Runner	flutter: DEBUG: Dart received VIDEO chunk: 7207 bytes (Keyframe: false, pts_us=476412307110, codec=0x01)
default	16:19:44.157463-0800	Runner	flutter: [2026-02-28T16:19:44.157261] DEBUG: Dart received VIDEO chunk: 7207 bytes (Keyframe: false, pts_us=476412307110, codec=0x01)
default	16:19:44.159632-0800	Runner	flutter: pushVideoFrame failed: AnyhowException(sender is not active; call start_sankaku_sender first

Stack backtrace:
   0: std::backtrace::Backtrace::create
   1: std::backtrace::Backtrace::capture
   2: rust_lib_nomikai::api::simple::push_video_frame
   3: flutter_rust_bridge::misc::panic_backtrace::PanicBacktrace::catch_unwind
   4: <F as threadpool::FnBox>::call_box
   5: std::sys::backtrace::__rust_begin_short_backtrace
   6: core::ops::function::FnOnce::call_once{{vtable.shim}}
   7: std::sys::thread::unix::Thread::new::thread_start
   8: <unknown>)
default	16:19:44.159663-0800	Runner	flutter: [2026-02-28T16:19:44.159264] pushVideoFrame failed: AnyhowException(sender is not active; call start_sankaku_sender first

Stack backtrace:
   0: std::backtrace::Backtrace::create
   1: std::backtrace::Backtrace::capture
   2: rust_lib_nomikai::api::simple::push_video_frame
   3: flutter_rust_bridge::misc::panic_backtrace::PanicBacktrace::catch_unwind
   4: <F as threadpool::FnBox>::call_box
   5: std::sys::backtrace::__rust_begin_short_backtrace
   6: core::ops::function::FnOnce::call_once{{vtable.shim}}
   7: std::sys::thread::unix::Thread::new::thread_start
   8: <unknown>)
default	16:19:44.170356-0800	Runner	flutter: DEBUG: Dart received AUDIO chunk: 91 bytes (pts_us=476412335708, frames_per_packet=960, codec=0x03)
default	16:19:44.170419-0800	Runner	flutter: [2026-02-28T16:19:44.169914] DEBUG: Dart received AUDIO chunk: 91 bytes (pts_us=476412335708, frames_per_packet=960, codec=0x03)
default	16:19:44.171471-0800	Runner	flutter: pushAudioFrame failed: AnyhowException(sender is not active; call start_sankaku_sender first

Stack backtrace:
   0: std::backtrace::Backtrace::create
   1: std::backtrace::Backtrace::capture
   2: rust_lib_nomikai::api::simple::push_audio_frame
   3: flutter_rust_bridge::misc::panic_backtrace::PanicBacktrace::catch_unwind
   4: <F as threadpool::FnBox>::call_box
   5: std::sys::backtrace::__rust_begin_short_backtrace
   6: core::ops::function::FnOnce::call_once{{vtable.shim}}
   7: std::sys::thread::unix::Thread::new::thread_start
   8: <unknown>)
default	16:19:44.171531-0800	Runner	flutter: [2026-02-28T16:19:44.171314] pushAudioFrame failed: AnyhowException(sender is not active; call start_sankaku_sender first

Stack backtrace:
   0: std::backtrace::Backtrace::create
   1: std::backtrace::Backtrace::capture
   2: rust_lib_nomikai::api::simple::push_audio_frame
   3: flutter_rust_bridge::misc::panic_backtrace::PanicBacktrace::catch_unwind
   4: <F as threadpool::FnBox>::call_box
   5: std::sys::backtrace::__rust_begin_short_backtrace
   6: core::ops::function::FnOnce::call_once{{vtable.shim}}
   7: std::sys::thread::unix::Thread::new::thread_start
   8: <unknown>)
default	16:19:44.190884-0800	Runner	flutter: DEBUG: Dart received VIDEO chunk: 7076 bytes (Keyframe: false, pts_us=476412340425, codec=0x01)
default	16:19:44.190952-0800	Runner	flutter: [2026-02-28T16:19:44.190746] DEBUG: Dart received VIDEO chunk: 7076 bytes (Keyframe: false, pts_us=476412340425, codec=0x01)
default	16:19:44.192102-0800	Runner	flutter: pushVideoFrame failed: AnyhowException(sender is not active; call start_sankaku_sender first

Stack backtrace:
   0: std::backtrace::Backtrace::create
   1: std::backtrace::Backtrace::capture
   2: rust_lib_nomikai::api::simple::push_video_frame
   3: flutter_rust_bridge::misc::panic_backtrace::PanicBacktrace::catch_unwind
   4: <F as threadpool::FnBox>::call_box
   5: std::sys::backtrace::__rust_begin_short_backtrace
   6: core::ops::function::FnOnce::call_once{{vtable.shim}}
   7: std::sys::thread::unix::Thread::new::thread_start
   8: <unknown>)
default	16:19:44.192172-0800	Runner	flutter: [2026-02-28T16:19:44.191882] pushVideoFrame failed: AnyhowException(sender is not active; call start_sankaku_sender first

Stack backtrace:
   0: std::backtrace::Backtrace::create
   1: std::backtrace::Backtrace::capture
   2: rust_lib_nomikai::api::simple::push_video_frame
   3: flutter_rust_bridge::misc::panic_backtrace::PanicBacktrace::catch_unwind
   4: <F as threadpool::FnBox>::call_box
   5: std::sys::backtrace::__rust_begin_short_backtrace
   6: core::ops::function::FnOnce::call_once{{vtable.shim}}
   7: std::sys::thread::unix::Thread::new::thread_start
   8: <unknown>)
default	16:19:44.192298-0800	Runner	flutter: DEBUG: Dart received AUDIO chunk: 91 bytes (pts_us=476412358708, frames_per_packet=960, codec=0x03)
default	16:19:44.192337-0800	Runner	flutter: [2026-02-28T16:19:44.192222] DEBUG: Dart received AUDIO chunk: 91 bytes (pts_us=476412358708, frames_per_packet=960, codec=0x03)
default	16:19:44.193135-0800	Runner	flutter: pushAudioFrame failed: AnyhowException(sender is not active; call start_sankaku_sender first

Stack backtrace:
   0: std::backtrace::Backtrace::create
   1: std::backtrace::Backtrace::capture
   2: rust_lib_nomikai::api::simple::push_audio_frame
   3: flutter_rust_bridge::misc::panic_backtrace::PanicBacktrace::catch_unwind
   4: <F as threadpool::FnBox>::call_box
   5: std::sys::backtrace::__rust_begin_short_backtrace
   6: core::ops::function::FnOnce::call_once{{vtable.shim}}
   7: std::sys::thread::unix::Thread::new::thread_start
   8: <unknown>)
default	16:19:44.193155-0800	Runner	flutter: [2026-02-28T16:19:44.192999] pushAudioFrame failed: AnyhowException(sender is not active; call start_sankaku_sender first

Stack backtrace:
   0: std::backtrace::Backtrace::create
   1: std::backtrace::Backtrace::capture
   2: rust_lib_nomikai::api::simple::push_audio_frame
   3: flutter_rust_bridge::misc::panic_backtrace::PanicBacktrace::catch_unwind
   4: <F as threadpool::FnBox>::call_box
   5: std::sys::backtrace::__rust_begin_short_backtrace
   6: core::ops::function::FnOnce::call_once{{vtable.shim}}
   7: std::sys::thread::unix::Thread::new::thread_start
   8: <unknown>)
default	16:19:44.216315-0800	Runner	flutter: DEBUG: Dart received AUDIO chunk: 90 bytes (pts_us=476412381708, frames_per_packet=960, codec=0x03)
default	16:19:44.216397-0800	Runner	flutter: [2026-02-28T16:19:44.216244] DEBUG: Dart received AUDIO chunk: 90 bytes (pts_us=476412381708, frames_per_packet=960, codec=0x03)
default	16:19:44.217629-0800	Runner	flutter: pushAudioFrame failed: AnyhowException(sender is not active; call start_sankaku_sender first

Stack backtrace:
   0: std::backtrace::Backtrace::create
   1: std::backtrace::Backtrace::capture
   2: rust_lib_nomikai::api::simple::push_audio_frame
   3: flutter_rust_bridge::misc::panic_backtrace::PanicBacktrace::catch_unwind
   4: <F as threadpool::FnBox>::call_box
   5: std::sys::backtrace::__rust_begin_short_backtrace
   6: core::ops::function::FnOnce::call_once{{vtable.shim}}
   7: std::sys::thread::unix::Thread::new::thread_start
   8: <unknown>)
default	16:19:44.217735-0800	Runner	flutter: [2026-02-28T16:19:44.217465] pushAudioFrame failed: AnyhowException(sender is not active; call start_sankaku_sender first

Stack backtrace:
   0: std::backtrace::Backtrace::create
   1: std::backtrace::Backtrace::capture
   2: rust_lib_nomikai::api::simple::push_audio_frame
   3: flutter_rust_bridge::misc::panic_backtrace::PanicBacktrace::catch_unwind
   4: <F as threadpool::FnBox>::call_box
   5: std::sys::backtrace::__rust_begin_short_backtrace
   6: core::ops::function::FnOnce::call_once{{vtable.shim}}
   7: std::sys::thread::unix::Thread::new::thread_start
   8: <unknown>)
default	16:19:44.225827-0800	Runner	flutter: DEBUG: Dart received VIDEO chunk: 6256 bytes (Keyframe: false, pts_us=476412373755, codec=0x01)
default	16:19:44.225856-0800	Runner	flutter: [2026-02-28T16:19:44.225666] DEBUG: Dart received VIDEO chunk: 6256 bytes (Keyframe: false, pts_us=476412373755, codec=0x01)
default	16:19:44.227205-0800	Runner	flutter: pushVideoFrame failed: AnyhowException(sender is not active; call start_sankaku_sender first

Stack backtrace:
   0: std::backtrace::Backtrace::create
   1: std::backtrace::Backtrace::capture
   2: rust_lib_nomikai::api::simple::push_video_frame
   3: flutter_rust_bridge::misc::panic_backtrace::PanicBacktrace::catch_unwind
   4: <F as threadpool::FnBox>::call_box
   5: std::sys::backtrace::__rust_begin_short_backtrace
   6: core::ops::function::FnOnce::call_once{{vtable.shim}}
   7: std::sys::thread::unix::Thread::new::thread_start
   8: <unknown>)
default	16:19:44.227272-0800	Runner	flutter: [2026-02-28T16:19:44.227032] pushVideoFrame failed: AnyhowException(sender is not active; call start_sankaku_sender first

Stack backtrace:
   0: std::backtrace::Backtrace::create
   1: std::backtrace::Backtrace::capture
   2: rust_lib_nomikai::api::simple::push_video_frame
   3: flutter_rust_bridge::misc::panic_backtrace::PanicBacktrace::catch_unwind
   4: <F as threadpool::FnBox>::call_box
   5: std::sys::backtrace::__rust_begin_short_backtrace
   6: core::ops::function::FnOnce::call_once{{vtable.shim}}
   7: std::sys::thread::unix::Thread::new::thread_start
   8: <unknown>)
default	16:19:44.239672-0800	Runner	flutter: DEBUG: Dart received AUDIO chunk: 90 bytes (pts_us=476412404708, frames_per_packet=960, codec=0x03)
default	16:19:44.239825-0800	Runner	flutter: [2026-02-28T16:19:44.239450] DEBUG: Dart received AUDIO chunk: 90 bytes (pts_us=476412404708, frames_per_packet=960, codec=0x03)
default	16:19:44.247407-0800	Runner	flutter: pushAudioFrame failed: AnyhowException(sender is not active; call start_sankaku_sender first

Stack backtrace:
   0: std::backtrace::Backtrace::create
   1: std::backtrace::Backtrace::capture
   2: rust_lib_nomikai::api::simple::push_audio_frame
   3: flutter_rust_bridge::misc::panic_backtrace::PanicBacktrace::catch_unwind
   4: <F as threadpool::FnBox>::call_box
   5: std::sys::backtrace::__rust_begin_short_backtrace
   6: core::ops::function::FnOnce::call_once{{vtable.shim}}
   7: std::sys::thread::unix::Thread::new::thread_start
   8: <unknown>)
default	16:19:44.247426-0800	Runner	flutter: [2026-02-28T16:19:44.243251] pushAudioFrame failed: AnyhowException(sender is not active; call start_sankaku_sender first

Stack backtrace:
   0: std::backtrace::Backtrace::create
   1: std::backtrace::Backtrace::capture
   2: rust_lib_nomikai::api::simple::push_audio_frame
   3: flutter_rust_bridge::misc::panic_backtrace::PanicBacktrace::catch_unwind
   4: <F as threadpool::FnBox>::call_box
   5: std::sys::backtrace::__rust_begin_short_backtrace
   6: core::ops::function::FnOnce::call_once{{vtable.shim}}
   7: std::sys::thread::unix::Thread::new::thread_start
   8: <unknown>)
default	16:19:44.256670-0800	Runner	flutter: DEBUG: Dart received VIDEO chunk: 5501 bytes (Keyframe: false, pts_us=476412407078, codec=0x01)
default	16:19:44.256803-0800	Runner	flutter: [2026-02-28T16:19:44.256525] DEBUG: Dart received VIDEO chunk: 5501 bytes (Keyframe: false, pts_us=476412407078, codec=0x01)
default	16:19:44.258445-0800	Runner	flutter: pushVideoFrame failed: AnyhowException(sender is not active; call start_sankaku_sender first

Stack backtrace:
   0: std::backtrace::Backtrace::create
   1: std::backtrace::Backtrace::capture
   2: rust_lib_nomikai::api::simple::push_video_frame
   3: flutter_rust_bridge::misc::panic_backtrace::PanicBacktrace::catch_unwind
   4: <F as threadpool::FnBox>::call_box
   5: std::sys::backtrace::__rust_begin_short_backtrace
   6: core::ops::function::FnOnce::call_once{{vtable.shim}}
   7: std::sys::thread::unix::Thread::new::thread_start
   8: <unknown>)
default	16:19:44.258486-0800	Runner	flutter: [2026-02-28T16:19:44.258062] pushVideoFrame failed: AnyhowException(sender is not active; call start_sankaku_sender first

Stack backtrace:
   0: std::backtrace::Backtrace::create
   1: std::backtrace::Backtrace::capture
   2: rust_lib_nomikai::api::simple::push_video_frame
   3: flutter_rust_bridge::misc::panic_backtrace::PanicBacktrace::catch_unwind
   4: <F as threadpool::FnBox>::call_box
   5: std::sys::backtrace::__rust_begin_short_backtrace
   6: core::ops::function::FnOnce::call_once{{vtable.shim}}
   7: std::sys::thread::unix::Thread::new::thread_start
   8: <unknown>)
default	16:19:44.261935-0800	Runner	<private>
default	16:19:44.262437-0800	Runner	flutter: DEBUG: Dart received AUDIO chunk: 91 bytes (pts_us=476412427708, frames_per_packet=960, codec=0x03)
default	16:19:44.262454-0800	Runner	flutter: [2026-02-28T16:19:44.262286] DEBUG: Dart received AUDIO chunk: 91 bytes (pts_us=476412427708, frames_per_packet=960, codec=0x03)
default	16:19:44.262789-0800	Runner	flutter: DEBUG: Dart received AUDIO chunk: 90 bytes (pts_us=476412447708, frames_per_packet=960, codec=0x03)
default	16:19:44.262809-0800	Runner	flutter: [2026-02-28T16:19:44.262433] DEBUG: Dart received AUDIO chunk: 90 bytes (pts_us=476412447708, frames_per_packet=960, codec=0x03)
default	16:19:44.263401-0800	Runner	flutter: pushAudioFrame failed: AnyhowException(sender is not active; call start_sankaku_sender first

Stack backtrace:
   0: std::backtrace::Backtrace::create
   1: std::backtrace::Backtrace::capture
   2: rust_lib_nomikai::api::simple::push_audio_frame
   3: flutter_rust_bridge::misc::panic_backtrace::PanicBacktrace::catch_unwind
   4: <F as threadpool::FnBox>::call_box
   5: std::sys::backtrace::__rust_begin_short_backtrace
   6: core::ops::function::FnOnce::call_once{{vtable.shim}}
   7: std::sys::thread::unix::Thread::new::thread_start
   8: <unknown>)
default	16:19:44.263618-0800	Runner	flutter: [2026-02-28T16:19:44.263247] pushAudioFrame failed: AnyhowException(sender is not active; call start_sankaku_sender first

Stack backtrace:
   0: std::backtrace::Backtrace::create
   1: std::backtrace::Backtrace::capture
   2: rust_lib_nomikai::api::simple::push_audio_frame
   3: flutter_rust_bridge::misc::panic_backtrace::PanicBacktrace::catch_unwind
   4: <F as threadpool::FnBox>::call_box
   5: std::sys::backtrace::__rust_begin_short_backtrace
   6: core::ops::function::FnOnce::call_once{{vtable.shim}}
   7: std::sys::thread::unix::Thread::new::thread_start
   8: <unknown>)
default	16:19:44.263744-0800	Runner	flutter: pushAudioFrame failed: AnyhowException(sender is not active; call start_sankaku_sender first

Stack backtrace:
   0: std::backtrace::Backtrace::create
   1: std::backtrace::Backtrace::capture
   2: rust_lib_nomikai::api::simple::push_audio_frame
   3: flutter_rust_bridge::misc::panic_backtrace::PanicBacktrace::catch_unwind
   4: <F as threadpool::FnBox>::call_box
   5: std::sys::backtrace::__rust_begin_short_backtrace
   6: core::ops::function::FnOnce::call_once{{vtable.shim}}
   7: std::sys::thread::unix::Thread::new::thread_start
   8: <unknown>)
default	16:19:44.263768-0800	Runner	flutter: [2026-02-28T16:19:44.263542] pushAudioFrame failed: AnyhowException(sender is not active; call start_sankaku_sender first

Stack backtrace:
   0: std::backtrace::Backtrace::create
   1: std::backtrace::Backtrace::capture
   2: rust_lib_nomikai::api::simple::push_audio_frame
   3: flutter_rust_bridge::misc::panic_backtrace::PanicBacktrace::catch_unwind
   4: <F as threadpool::FnBox>::call_box
   5: std::sys::backtrace::__rust_begin_short_backtrace
   6: core::ops::function::FnOnce::call_once{{vtable.shim}}
   7: std::sys::thread::unix::Thread::new::thread_start
   8: <unknown>)
default	16:19:44.284894-0800	Runner	flutter: DEBUG: Dart received AUDIO chunk: 92 bytes (pts_us=476412450708, frames_per_packet=960, codec=0x03)
default	16:19:44.284931-0800	Runner	flutter: [2026-02-28T16:19:44.284745] DEBUG: Dart received AUDIO chunk: 92 bytes (pts_us=476412450708, frames_per_packet=960, codec=0x03)
default	16:19:44.285919-0800	Runner	flutter: pushAudioFrame failed: AnyhowException(sender is not active; call start_sankaku_sender first

Stack backtrace:
   0: std::backtrace::Backtrace::create
   1: std::backtrace::Backtrace::capture
   2: rust_lib_nomikai::api::simple::push_audio_frame
   3: flutter_rust_bridge::misc::panic_backtrace::PanicBacktrace::catch_unwind
   4: <F as threadpool::FnBox>::call_box
   5: std::sys::backtrace::__rust_begin_short_backtrace
   6: core::ops::function::FnOnce::call_once{{vtable.shim}}
   7: std::sys::thread::unix::Thread::new::thread_start
   8: <unknown>)
default	16:19:44.285953-0800	Runner	flutter: [2026-02-28T16:19:44.285770] pushAudioFrame failed: AnyhowException(sender is not active; call start_sankaku_sender first

Stack backtrace:
   0: std::backtrace::Backtrace::create
   1: std::backtrace::Backtrace::capture
   2: rust_lib_nomikai::api::simple::push_audio_frame
   3: flutter_rust_bridge::misc::panic_backtrace::PanicBacktrace::catch_unwind
   4: <F as threadpool::FnBox>::call_box
   5: std::sys::backtrace::__rust_begin_short_backtrace
   6: core::ops::function::FnOnce::call_once{{vtable.shim}}
   7: std::sys::thread::unix::Thread::new::thread_start
   8: <unknown>)
default	16:19:44.289616-0800	Runner	flutter: DEBUG: Dart received VIDEO chunk: 5422 bytes (Keyframe: false, pts_us=476412440421, codec=0x01)
default	16:19:44.289659-0800	Runner	flutter: [2026-02-28T16:19:44.289508] DEBUG: Dart received VIDEO chunk: 5422 bytes (Keyframe: false, pts_us=476412440421, codec=0x01)
default	16:19:44.292124-0800	Runner	flutter: pushVideoFrame failed: AnyhowException(sender is not active; call start_sankaku_sender first

Stack backtrace:
   0: std::backtrace::Backtrace::create
   1: std::backtrace::Backtrace::capture
   2: rust_lib_nomikai::api::simple::push_video_frame
   3: flutter_rust_bridge::misc::panic_backtrace::PanicBacktrace::catch_unwind
   4: <F as threadpool::FnBox>::call_box
   5: std::sys::backtrace::__rust_begin_short_backtrace
   6: core::ops::function::FnOnce::call_once{{vtable.shim}}
   7: std::sys::thread::unix::Thread::new::thread_start
   8: <unknown>)
default	16:19:44.292182-0800	Runner	flutter: [2026-02-28T16:19:44.291968] pushVideoFrame failed: AnyhowException(sender is not active; call start_sankaku_sender first

Stack backtrace:
   0: std::backtrace::Backtrace::create
   1: std::backtrace::Backtrace::capture
   2: rust_lib_nomikai::api::simple::push_video_frame
   3: flutter_rust_bridge::misc::panic_backtrace::PanicBacktrace::catch_unwind
   4: <F as threadpool::FnBox>::call_box
   5: std::sys::backtrace::__rust_begin_short_backtrace
   6: core::ops::function::FnOnce::call_once{{vtable.shim}}
   7: std::sys::thread::unix::Thread::new::thread_start
   8: <unknown>)
default	16:19:44.308792-0800	Runner	flutter: DEBUG: Dart received AUDIO chunk: 91 bytes (pts_us=476412473708, frames_per_packet=960, codec=0x03)
default	16:19:44.308973-0800	Runner	flutter: [2026-02-28T16:19:44.308695] DEBUG: Dart received AUDIO chunk: 91 bytes (pts_us=476412473708, frames_per_packet=960, codec=0x03)
default	16:19:44.310945-0800	Runner	flutter: pushAudioFrame failed: AnyhowException(sender is not active; call start_sankaku_sender first

Stack backtrace:
   0: std::backtrace::Backtrace::create
   1: std::backtrace::Backtrace::capture
   2: rust_lib_nomikai::api::simple::push_audio_frame
   3: flutter_rust_bridge::misc::panic_backtrace::PanicBacktrace::catch_unwind
   4: <F as threadpool::FnBox>::call_box
   5: std::sys::backtrace::__rust_begin_short_backtrace
   6: core::ops::function::FnOnce::call_once{{vtable.shim}}
   7: std::sys::thread::unix::Thread::new::thread_start
   8: <unknown>)
default	16:19:44.310993-0800	Runner	flutter: [2026-02-28T16:19:44.310404] pushAudioFrame failed: AnyhowException(sender is not active; call start_sankaku_sender first

Stack backtrace:
   0: std::backtrace::Backtrace::create
   1: std::backtrace::Backtrace::capture
   2: rust_lib_nomikai::api::simple::push_audio_frame
   3: flutter_rust_bridge::misc::panic_backtrace::PanicBacktrace::catch_unwind
   4: <F as threadpool::FnBox>::call_box
   5: std::sys::backtrace::__rust_begin_short_backtrace
   6: core::ops::function::FnOnce::call_once{{vtable.shim}}
   7: std::sys::thread::unix::Thread::new::thread_start
   8: <unknown>)
default	16:19:44.323448-0800	Runner	flutter: DEBUG: Dart received VIDEO chunk: 6685 bytes (Keyframe: false, pts_us=476412473748, codec=0x01)
default	16:19:44.323462-0800	Runner	flutter: [2026-02-28T16:19:44.322876] DEBUG: Dart received VIDEO chunk: 6685 bytes (Keyframe: false, pts_us=476412473748, codec=0x01)
default	16:19:44.325368-0800	Runner	flutter: pushVideoFrame failed: AnyhowException(sender is not active; call start_sankaku_sender first

Stack backtrace:
   0: std::backtrace::Backtrace::create
   1: std::backtrace::Backtrace::capture
   2: rust_lib_nomikai::api::simple::push_video_frame
   3: flutter_rust_bridge::misc::panic_backtrace::PanicBacktrace::catch_unwind
   4: <F as threadpool::FnBox>::call_box
   5: std::sys::backtrace::__rust_begin_short_backtrace
   6: core::ops::function::FnOnce::call_once{{vtable.shim}}
   7: std::sys::thread::unix::Thread::new::thread_start
   8: <unknown>)
default	16:19:44.325414-0800	Runner	flutter: [2026-02-28T16:19:44.325217] pushVideoFrame failed: AnyhowException(sender is not active; call start_sankaku_sender first

Stack backtrace:
   0: std::backtrace::Backtrace::create
   1: std::backtrace::Backtrace::capture
   2: rust_lib_nomikai::api::simple::push_video_frame
   3: flutter_rust_bridge::misc::panic_backtrace::PanicBacktrace::catch_unwind
   4: <F as threadpool::FnBox>::call_box
   5: std::sys::backtrace::__rust_begin_short_backtrace
   6: core::ops::function::FnOnce::call_once{{vtable.shim}}
   7: std::sys::thread::unix::Thread::new::thread_start
   8: <unknown>)
default	16:19:44.331181-0800	Runner	flutter: DEBUG: Dart received AUDIO chunk: 91 bytes (pts_us=476412496708, frames_per_packet=960, codec=0x03)
default	16:19:44.331199-0800	Runner	flutter: [2026-02-28T16:19:44.331051] DEBUG: Dart received AUDIO chunk: 91 bytes (pts_us=476412496708, frames_per_packet=960, codec=0x03)
default	16:19:44.333404-0800	Runner	flutter: pushAudioFrame failed: AnyhowException(sender is not active; call start_sankaku_sender first

Stack backtrace:
   0: std::backtrace::Backtrace::create
   1: std::backtrace::Backtrace::capture
   2: rust_lib_nomikai::api::simple::push_audio_frame
   3: flutter_rust_bridge::misc::panic_backtrace::PanicBacktrace::catch_unwind
   4: <F as threadpool::FnBox>::call_box
   5: std::sys::backtrace::__rust_begin_short_backtrace
   6: core::ops::function::FnOnce::call_once{{vtable.shim}}
   7: std::sys::thread::unix::Thread::new::thread_start
   8: <unknown>)
default	16:19:44.334271-0800	Runner	flutter: [2026-02-28T16:19:44.333368] pushAudioFrame failed: AnyhowException(sender is not active; call start_sankaku_sender first

Stack backtrace:
   0: std::backtrace::Backtrace::create
   1: std::backtrace::Backtrace::capture
   2: rust_lib_nomikai::api::simple::push_audio_frame
   3: flutter_rust_bridge::misc::panic_backtrace::PanicBacktrace::catch_unwind
   4: <F as threadpool::FnBox>::call_box
   5: std::sys::backtrace::__rust_begin_short_backtrace
   6: core::ops::function::FnOnce::call_once{{vtable.shim}}
   7: std::sys::thread::unix::Thread::new::thread_start
   8: <unknown>)
default	16:19:44.353668-0800	Runner	flutter: DEBUG: Dart received AUDIO chunk: 91 bytes (pts_us=476412519708, frames_per_packet=960, codec=0x03)
default	16:19:44.353698-0800	Runner	flutter: [2026-02-28T16:19:44.353568] DEBUG: Dart received AUDIO chunk: 91 bytes (pts_us=476412519708, frames_per_packet=960, codec=0x03)
default	16:19:44.354656-0800	Runner	flutter: pushAudioFrame failed: AnyhowException(sender is not active; call start_sankaku_sender first

Stack backtrace:
   0: std::backtrace::Backtrace::create
   1: std::backtrace::Backtrace::capture
   2: rust_lib_nomikai::api::simple::push_audio_frame
   3: flutter_rust_bridge::misc::panic_backtrace::PanicBacktrace::catch_unwind
   4: <F as threadpool::FnBox>::call_box
   5: std::sys::backtrace::__rust_begin_short_backtrace
   6: core::ops::function::FnOnce::call_once{{vtable.shim}}
   7: std::sys::thread::unix::Thread::new::thread_start
   8: <unknown>)
default	16:19:44.354691-0800	Runner	flutter: [2026-02-28T16:19:44.354570] pushAudioFrame failed: AnyhowException(sender is not active; call start_sankaku_sender first

Stack backtrace:
   0: std::backtrace::Backtrace::create
   1: std::backtrace::Backtrace::capture
   2: rust_lib_nomikai::api::simple::push_audio_frame
   3: flutter_rust_bridge::misc::panic_backtrace::PanicBacktrace::catch_unwind
   4: <F as threadpool::FnBox>::call_box
   5: std::sys::backtrace::__rust_begin_short_backtrace
   6: core::ops::function::FnOnce::call_once{{vtable.shim}}
   7: std::sys::thread::unix::Thread::new::thread_start
   8: <unknown>)
default	16:19:44.355876-0800	Runner	flutter: DEBUG: Dart received VIDEO chunk: 5255 bytes (Keyframe: false, pts_us=476412507081, codec=0x01)
default	16:19:44.355957-0800	Runner	flutter: [2026-02-28T16:19:44.355813] DEBUG: Dart received VIDEO chunk: 5255 bytes (Keyframe: false, pts_us=476412507081, codec=0x01)
default	16:19:44.356703-0800	Runner	flutter: pushVideoFrame failed: AnyhowException(sender is not active; call start_sankaku_sender first

Stack backtrace:
   0: std::backtrace::Backtrace::create
   1: std::backtrace::Backtrace::capture
   2: rust_lib_nomikai::api::simple::push_video_frame
   3: flutter_rust_bridge::misc::panic_backtrace::PanicBacktrace::catch_unwind
   4: <F as threadpool::FnBox>::call_box
   5: std::sys::backtrace::__rust_begin_short_backtrace
   6: core::ops::function::FnOnce::call_once{{vtable.shim}}
   7: std::sys::thread::unix::Thread::new::thread_start
   8: <unknown>)
default	16:19:44.356731-0800	Runner	flutter: [2026-02-28T16:19:44.356630] pushVideoFrame failed: AnyhowException(sender is not active; call start_sankaku_sender first

Stack backtrace:
   0: std::backtrace::Backtrace::create
   1: std::backtrace::Backtrace::capture
   2: rust_lib_nomikai::api::simple::push_video_frame
   3: flutter_rust_bridge::misc::panic_backtrace::PanicBacktrace::catch_unwind
   4: <F as threadpool::FnBox>::call_box
   5: std::sys::backtrace::__rust_begin_short_backtrace
   6: core::ops::function::FnOnce::call_once{{vtable.shim}}
   7: std::sys::thread::unix::Thread::new::thread_start
   8: <unknown>)
default	16:19:44.376589-0800	Runner	flutter: DEBUG: Dart received AUDIO chunk: 90 bytes (pts_us=476412542708, frames_per_packet=960, codec=0x03)
default	16:19:44.376646-0800	Runner	flutter: [2026-02-28T16:19:44.376458] DEBUG: Dart received AUDIO chunk: 90 bytes (pts_us=476412542708, frames_per_packet=960, codec=0x03)
default	16:19:44.377470-0800	Runner	flutter: pushAudioFrame failed: AnyhowException(sender is not active; call start_sankaku_sender first

Stack backtrace:
   0: std::backtrace::Backtrace::create
   1: std::backtrace::Backtrace::capture
   2: rust_lib_nomikai::api::simple::push_audio_frame
   3: flutter_rust_bridge::misc::panic_backtrace::PanicBacktrace::catch_unwind
   4: <F as threadpool::FnBox>::call_box
   5: std::sys::backtrace::__rust_begin_short_backtrace
   6: core::ops::function::FnOnce::call_once{{vtable.shim}}
   7: std::sys::thread::unix::Thread::new::thread_start
   8: <unknown>)
default	16:19:44.377506-0800	Runner	flutter: [2026-02-28T16:19:44.377344] pushAudioFrame failed: AnyhowException(sender is not active; call start_sankaku_sender first

Stack backtrace:
   0: std::backtrace::Backtrace::create
   1: std::backtrace::Backtrace::capture
   2: rust_lib_nomikai::api::simple::push_audio_frame
   3: flutter_rust_bridge::misc::panic_backtrace::PanicBacktrace::catch_unwind
   4: <F as threadpool::FnBox>::call_box
   5: std::sys::backtrace::__rust_begin_short_backtrace
   6: core::ops::function::FnOnce::call_once{{vtable.shim}}
   7: std::sys::thread::unix::Thread::new::thread_start
   8: <unknown>)
default	16:19:44.388870-0800	Runner	flutter: DEBUG: Dart received VIDEO chunk: 4959 bytes (Keyframe: false, pts_us=476412540397, codec=0x01)
default	16:19:44.388895-0800	Runner	flutter: [2026-02-28T16:19:44.388800] DEBUG: Dart received VIDEO chunk: 4959 bytes (Keyframe: false, pts_us=476412540397, codec=0x01)
default	16:19:44.389811-0800	Runner	flutter: pushVideoFrame failed: AnyhowException(sender is not active; call start_sankaku_sender first

Stack backtrace:
   0: std::backtrace::Backtrace::create
   1: std::backtrace::Backtrace::capture
   2: rust_lib_nomikai::api::simple::push_video_frame
   3: flutter_rust_bridge::misc::panic_backtrace::PanicBacktrace::catch_unwind
   4: <F as threadpool::FnBox>::call_box
   5: std::sys::backtrace::__rust_begin_short_backtrace
   6: core::ops::function::FnOnce::call_once{{vtable.shim}}
   7: std::sys::thread::unix::Thread::new::thread_start
   8: <unknown>)
default	16:19:44.389874-0800	Runner	flutter: [2026-02-28T16:19:44.389675] pushVideoFrame failed: AnyhowException(sender is not active; call start_sankaku_sender first

Stack backtrace:
   0: std::backtrace::Backtrace::create
   1: std::backtrace::Backtrace::capture
   2: rust_lib_nomikai::api::simple::push_video_frame
   3: flutter_rust_bridge::misc::panic_backtrace::PanicBacktrace::catch_unwind
   4: <F as threadpool::FnBox>::call_box
   5: std::sys::backtrace::__rust_begin_short_backtrace
   6: core::ops::function::FnOnce::call_once{{vtable.shim}}
   7: std::sys::thread::unix::Thread::new::thread_start
   8: <unknown>)
default	16:19:44.399674-0800	Runner	flutter: DEBUG: Dart received AUDIO chunk: 90 bytes (pts_us=476412565708, frames_per_packet=960, codec=0x03)
default	16:19:44.399723-0800	Runner	flutter: [2026-02-28T16:19:44.399540] DEBUG: Dart received AUDIO chunk: 90 bytes (pts_us=476412565708, frames_per_packet=960, codec=0x03)
default	16:19:44.400635-0800	Runner	flutter: pushAudioFrame failed: AnyhowException(sender is not active; call start_sankaku_sender first

Stack backtrace:
   0: std::backtrace::Backtrace::create
   1: std::backtrace::Backtrace::capture
   2: rust_lib_nomikai::api::simple::push_audio_frame
   3: flutter_rust_bridge::misc::panic_backtrace::PanicBacktrace::catch_unwind
   4: <F as threadpool::FnBox>::call_box
   5: std::sys::backtrace::__rust_begin_short_backtrace
   6: core::ops::function::FnOnce::call_once{{vtable.shim}}
   7: std::sys::thread::unix::Thread::new::thread_start
   8: <unknown>)
default	16:19:44.400850-0800	Runner	flutter: [2026-02-28T16:19:44.400453] pushAudioFrame failed: AnyhowException(sender is not active; call start_sankaku_sender first

Stack backtrace:
   0: std::backtrace::Backtrace::create
   1: std::backtrace::Backtrace::capture
   2: rust_lib_nomikai::api::simple::push_audio_frame
   3: flutter_rust_bridge::misc::panic_backtrace::PanicBacktrace::catch_unwind
   4: <F as threadpool::FnBox>::call_box
   5: std::sys::backtrace::__rust_begin_short_backtrace
   6: core::ops::function::FnOnce::call_once{{vtable.shim}}
   7: std::sys::thread::unix::Thread::new::thread_start
   8: <unknown>)
default	16:19:44.422585-0800	Runner	<private>
default	16:19:44.422924-0800	Runner	flutter: DEBUG: Dart received VIDEO chunk: 5755 bytes (Keyframe: false, pts_us=476412573732, codec=0x01)
default	16:19:44.423296-0800	Runner	flutter: [2026-02-28T16:19:44.422849] DEBUG: Dart received VIDEO chunk: 5755 bytes (Keyframe: false, pts_us=476412573732, codec=0x01)
default	16:19:44.423324-0800	Runner	flutter: DEBUG: Dart received AUDIO chunk: 92 bytes (pts_us=476412588708, frames_per_packet=960, codec=0x03)
default	16:19:44.423381-0800	Runner	flutter: [2026-02-28T16:19:44.423235] DEBUG: Dart received AUDIO chunk: 92 bytes (pts_us=476412588708, frames_per_packet=960, codec=0x03)
default	16:19:44.423420-0800	Runner	flutter: DEBUG: Dart received AUDIO chunk: 90 bytes (pts_us=476412608708, frames_per_packet=960, codec=0x03)
default	16:19:44.423465-0800	Runner	flutter: [2026-02-28T16:19:44.423352] DEBUG: Dart received AUDIO chunk: 90 bytes (pts_us=476412608708, frames_per_packet=960, codec=0x03)
default	16:19:44.425817-0800	Runner	flutter: pushVideoFrame failed: AnyhowException(sender is not active; call start_sankaku_sender first

Stack backtrace:
   0: std::backtrace::Backtrace::create
   1: std::backtrace::Backtrace::capture
   2: rust_lib_nomikai::api::simple::push_video_frame
   3: flutter_rust_bridge::misc::panic_backtrace::PanicBacktrace::catch_unwind
   4: <F as threadpool::FnBox>::call_box
   5: std::sys::backtrace::__rust_begin_short_backtrace
   6: core::ops::function::FnOnce::call_once{{vtable.shim}}
   7: std::sys::thread::unix::Thread::new::thread_start
   8: <unknown>)
default	16:19:44.426477-0800	Runner	flutter: [2026-02-28T16:19:44.425668] pushVideoFrame failed: AnyhowException(sender is not active; call start_sankaku_sender first

Stack backtrace:
   0: std::backtrace::Backtrace::create
   1: std::backtrace::Backtrace::capture
   2: rust_lib_nomikai::api::simple::push_video_frame
   3: flutter_rust_bridge::misc::panic_backtrace::PanicBacktrace::catch_unwind
   4: <F as threadpool::FnBox>::call_box
   5: std::sys::backtrace::__rust_begin_short_backtrace
   6: core::ops::function::FnOnce::call_once{{vtable.shim}}
   7: std::sys::thread::unix::Thread::new::thread_start
   8: <unknown>)
default	16:19:44.426670-0800	Runner	flutter: pushAudioFrame failed: AnyhowException(sender is not active; call start_sankaku_sender first

Stack backtrace:
   0: std::backtrace::Backtrace::create
   1: std::backtrace::Backtrace::capture
   2: rust_lib_nomikai::api::simple::push_audio_frame
   3: flutter_rust_bridge::misc::panic_backtrace::PanicBacktrace::catch_unwind
   4: <F as threadpool::FnBox>::call_box
   5: std::sys::backtrace::__rust_begin_short_backtrace
   6: core::ops::function::FnOnce::call_once{{vtable.shim}}
   7: std::sys::thread::unix::Thread::new::thread_start
   8: <unknown>)
default	16:19:44.426692-0800	Runner	flutter: [2026-02-28T16:19:44.425891] pushAudioFrame failed: AnyhowException(sender is not active; call start_sankaku_sender first

Stack backtrace:
   0: std::backtrace::Backtrace::create
   1: std::backtrace::Backtrace::capture
   2: rust_lib_nomikai::api::simple::push_audio_frame
   3: flutter_rust_bridge::misc::panic_backtrace::PanicBacktrace::catch_unwind
   4: <F as threadpool::FnBox>::call_box
   5: std::sys::backtrace::__rust_begin_short_backtrace
   6: core::ops::function::FnOnce::call_once{{vtable.shim}}
   7: std::sys::thread::unix::Thread::new::thread_start
   8: <unknown>)
default	16:19:44.426704-0800	Runner	flutter: pushAudioFrame failed: AnyhowException(sender is not active; call start_sankaku_sender first

Stack backtrace:
   0: std::backtrace::Backtrace::create
   1: std::backtrace::Backtrace::capture
   2: rust_lib_nomikai::api::simple::push_audio_frame
   3: flutter_rust_bridge::misc::panic_backtrace::PanicBacktrace::catch_unwind
   4: <F as threadpool::FnBox>::call_box
   5: std::sys::backtrace::__rust_begin_short_backtrace
   6: core::ops::function::FnOnce::call_once{{vtable.shim}}
   7: std::sys::thread::unix::Thread::new::thread_start
   8: <unknown>)
default	16:19:44.426716-0800	Runner	flutter: [2026-02-28T16:19:44.426060] pushAudioFrame failed: AnyhowException(sender is not active; call start_sankaku_sender first

Stack backtrace:
   0: std::backtrace::Backtrace::create
   1: std::backtrace::Backtrace::capture
   2: rust_lib_nomikai::api::simple::push_audio_frame
   3: flutter_rust_bridge::misc::panic_backtrace::PanicBacktrace::catch_unwind
   4: <F as threadpool::FnBox>::call_box
   5: std::sys::backtrace::__rust_begin_short_backtrace
   6: core::ops::function::FnOnce::call_once{{vtable.shim}}
   7: std::sys::thread::unix::Thread::new::thread_start
   8: <unknown>)
default	16:19:44.448187-0800	Runner	flutter: DEBUG: Dart received AUDIO chunk: 91 bytes (pts_us=476412611708, frames_per_packet=960, codec=0x03)
default	16:19:44.448339-0800	Runner	flutter: [2026-02-28T16:19:44.448020] DEBUG: Dart received AUDIO chunk: 91 bytes (pts_us=476412611708, frames_per_packet=960, codec=0x03)
default	16:19:44.450704-0800	Runner	flutter: pushAudioFrame failed: AnyhowException(sender is not active; call start_sankaku_sender first

Stack backtrace:
   0: std::backtrace::Backtrace::create
   1: std::backtrace::Backtrace::capture
   2: rust_lib_nomikai::api::simple::push_audio_frame
   3: flutter_rust_bridge::misc::panic_backtrace::PanicBacktrace::catch_unwind
   4: <F as threadpool::FnBox>::call_box
   5: std::sys::backtrace::__rust_begin_short_backtrace
   6: core::ops::function::FnOnce::call_once{{vtable.shim}}
   7: std::sys::thread::unix::Thread::new::thread_start
   8: <unknown>)
default	16:19:44.450757-0800	Runner	flutter: [2026-02-28T16:19:44.450551] pushAudioFrame failed: AnyhowException(sender is not active; call start_sankaku_sender first

Stack backtrace:
   0: std::backtrace::Backtrace::create
   1: std::backtrace::Backtrace::capture
   2: rust_lib_nomikai::api::simple::push_audio_frame
   3: flutter_rust_bridge::misc::panic_backtrace::PanicBacktrace::catch_unwind
   4: <F as threadpool::FnBox>::call_box
   5: std::sys::backtrace::__rust_begin_short_backtrace
   6: core::ops::function::FnOnce::call_once{{vtable.shim}}
   7: std::sys::thread::unix::Thread::new::thread_start
   8: <unknown>)
default	16:19:44.456435-0800	Runner	flutter: DEBUG: Dart received VIDEO chunk: 4707 bytes (Keyframe: false, pts_us=476412607059, codec=0x01)
default	16:19:44.456485-0800	Runner	flutter: [2026-02-28T16:19:44.456291] DEBUG: Dart received VIDEO chunk: 4707 bytes (Keyframe: false, pts_us=476412607059, codec=0x01)
default	16:19:44.459563-0800	Runner	flutter: pushVideoFrame failed: AnyhowException(sender is not active; call start_sankaku_sender first

Stack backtrace:
   0: std::backtrace::Backtrace::create
   1: std::backtrace::Backtrace::capture
   2: rust_lib_nomikai::api::simple::push_video_frame
   3: flutter_rust_bridge::misc::panic_backtrace::PanicBacktrace::catch_unwind
   4: <F as threadpool::FnBox>::call_box
   5: std::sys::backtrace::__rust_begin_short_backtrace
   6: core::ops::function::FnOnce::call_once{{vtable.shim}}
   7: std::sys::thread::unix::Thread::new::thread_start
   8: <unknown>)
default	16:19:44.459592-0800	Runner	flutter: [2026-02-28T16:19:44.458234] pushVideoFrame failed: AnyhowException(sender is not active; call start_sankaku_sender first

Stack backtrace:
   0: std::backtrace::Backtrace::create
   1: std::backtrace::Backtrace::capture
   2: rust_lib_nomikai::api::simple::push_video_frame
   3: flutter_rust_bridge::misc::panic_backtrace::PanicBacktrace::catch_unwind
   4: <F as threadpool::FnBox>::call_box
   5: std::sys::backtrace::__rust_begin_short_backtrace
   6: core::ops::function::FnOnce::call_once{{vtable.shim}}
   7: std::sys::thread::unix::Thread::new::thread_start
   8: <unknown>)
default	16:19:44.468982-0800	Runner	flutter: DEBUG: Dart received AUDIO chunk: 91 bytes (pts_us=476412634708, frames_per_packet=960, codec=0x03)
default	16:19:44.469028-0800	Runner	flutter: [2026-02-28T16:19:44.468852] DEBUG: Dart received AUDIO chunk: 91 bytes (pts_us=476412634708, frames_per_packet=960, codec=0x03)
default	16:19:44.469916-0800	Runner	flutter: pushAudioFrame failed: AnyhowException(sender is not active; call start_sankaku_sender first

Stack backtrace:
   0: std::backtrace::Backtrace::create
   1: std::backtrace::Backtrace::capture
   2: rust_lib_nomikai::api::simple::push_audio_frame
   3: flutter_rust_bridge::misc::panic_backtrace::PanicBacktrace::catch_unwind
   4: <F as threadpool::FnBox>::call_box
   5: std::sys::backtrace::__rust_begin_short_backtrace
   6: core::ops::function::FnOnce::call_once{{vtable.shim}}
   7: std::sys::thread::unix::Thread::new::thread_start
   8: <unknown>)
default	16:19:44.469959-0800	Runner	flutter: [2026-02-28T16:19:44.469763] pushAudioFrame failed: AnyhowException(sender is not active; call start_sankaku_sender first

Stack backtrace:
   0: std::backtrace::Backtrace::create
   1: std::backtrace::Backtrace::capture
   2: rust_lib_nomikai::api::simple::push_audio_frame
   3: flutter_rust_bridge::misc::panic_backtrace::PanicBacktrace::catch_unwind
   4: <F as threadpool::FnBox>::call_box
   5: std::sys::backtrace::__rust_begin_short_backtrace
   6: core::ops::function::FnOnce::call_once{{vtable.shim}}
   7: std::sys::thread::unix::Thread::new::thread_start
   8: <unknown>)
default	16:19:44.490861-0800	Runner	flutter: DEBUG: Dart received VIDEO chunk: 4263 bytes (Keyframe: false, pts_us=476412640401, codec=0x01)
default	16:19:44.490899-0800	Runner	flutter: [2026-02-28T16:19:44.490738] DEBUG: Dart received VIDEO chunk: 4263 bytes (Keyframe: false, pts_us=476412640401, codec=0x01)
default	16:19:44.491424-0800	Runner	flutter: DEBUG: Dart received AUDIO chunk: 90 bytes (pts_us=476412657708, frames_per_packet=960, codec=0x03)
default	16:19:44.491816-0800	Runner	flutter: [2026-02-28T16:19:44.491308] DEBUG: Dart received AUDIO chunk: 90 bytes (pts_us=476412657708, frames_per_packet=960, codec=0x03)
default	16:19:44.491908-0800	Runner	flutter: pushVideoFrame failed: AnyhowException(sender is not active; call start_sankaku_sender first

Stack backtrace:
   0: std::backtrace::Backtrace::create
   1: std::backtrace::Backtrace::capture
   2: rust_lib_nomikai::api::simple::push_video_frame
   3: flutter_rust_bridge::misc::panic_backtrace::PanicBacktrace::catch_unwind
   4: <F as threadpool::FnBox>::call_box
   5: std::sys::backtrace::__rust_begin_short_backtrace
   6: core::ops::function::FnOnce::call_once{{vtable.shim}}
   7: std::sys::thread::unix::Thread::new::thread_start
   8: <unknown>)
default	16:19:44.491980-0800	Runner	flutter: [2026-02-28T16:19:44.491727] pushVideoFrame failed: AnyhowException(sender is not active; call start_sankaku_sender first

Stack backtrace:
   0: std::backtrace::Backtrace::create
   1: std::backtrace::Backtrace::capture
   2: rust_lib_nomikai::api::simple::push_video_frame
   3: flutter_rust_bridge::misc::panic_backtrace::PanicBacktrace::catch_unwind
   4: <F as threadpool::FnBox>::call_box
   5: std::sys::backtrace::__rust_begin_short_backtrace
   6: core::ops::function::FnOnce::call_once{{vtable.shim}}
   7: std::sys::thread::unix::Thread::new::thread_start
   8: <unknown>)
default	16:19:44.492167-0800	Runner	flutter: pushAudioFrame failed: AnyhowException(sender is not active; call start_sankaku_sender first

Stack backtrace:
   0: std::backtrace::Backtrace::create
   1: std::backtrace::Backtrace::capture
   2: rust_lib_nomikai::api::simple::push_audio_frame
   3: flutter_rust_bridge::misc::panic_backtrace::PanicBacktrace::catch_unwind
   4: <F as threadpool::FnBox>::call_box
   5: std::sys::backtrace::__rust_begin_short_backtrace
   6: core::ops::function::FnOnce::call_once{{vtable.shim}}
   7: std::sys::thread::unix::Thread::new::thread_start
   8: <unknown>)
default	16:19:44.492187-0800	Runner	flutter: [2026-02-28T16:19:44.492038] pushAudioFrame failed: AnyhowException(sender is not active; call start_sankaku_sender first

Stack backtrace:
   0: std::backtrace::Backtrace::create
   1: std::backtrace::Backtrace::capture
   2: rust_lib_nomikai::api::simple::push_audio_frame
   3: flutter_rust_bridge::misc::panic_backtrace::PanicBacktrace::catch_unwind
   4: <F as threadpool::FnBox>::call_box
   5: std::sys::backtrace::__rust_begin_short_backtrace
   6: core::ops::function::FnOnce::call_once{{vtable.shim}}
   7: std::sys::thread::unix::Thread::new::thread_start
   8: <unknown>)
default	16:19:44.516048-0800	Runner	flutter: DEBUG: Dart received AUDIO chunk: 91 bytes (pts_us=476412680708, frames_per_packet=960, codec=0x03)
default	16:19:44.516064-0800	Runner	flutter: [2026-02-28T16:19:44.515540] DEBUG: Dart received AUDIO chunk: 91 bytes (pts_us=476412680708, frames_per_packet=960, codec=0x03)
default	16:19:44.516814-0800	Runner	flutter: pushAudioFrame failed: AnyhowException(sender is not active; call start_sankaku_sender first

Stack backtrace:
   0: std::backtrace::Backtrace::create
   1: std::backtrace::Backtrace::capture
   2: rust_lib_nomikai::api::simple::push_audio_frame
   3: flutter_rust_bridge::misc::panic_backtrace::PanicBacktrace::catch_unwind
   4: <F as threadpool::FnBox>::call_box
   5: std::sys::backtrace::__rust_begin_short_backtrace
   6: core::ops::function::FnOnce::call_once{{vtable.shim}}
   7: std::sys::thread::unix::Thread::new::thread_start
   8: <unknown>)
default	16:19:44.516858-0800	Runner	flutter: [2026-02-28T16:19:44.516702] pushAudioFrame failed: AnyhowException(sender is not active; call start_sankaku_sender first

Stack backtrace:
   0: std::backtrace::Backtrace::create
   1: std::backtrace::Backtrace::capture
   2: rust_lib_nomikai::api::simple::push_audio_frame
   3: flutter_rust_bridge::misc::panic_backtrace::PanicBacktrace::catch_unwind
   4: <F as threadpool::FnBox>::call_box
   5: std::sys::backtrace::__rust_begin_short_backtrace
   6: core::ops::function::FnOnce::call_once{{vtable.shim}}
   7: std::sys::thread::unix::Thread::new::thread_start
   8: <unknown>)
default	16:19:44.526205-0800	Runner	flutter: DEBUG: Dart received VIDEO chunk: 4760 bytes (Keyframe: false, pts_us=476412673721, codec=0x01)
default	16:19:44.526293-0800	Runner	flutter: [2026-02-28T16:19:44.525675] DEBUG: Dart received VIDEO chunk: 4760 bytes (Keyframe: false, pts_us=476412673721, codec=0x01)
default	16:19:44.527662-0800	Runner	flutter: pushVideoFrame failed: AnyhowException(sender is not active; call start_sankaku_sender first

Stack backtrace:
   0: std::backtrace::Backtrace::create
   1: std::backtrace::Backtrace::capture
   2: rust_lib_nomikai::api::simple::push_video_frame
   3: flutter_rust_bridge::misc::panic_backtrace::PanicBacktrace::catch_unwind
   4: <F as threadpool::FnBox>::call_box
   5: std::sys::backtrace::__rust_begin_short_backtrace
   6: core::ops::function::FnOnce::call_once{{vtable.shim}}
   7: std::sys::thread::unix::Thread::new::thread_start
   8: <unknown>)
default	16:19:44.527744-0800	Runner	flutter: [2026-02-28T16:19:44.527383] pushVideoFrame failed: AnyhowException(sender is not active; call start_sankaku_sender first

Stack backtrace:
   0: std::backtrace::Backtrace::create
   1: std::backtrace::Backtrace::capture
   2: rust_lib_nomikai::api::simple::push_video_frame
   3: flutter_rust_bridge::misc::panic_backtrace::PanicBacktrace::catch_unwind
   4: <F as threadpool::FnBox>::call_box
   5: std::sys::backtrace::__rust_begin_short_backtrace
   6: core::ops::function::FnOnce::call_once{{vtable.shim}}
   7: std::sys::thread::unix::Thread::new::thread_start
   8: <unknown>)
default	16:19:44.538464-0800	Runner	flutter: DEBUG: Dart received AUDIO chunk: 97 bytes (pts_us=476412703708, frames_per_packet=960, codec=0x03)
default	16:19:44.538492-0800	Runner	flutter: [2026-02-28T16:19:44.538299] DEBUG: Dart received AUDIO chunk: 97 bytes (pts_us=476412703708, frames_per_packet=960, codec=0x03)
default	16:19:44.539549-0800	Runner	flutter: pushAudioFrame failed: AnyhowException(sender is not active; call start_sankaku_sender first

Stack backtrace:
   0: std::backtrace::Backtrace::create
   1: std::backtrace::Backtrace::capture
   2: rust_lib_nomikai::api::simple::push_audio_frame
   3: flutter_rust_bridge::misc::panic_backtrace::PanicBacktrace::catch_unwind
   4: <F as threadpool::FnBox>::call_box
   5: std::sys::backtrace::__rust_begin_short_backtrace
   6: core::ops::function::FnOnce::call_once{{vtable.shim}}
   7: std::sys::thread::unix::Thread::new::thread_start
   8: <unknown>)
default	16:19:44.539592-0800	Runner	flutter: [2026-02-28T16:19:44.539350] pushAudioFrame failed: AnyhowException(sender is not active; call start_sankaku_sender first

Stack backtrace:
   0: std::backtrace::Backtrace::create
   1: std::backtrace::Backtrace::capture
   2: rust_lib_nomikai::api::simple::push_audio_frame
   3: flutter_rust_bridge::misc::panic_backtrace::PanicBacktrace::catch_unwind
   4: <F as threadpool::FnBox>::call_box
   5: std::sys::backtrace::__rust_begin_short_backtrace
   6: core::ops::function::FnOnce::call_once{{vtable.shim}}
   7: std::sys::thread::unix::Thread::new::thread_start
   8: <unknown>)
default	16:19:44.556449-0800	Runner	flutter: DEBUG: Dart received VIDEO chunk: 3762 bytes (Keyframe: false, pts_us=476412707042, codec=0x01)
default	16:19:44.556627-0800	Runner	flutter: [2026-02-28T16:19:44.556281] DEBUG: Dart received VIDEO chunk: 3762 bytes (Keyframe: false, pts_us=476412707042, codec=0x01)
default	16:19:44.559684-0800	Runner	flutter: pushVideoFrame failed: AnyhowException(sender is not active; call start_sankaku_sender first

Stack backtrace:
   0: std::backtrace::Backtrace::create
   1: std::backtrace::Backtrace::capture
   2: rust_lib_nomikai::api::simple::push_video_frame
   3: flutter_rust_bridge::misc::panic_backtrace::PanicBacktrace::catch_unwind
   4: <F as threadpool::FnBox>::call_box
   5: std::sys::backtrace::__rust_begin_short_backtrace
   6: core::ops::function::FnOnce::call_once{{vtable.shim}}
   7: std::sys::thread::unix::Thread::new::thread_start
   8: <unknown>)
default	16:19:44.559743-0800	Runner	flutter: [2026-02-28T16:19:44.558949] pushVideoFrame failed: AnyhowException(sender is not active; call start_sankaku_sender first

Stack backtrace:
   0: std::backtrace::Backtrace::create
   1: std::backtrace::Backtrace::capture
   2: rust_lib_nomikai::api::simple::push_video_frame
   3: flutter_rust_bridge::misc::panic_backtrace::PanicBacktrace::catch_unwind
   4: <F as threadpool::FnBox>::call_box
   5: std::sys::backtrace::__rust_begin_short_backtrace
   6: core::ops::function::FnOnce::call_once{{vtable.shim}}
   7: std::sys::thread::unix::Thread::new::thread_start
   8: <unknown>)
default	16:19:44.560664-0800	Runner	<private>
default	16:19:44.561197-0800	Runner	flutter: DEBUG: Dart received AUDIO chunk: 92 bytes (pts_us=476412726708, frames_per_packet=960, codec=0x03)
default	16:19:44.561217-0800	Runner	flutter: [2026-02-28T16:19:44.561042] DEBUG: Dart received AUDIO chunk: 92 bytes (pts_us=476412726708, frames_per_packet=960, codec=0x03)
default	16:19:44.561232-0800	Runner	flutter: DEBUG: Dart received AUDIO chunk: 92 bytes (pts_us=476412746708, frames_per_packet=960, codec=0x03)
default	16:19:44.561300-0800	Runner	flutter: [2026-02-28T16:19:44.561165] DEBUG: Dart received AUDIO chunk: 92 bytes (pts_us=476412746708, frames_per_packet=960, codec=0x03)
default	16:19:44.561973-0800	Runner	flutter: pushAudioFrame failed: AnyhowException(sender is not active; call start_sankaku_sender first

Stack backtrace:
   0: std::backtrace::Backtrace::create
   1: std::backtrace::Backtrace::capture
   2: rust_lib_nomikai::api::simple::push_audio_frame
   3: flutter_rust_bridge::misc::panic_backtrace::PanicBacktrace::catch_unwind
   4: <F as threadpool::FnBox>::call_box
   5: std::sys::backtrace::__rust_begin_short_backtrace
   6: core::ops::function::FnOnce::call_once{{vtable.shim}}
   7: std::sys::thread::unix::Thread::new::thread_start
   8: <unknown>)
default	16:19:44.562005-0800	Runner	flutter: [2026-02-28T16:19:44.561805] pushAudioFrame failed: AnyhowException(sender is not active; call start_sankaku_sender first

Stack backtrace:
   0: std::backtrace::Backtrace::create
   1: std::backtrace::Backtrace::capture
   2: rust_lib_nomikai::api::simple::push_audio_frame
   3: flutter_rust_bridge::misc::panic_backtrace::PanicBacktrace::catch_unwind
   4: <F as threadpool::FnBox>::call_box
   5: std::sys::backtrace::__rust_begin_short_backtrace
   6: core::ops::function::FnOnce::call_once{{vtable.shim}}
   7: std::sys::thread::unix::Thread::new::thread_start
   8: <unknown>)
default	16:19:44.562074-0800	Runner	flutter: pushAudioFrame failed: AnyhowException(sender is not active; call start_sankaku_sender first

Stack backtrace:
   0: std::backtrace::Backtrace::create
   1: std::backtrace::Backtrace::capture
   2: rust_lib_nomikai::api::simple::push_audio_frame
   3: flutter_rust_bridge::misc::panic_backtrace::PanicBacktrace::catch_unwind
   4: <F as threadpool::FnBox>::call_box
   5: std::sys::backtrace::__rust_begin_short_backtrace
   6: core::ops::function::FnOnce::call_once{{vtable.shim}}
   7: std::sys::thread::unix::Thread::new::thread_start
   8: <unknown>)
default	16:19:44.562091-0800	Runner	flutter: [2026-02-28T16:19:44.561998] pushAudioFrame failed: AnyhowException(sender is not active; call start_sankaku_sender first

Stack backtrace:
   0: std::backtrace::Backtrace::create
   1: std::backtrace::Backtrace::capture
   2: rust_lib_nomikai::api::simple::push_audio_frame
   3: flutter_rust_bridge::misc::panic_backtrace::PanicBacktrace::catch_unwind
   4: <F as threadpool::FnBox>::call_box
   5: std::sys::backtrace::__rust_begin_short_backtrace
   6: core::ops::function::FnOnce::call_once{{vtable.shim}}
   7: std::sys::thread::unix::Thread::new::thread_start
   8: <unknown>)
default	16:19:44.584059-0800	Runner	flutter: DEBUG: Dart received AUDIO chunk: 91 bytes (pts_us=476412749708, frames_per_packet=960, codec=0x03)
default	16:19:44.584213-0800	Runner	flutter: [2026-02-28T16:19:44.583430] DEBUG: Dart received AUDIO chunk: 91 bytes (pts_us=476412749708, frames_per_packet=960, codec=0x03)
default	16:19:44.584911-0800	Runner	flutter: pushAudioFrame failed: AnyhowException(sender is not active; call start_sankaku_sender first

Stack backtrace:
   0: std::backtrace::Backtrace::create
   1: std::backtrace::Backtrace::capture
   2: rust_lib_nomikai::api::simple::push_audio_frame
   3: flutter_rust_bridge::misc::panic_backtrace::PanicBacktrace::catch_unwind
   4: <F as threadpool::FnBox>::call_box
   5: std::sys::backtrace::__rust_begin_short_backtrace
   6: core::ops::function::FnOnce::call_once{{vtable.shim}}
   7: std::sys::thread::unix::Thread::new::thread_start
   8: <unknown>)
default	16:19:44.584948-0800	Runner	flutter: [2026-02-28T16:19:44.584787] pushAudioFrame failed: AnyhowException(sender is not active; call start_sankaku_sender first

Stack backtrace:
   0: std::backtrace::Backtrace::create
   1: std::backtrace::Backtrace::capture
   2: rust_lib_nomikai::api::simple::push_audio_frame
   3: flutter_rust_bridge::misc::panic_backtrace::PanicBacktrace::catch_unwind
   4: <F as threadpool::FnBox>::call_box
   5: std::sys::backtrace::__rust_begin_short_backtrace
   6: core::ops::function::FnOnce::call_once{{vtable.shim}}
   7: std::sys::thread::unix::Thread::new::thread_start
   8: <unknown>)
default	16:19:44.589361-0800	Runner	flutter: DEBUG: Dart received VIDEO chunk: 3530 bytes (Keyframe: false, pts_us=476412740383, codec=0x01)
default	16:19:44.589402-0800	Runner	flutter: [2026-02-28T16:19:44.589235] DEBUG: Dart received VIDEO chunk: 3530 bytes (Keyframe: false, pts_us=476412740383, codec=0x01)
default	16:19:44.591830-0800	Runner	flutter: pushVideoFrame failed: AnyhowException(sender is not active; call start_sankaku_sender first

Stack backtrace:
   0: std::backtrace::Backtrace::create
   1: std::backtrace::Backtrace::capture
   2: rust_lib_nomikai::api::simple::push_video_frame
   3: flutter_rust_bridge::misc::panic_backtrace::PanicBacktrace::catch_unwind
   4: <F as threadpool::FnBox>::call_box
   5: std::sys::backtrace::__rust_begin_short_backtrace
   6: core::ops::function::FnOnce::call_once{{vtable.shim}}
   7: std::sys::thread::unix::Thread::new::thread_start
   8: <unknown>)
default	16:19:44.591875-0800	Runner	flutter: [2026-02-28T16:19:44.591753] pushVideoFrame failed: AnyhowException(sender is not active; call start_sankaku_sender first

Stack backtrace:
   0: std::backtrace::Backtrace::create
   1: std::backtrace::Backtrace::capture
   2: rust_lib_nomikai::api::simple::push_video_frame
   3: flutter_rust_bridge::misc::panic_backtrace::PanicBacktrace::catch_unwind
   4: <F as threadpool::FnBox>::call_box
   5: std::sys::backtrace::__rust_begin_short_backtrace
   6: core::ops::function::FnOnce::call_once{{vtable.shim}}
   7: std::sys::thread::unix::Thread::new::thread_start
   8: <unknown>)
default	16:19:44.607373-0800	Runner	flutter: DEBUG: Dart received AUDIO chunk: 90 bytes (pts_us=476412772708, frames_per_packet=960, codec=0x03)
default	16:19:44.607455-0800	Runner	flutter: [2026-02-28T16:19:44.607326] DEBUG: Dart received AUDIO chunk: 90 bytes (pts_us=476412772708, frames_per_packet=960, codec=0x03)
default	16:19:44.608494-0800	Runner	flutter: pushAudioFrame failed: AnyhowException(sender is not active; call start_sankaku_sender first

Stack backtrace:
   0: std::backtrace::Backtrace::create
   1: std::backtrace::Backtrace::capture
   2: rust_lib_nomikai::api::simple::push_audio_frame
   3: flutter_rust_bridge::misc::panic_backtrace::PanicBacktrace::catch_unwind
   4: <F as threadpool::FnBox>::call_box
   5: std::sys::backtrace::__rust_begin_short_backtrace
   6: core::ops::function::FnOnce::call_once{{vtable.shim}}
   7: std::sys::thread::unix::Thread::new::thread_start
   8: <unknown>)
default	16:19:44.608537-0800	Runner	flutter: [2026-02-28T16:19:44.608353] pushAudioFrame failed: AnyhowException(sender is not active; call start_sankaku_sender first

Stack backtrace:
   0: std::backtrace::Backtrace::create
   1: std::backtrace::Backtrace::capture
   2: rust_lib_nomikai::api::simple::push_audio_frame
   3: flutter_rust_bridge::misc::panic_backtrace::PanicBacktrace::catch_unwind
   4: <F as threadpool::FnBox>::call_box
   5: std::sys::backtrace::__rust_begin_short_backtrace
   6: core::ops::function::FnOnce::call_once{{vtable.shim}}
   7: std::sys::thread::unix::Thread::new::thread_start
   8: <unknown>)
default	16:19:44.623298-0800	Runner	flutter: DEBUG: Dart received VIDEO chunk: 5488 bytes (Keyframe: false, pts_us=476412773700, codec=0x01)
default	16:19:44.623689-0800	Runner	flutter: [2026-02-28T16:19:44.622909] DEBUG: Dart received VIDEO chunk: 5488 bytes (Keyframe: false, pts_us=476412773700, codec=0x01)
default	16:19:44.626260-0800	Runner	flutter: pushVideoFrame failed: AnyhowException(sender is not active; call start_sankaku_sender first

Stack backtrace:
   0: std::backtrace::Backtrace::create
   1: std::backtrace::Backtrace::capture
   2: rust_lib_nomikai::api::simple::push_video_frame
   3: flutter_rust_bridge::misc::panic_backtrace::PanicBacktrace::catch_unwind
   4: <F as threadpool::FnBox>::call_box
   5: std::sys::backtrace::__rust_begin_short_backtrace
   6: core::ops::function::FnOnce::call_once{{vtable.shim}}
   7: std::sys::thread::unix::Thread::new::thread_start
   8: <unknown>)
default	16:19:44.626292-0800	Runner	flutter: [2026-02-28T16:19:44.625087] pushVideoFrame failed: AnyhowException(sender is not active; call start_sankaku_sender first

Stack backtrace:
   0: std::backtrace::Backtrace::create
   1: std::backtrace::Backtrace::capture
   2: rust_lib_nomikai::api::simple::push_video_frame
   3: flutter_rust_bridge::misc::panic_backtrace::PanicBacktrace::catch_unwind
   4: <F as threadpool::FnBox>::call_box
   5: std::sys::backtrace::__rust_begin_short_backtrace
   6: core::ops::function::FnOnce::call_once{{vtable.shim}}
   7: std::sys::thread::unix::Thread::new::thread_start
   8: <unknown>)
default	16:19:44.630182-0800	Runner	flutter: DEBUG: Dart received AUDIO chunk: 93 bytes (pts_us=476412795708, frames_per_packet=960, codec=0x03)
default	16:19:44.630215-0800	Runner	flutter: [2026-02-28T16:19:44.630037] DEBUG: Dart received AUDIO chunk: 93 bytes (pts_us=476412795708, frames_per_packet=960, codec=0x03)
default	16:19:44.631007-0800	Runner	flutter: pushAudioFrame failed: AnyhowException(sender is not active; call start_sankaku_sender first

Stack backtrace:
   0: std::backtrace::Backtrace::create
   1: std::backtrace::Backtrace::capture
   2: rust_lib_nomikai::api::simple::push_audio_frame
   3: flutter_rust_bridge::misc::panic_backtrace::PanicBacktrace::catch_unwind
   4: <F as threadpool::FnBox>::call_box
   5: std::sys::backtrace::__rust_begin_short_backtrace
   6: core::ops::function::FnOnce::call_once{{vtable.shim}}
   7: std::sys::thread::unix::Thread::new::thread_start
   8: <unknown>)
default	16:19:44.631062-0800	Runner	flutter: [2026-02-28T16:19:44.630846] pushAudioFrame failed: AnyhowException(sender is not active; call start_sankaku_sender first

Stack backtrace:
   0: std::backtrace::Backtrace::create
   1: std::backtrace::Backtrace::capture
   2: rust_lib_nomikai::api::simple::push_audio_frame
   3: flutter_rust_bridge::misc::panic_backtrace::PanicBacktrace::catch_unwind
   4: <F as threadpool::FnBox>::call_box
   5: std::sys::backtrace::__rust_begin_short_backtrace
   6: core::ops::function::FnOnce::call_once{{vtable.shim}}
   7: std::sys::thread::unix::Thread::new::thread_start
   8: <unknown>)
default	16:19:44.652580-0800	Runner	flutter: DEBUG: Dart received AUDIO chunk: 91 bytes (pts_us=476412818708, frames_per_packet=960, codec=0x03)
default	16:19:44.652607-0800	Runner	flutter: [2026-02-28T16:19:44.652473] DEBUG: Dart received AUDIO chunk: 91 bytes (pts_us=476412818708, frames_per_packet=960, codec=0x03)
default	16:19:44.653810-0800	Runner	flutter: pushAudioFrame failed: AnyhowException(sender is not active; call start_sankaku_sender first

Stack backtrace:
   0: std::backtrace::Backtrace::create
   1: std::backtrace::Backtrace::capture
   2: rust_lib_nomikai::api::simple::push_audio_frame
   3: flutter_rust_bridge::misc::panic_backtrace::PanicBacktrace::catch_unwind
   4: <F as threadpool::FnBox>::call_box
   5: std::sys::backtrace::__rust_begin_short_backtrace
   6: core::ops::function::FnOnce::call_once{{vtable.shim}}
   7: std::sys::thread::unix::Thread::new::thread_start
   8: <unknown>)
default	16:19:44.653882-0800	Runner	flutter: [2026-02-28T16:19:44.653566] pushAudioFrame failed: AnyhowException(sender is not active; call start_sankaku_sender first

Stack backtrace:
   0: std::backtrace::Backtrace::create
   1: std::backtrace::Backtrace::capture
   2: rust_lib_nomikai::api::simple::push_audio_frame
   3: flutter_rust_bridge::misc::panic_backtrace::PanicBacktrace::catch_unwind
   4: <F as threadpool::FnBox>::call_box
   5: std::sys::backtrace::__rust_begin_short_backtrace
   6: core::ops::function::FnOnce::call_once{{vtable.shim}}
   7: std::sys::thread::unix::Thread::new::thread_start
   8: <unknown>)
default	16:19:44.655632-0800	Runner	flutter: DEBUG: Dart received VIDEO chunk: 4056 bytes (Keyframe: false, pts_us=476412807027, codec=0x01)
default	16:19:44.655667-0800	Runner	flutter: [2026-02-28T16:19:44.655515] DEBUG: Dart received VIDEO chunk: 4056 bytes (Keyframe: false, pts_us=476412807027, codec=0x01)
default	16:19:44.656642-0800	Runner	flutter: pushVideoFrame failed: AnyhowException(sender is not active; call start_sankaku_sender first

Stack backtrace:
   0: std::backtrace::Backtrace::create
   1: std::backtrace::Backtrace::capture
   2: rust_lib_nomikai::api::simple::push_video_frame
   3: flutter_rust_bridge::misc::panic_backtrace::PanicBacktrace::catch_unwind
   4: <F as threadpool::FnBox>::call_box
   5: std::sys::backtrace::__rust_begin_short_backtrace
   6: core::ops::function::FnOnce::call_once{{vtable.shim}}
   7: std::sys::thread::unix::Thread::new::thread_start
   8: <unknown>)
default	16:19:44.656686-0800	Runner	flutter: [2026-02-28T16:19:44.656418] pushVideoFrame failed: AnyhowException(sender is not active; call start_sankaku_sender first

Stack backtrace:
   0: std::backtrace::Backtrace::create
   1: std::backtrace::Backtrace::capture
   2: rust_lib_nomikai::api::simple::push_video_frame
   3: flutter_rust_bridge::misc::panic_backtrace::PanicBacktrace::catch_unwind
   4: <F as threadpool::FnBox>::call_box
   5: std::sys::backtrace::__rust_begin_short_backtrace
   6: core::ops::function::FnOnce::call_once{{vtable.shim}}
   7: std::sys::thread::unix::Thread::new::thread_start
   8: <unknown>)
default	16:19:44.676204-0800	Runner	flutter: DEBUG: Dart received AUDIO chunk: 91 bytes (pts_us=476412841708, frames_per_packet=960, codec=0x03)
default	16:19:44.676250-0800	Runner	flutter: [2026-02-28T16:19:44.676047] DEBUG: Dart received AUDIO chunk: 91 bytes (pts_us=476412841708, frames_per_packet=960, codec=0x03)
default	16:19:44.677222-0800	Runner	flutter: pushAudioFrame failed: AnyhowException(sender is not active; call start_sankaku_sender first

Stack backtrace:
   0: std::backtrace::Backtrace::create
   1: std::backtrace::Backtrace::capture
   2: rust_lib_nomikai::api::simple::push_audio_frame
   3: flutter_rust_bridge::misc::panic_backtrace::PanicBacktrace::catch_unwind
   4: <F as threadpool::FnBox>::call_box
   5: std::sys::backtrace::__rust_begin_short_backtrace
   6: core::ops::function::FnOnce::call_once{{vtable.shim}}
   7: std::sys::thread::unix::Thread::new::thread_start
   8: <unknown>)
default	16:19:44.677254-0800	Runner	flutter: [2026-02-28T16:19:44.677090] pushAudioFrame failed: AnyhowException(sender is not active; call start_sankaku_sender first

Stack backtrace:
   0: std::backtrace::Backtrace::create
   1: std::backtrace::Backtrace::capture
   2: rust_lib_nomikai::api::simple::push_audio_frame
   3: flutter_rust_bridge::misc::panic_backtrace::PanicBacktrace::catch_unwind
   4: <F as threadpool::FnBox>::call_box
   5: std::sys::backtrace::__rust_begin_short_backtrace
   6: core::ops::function::FnOnce::call_once{{vtable.shim}}
   7: std::sys::thread::unix::Thread::new::thread_start
   8: <unknown>)
default	16:19:44.688422-0800	Runner	flutter: DEBUG: Dart received VIDEO chunk: 18139 bytes (Keyframe: true, pts_us=476412840357, codec=0x01)
default	16:19:44.688482-0800	Runner	flutter: [2026-02-28T16:19:44.688225] DEBUG: Dart received VIDEO chunk: 18139 bytes (Keyframe: true, pts_us=476412840357, codec=0x01)
default	16:19:44.689685-0800	Runner	flutter: pushVideoFrame failed: AnyhowException(sender is not active; call start_sankaku_sender first

Stack backtrace:
   0: std::backtrace::Backtrace::create
   1: std::backtrace::Backtrace::capture
   2: rust_lib_nomikai::api::simple::push_video_frame
   3: flutter_rust_bridge::misc::panic_backtrace::PanicBacktrace::catch_unwind
   4: <F as threadpool::FnBox>::call_box
   5: std::sys::backtrace::__rust_begin_short_backtrace
   6: core::ops::function::FnOnce::call_once{{vtable.shim}}
   7: std::sys::thread::unix::Thread::new::thread_start
   8: <unknown>)
default	16:19:44.689749-0800	Runner	flutter: [2026-02-28T16:19:44.689487] pushVideoFrame failed: AnyhowException(sender is not active; call start_sankaku_sender first

Stack backtrace:
   0: std::backtrace::Backtrace::create
   1: std::backtrace::Backtrace::capture
   2: rust_lib_nomikai::api::simple::push_video_frame
   3: flutter_rust_bridge::misc::panic_backtrace::PanicBacktrace::catch_unwind
   4: <F as threadpool::FnBox>::call_box
   5: std::sys::backtrace::__rust_begin_short_backtrace
   6: core::ops::function::FnOnce::call_once{{vtable.shim}}
   7: std::sys::thread::unix::Thread::new::thread_start
   8: <unknown>)
default	16:19:44.699079-0800	Runner	flutter: DEBUG: Dart received AUDIO chunk: 92 bytes (pts_us=476412864708, frames_per_packet=960, codec=0x03)
default	16:19:44.699198-0800	Runner	flutter: [2026-02-28T16:19:44.698930] DEBUG: Dart received AUDIO chunk: 92 bytes (pts_us=476412864708, frames_per_packet=960, codec=0x03)
default	16:19:44.699981-0800	Runner	flutter: pushAudioFrame failed: AnyhowException(sender is not active; call start_sankaku_sender first

Stack backtrace:
   0: std::backtrace::Backtrace::create
   1: std::backtrace::Backtrace::capture
   2: rust_lib_nomikai::api::simple::push_audio_frame
   3: flutter_rust_bridge::misc::panic_backtrace::PanicBacktrace::catch_unwind
   4: <F as threadpool::FnBox>::call_box
   5: std::sys::backtrace::__rust_begin_short_backtrace
   6: core::ops::function::FnOnce::call_once{{vtable.shim}}
   7: std::sys::thread::unix::Thread::new::thread_start
   8: <unknown>)
default	16:19:44.700037-0800	Runner	flutter: [2026-02-28T16:19:44.699843] pushAudioFrame failed: AnyhowException(sender is not active; call start_sankaku_sender first

Stack backtrace:
   0: std::backtrace::Backtrace::create
   1: std::backtrace::Backtrace::capture
   2: rust_lib_nomikai::api::simple::push_audio_frame
   3: flutter_rust_bridge::misc::panic_backtrace::PanicBacktrace::catch_unwind
   4: <F as threadpool::FnBox>::call_box
   5: std::sys::backtrace::__rust_begin_short_backtrace
   6: core::ops::function::FnOnce::call_once{{vtable.shim}}
   7: std::sys::thread::unix::Thread::new::thread_start
   8: <unknown>)
default	16:19:44.722712-0800	Runner	<private>
default	16:19:44.723175-0800	Runner	flutter: DEBUG: Dart received AUDIO chunk: 92 bytes (pts_us=476412887708, frames_per_packet=960, codec=0x03)
default	16:19:44.724091-0800	Runner	flutter: [2026-02-28T16:19:44.722917] DEBUG: Dart received AUDIO chunk: 92 bytes (pts_us=476412887708, frames_per_packet=960, codec=0x03)
default	16:19:44.724143-0800	Runner	flutter: DEBUG: Dart received AUDIO chunk: 94 bytes (pts_us=476412907708, frames_per_packet=960, codec=0x03)
default	16:19:44.725788-0800	Runner	flutter: [2026-02-28T16:19:44.724104] DEBUG: Dart received AUDIO chunk: 94 bytes (pts_us=476412907708, frames_per_packet=960, codec=0x03)
default	16:19:44.725800-0800	Runner	flutter: DEBUG: Dart received VIDEO chunk: 5843 bytes (Keyframe: false, pts_us=476412873699, codec=0x01)
default	16:19:44.725811-0800	Runner	flutter: [2026-02-28T16:19:44.724597] DEBUG: Dart received VIDEO chunk: 5843 bytes (Keyframe: false, pts_us=476412873699, codec=0x01)
default	16:19:44.727680-0800	Runner	flutter: pushAudioFrame failed: AnyhowException(sender is not active; call start_sankaku_sender first

Stack backtrace:
   0: std::backtrace::Backtrace::create
   1: std::backtrace::Backtrace::capture
   2: rust_lib_nomikai::api::simple::push_audio_frame
   3: flutter_rust_bridge::misc::panic_backtrace::PanicBacktrace::catch_unwind
   4: <F as threadpool::FnBox>::call_box
   5: std::sys::backtrace::__rust_begin_short_backtrace
   6: core::ops::function::FnOnce::call_once{{vtable.shim}}
   7: std::sys::thread::unix::Thread::new::thread_start
   8: <unknown>)
default	16:19:44.727730-0800	Runner	flutter: [2026-02-28T16:19:44.726791] pushAudioFrame failed: AnyhowException(sender is not active; call start_sankaku_sender first

Stack backtrace:
   0: std::backtrace::Backtrace::create
   1: std::backtrace::Backtrace::capture
   2: rust_lib_nomikai::api::simple::push_audio_frame
   3: flutter_rust_bridge::misc::panic_backtrace::PanicBacktrace::catch_unwind
   4: <F as threadpool::FnBox>::call_box
   5: std::sys::backtrace::__rust_begin_short_backtrace
   6: core::ops::function::FnOnce::call_once{{vtable.shim}}
   7: std::sys::thread::unix::Thread::new::thread_start
   8: <unknown>)
default	16:19:44.727751-0800	Runner	flutter: pushAudioFrame failed: AnyhowException(sender is not active; call start_sankaku_sender first

Stack backtrace:
   0: std::backtrace::Backtrace::create
   1: std::backtrace::Backtrace::capture
   2: rust_lib_nomikai::api::simple::push_audio_frame
   3: flutter_rust_bridge::misc::panic_backtrace::PanicBacktrace::catch_unwind
   4: <F as threadpool::FnBox>::call_box
   5: std::sys::backtrace::__rust_begin_short_backtrace
   6: core::ops::function::FnOnce::call_once{{vtable.shim}}
   7: std::sys::thread::unix::Thread::new::thread_start
   8: <unknown>)
default	16:19:44.727763-0800	Runner	flutter: [2026-02-28T16:19:44.726998] pushAudioFrame failed: AnyhowException(sender is not active; call start_sankaku_sender first

Stack backtrace:
   0: std::backtrace::Backtrace::create
   1: std::backtrace::Backtrace::capture
   2: rust_lib_nomikai::api::simple::push_audio_frame
   3: flutter_rust_bridge::misc::panic_backtrace::PanicBacktrace::catch_unwind
   4: <F as threadpool::FnBox>::call_box
   5: std::sys::backtrace::__rust_begin_short_backtrace
   6: core::ops::function::FnOnce::call_once{{vtable.shim}}
   7: std::sys::thread::unix::Thread::new::thread_start
   8: <unknown>)
default	16:19:44.728212-0800	Runner	flutter: pushVideoFrame failed: AnyhowException(sender is not active; call start_sankaku_sender first

Stack backtrace:
   0: std::backtrace::Backtrace::create
   1: std::backtrace::Backtrace::capture
   2: rust_lib_nomikai::api::simple::push_video_frame
   3: flutter_rust_bridge::misc::panic_backtrace::PanicBacktrace::catch_unwind
   4: <F as threadpool::FnBox>::call_box
   5: std::sys::backtrace::__rust_begin_short_backtrace
   6: core::ops::function::FnOnce::call_once{{vtable.shim}}
   7: std::sys::thread::unix::Thread::new::thread_start
   8: <unknown>)
default	16:19:44.728331-0800	Runner	flutter: [2026-02-28T16:19:44.728165] pushVideoFrame failed: AnyhowException(sender is not active; call start_sankaku_sender first

Stack backtrace:
   0: std::backtrace::Backtrace::create
   1: std::backtrace::Backtrace::capture
   2: rust_lib_nomikai::api::simple::push_video_frame
   3: flutter_rust_bridge::misc::panic_backtrace::PanicBacktrace::catch_unwind
   4: <F as threadpool::FnBox>::call_box
   5: std::sys::backtrace::__rust_begin_short_backtrace
   6: core::ops::function::FnOnce::call_once{{vtable.shim}}
   7: std::sys::thread::unix::Thread::new::thread_start
   8: <unknown>)
default	16:19:44.745923-0800	Runner	flutter: DEBUG: Dart received AUDIO chunk: 93 bytes (pts_us=476412910708, frames_per_packet=960, codec=0x03)
default	16:19:44.746051-0800	Runner	flutter: [2026-02-28T16:19:44.745850] DEBUG: Dart received AUDIO chunk: 93 bytes (pts_us=476412910708, frames_per_packet=960, codec=0x03)
default	16:19:44.747416-0800	Runner	flutter: pushAudioFrame failed: AnyhowException(sender is not active; call start_sankaku_sender first

Stack backtrace:
   0: std::backtrace::Backtrace::create
   1: std::backtrace::Backtrace::capture
   2: rust_lib_nomikai::api::simple::push_audio_frame
   3: flutter_rust_bridge::misc::panic_backtrace::PanicBacktrace::catch_unwind
   4: <F as threadpool::FnBox>::call_box
   5: std::sys::backtrace::__rust_begin_short_backtrace
   6: core::ops::function::FnOnce::call_once{{vtable.shim}}
   7: std::sys::thread::unix::Thread::new::thread_start
   8: <unknown>)
default	16:19:44.747472-0800	Runner	flutter: [2026-02-28T16:19:44.747129] pushAudioFrame failed: AnyhowException(sender is not active; call start_sankaku_sender first

Stack backtrace:
   0: std::backtrace::Backtrace::create
   1: std::backtrace::Backtrace::capture
   2: rust_lib_nomikai::api::simple::push_audio_frame
   3: flutter_rust_bridge::misc::panic_backtrace::PanicBacktrace::catch_unwind
   4: <F as threadpool::FnBox>::call_box
   5: std::sys::backtrace::__rust_begin_short_backtrace
   6: core::ops::function::FnOnce::call_once{{vtable.shim}}
   7: std::sys::thread::unix::Thread::new::thread_start
   8: <unknown>)
default	16:19:44.755115-0800	Runner	flutter: DEBUG: Dart received VIDEO chunk: 6430 bytes (Keyframe: false, pts_us=476412907030, codec=0x01)
default	16:19:44.755304-0800	Runner	flutter: [2026-02-28T16:19:44.754953] DEBUG: Dart received VIDEO chunk: 6430 bytes (Keyframe: false, pts_us=476412907030, codec=0x01)
default	16:19:44.756134-0800	Runner	flutter: pushVideoFrame failed: AnyhowException(sender is not active; call start_sankaku_sender first

Stack backtrace:
   0: std::backtrace::Backtrace::create
   1: std::backtrace::Backtrace::capture
   2: rust_lib_nomikai::api::simple::push_video_frame
   3: flutter_rust_bridge::misc::panic_backtrace::PanicBacktrace::catch_unwind
   4: <F as threadpool::FnBox>::call_box
   5: std::sys::backtrace::__rust_begin_short_backtrace
   6: core::ops::function::FnOnce::call_once{{vtable.shim}}
   7: std::sys::thread::unix::Thread::new::thread_start
   8: <unknown>)
default	16:19:44.756175-0800	Runner	flutter: [2026-02-28T16:19:44.755995] pushVideoFrame failed: AnyhowException(sender is not active; call start_sankaku_sender first

Stack backtrace:
   0: std::backtrace::Backtrace::create
   1: std::backtrace::Backtrace::capture
   2: rust_lib_nomikai::api::simple::push_video_frame
   3: flutter_rust_bridge::misc::panic_backtrace::PanicBacktrace::catch_unwind
   4: <F as threadpool::FnBox>::call_box
   5: std::sys::backtrace::__rust_begin_short_backtrace
   6: core::ops::function::FnOnce::call_once{{vtable.shim}}
   7: std::sys::thread::unix::Thread::new::thread_start
   8: <unknown>)
default	16:19:44.768054-0800	Runner	flutter: DEBUG: Dart received AUDIO chunk: 92 bytes (pts_us=476412933708, frames_per_packet=960, codec=0x03)
default	16:19:44.768114-0800	Runner	flutter: [2026-02-28T16:19:44.767894] DEBUG: Dart received AUDIO chunk: 92 bytes (pts_us=476412933708, frames_per_packet=960, codec=0x03)
default	16:19:44.769053-0800	Runner	flutter: pushAudioFrame failed: AnyhowException(sender is not active; call start_sankaku_sender first

Stack backtrace:
   0: std::backtrace::Backtrace::create
   1: std::backtrace::Backtrace::capture
   2: rust_lib_nomikai::api::simple::push_audio_frame
   3: flutter_rust_bridge::misc::panic_backtrace::PanicBacktrace::catch_unwind
   4: <F as threadpool::FnBox>::call_box
   5: std::sys::backtrace::__rust_begin_short_backtrace
   6: core::ops::function::FnOnce::call_once{{vtable.shim}}
   7: std::sys::thread::unix::Thread::new::thread_start
   8: <unknown>)
default	16:19:44.769104-0800	Runner	flutter: [2026-02-28T16:19:44.768914] pushAudioFrame failed: AnyhowException(sender is not active; call start_sankaku_sender first

Stack backtrace:
   0: std::backtrace::Backtrace::create
   1: std::backtrace::Backtrace::capture
   2: rust_lib_nomikai::api::simple::push_audio_frame
   3: flutter_rust_bridge::misc::panic_backtrace::PanicBacktrace::catch_unwind
   4: <F as threadpool::FnBox>::call_box
   5: std::sys::backtrace::__rust_begin_short_backtrace
   6: core::ops::function::FnOnce::call_once{{vtable.shim}}
   7: std::sys::thread::unix::Thread::new::thread_start
   8: <unknown>)
default	16:19:44.788734-0800	Runner	flutter: DEBUG: Dart received VIDEO chunk: 6762 bytes (Keyframe: false, pts_us=476412940340, codec=0x01)
default	16:19:44.788764-0800	Runner	flutter: [2026-02-28T16:19:44.788611] DEBUG: Dart received VIDEO chunk: 6762 bytes (Keyframe: false, pts_us=476412940340, codec=0x01)
default	16:19:44.789654-0800	Runner	flutter: pushVideoFrame failed: AnyhowException(sender is not active; call start_sankaku_sender first

Stack backtrace:
   0: std::backtrace::Backtrace::create
   1: std::backtrace::Backtrace::capture
   2: rust_lib_nomikai::api::simple::push_video_frame
   3: flutter_rust_bridge::misc::panic_backtrace::PanicBacktrace::catch_unwind
   4: <F as threadpool::FnBox>::call_box
   5: std::sys::backtrace::__rust_begin_short_backtrace
   6: core::ops::function::FnOnce::call_once{{vtable.shim}}
   7: std::sys::thread::unix::Thread::new::thread_start
   8: <unknown>)
default	16:19:44.789804-0800	Runner	flutter: [2026-02-28T16:19:44.789505] pushVideoFrame failed: AnyhowException(sender is not active; call start_sankaku_sender first

Stack backtrace:
   0: std::backtrace::Backtrace::create
   1: std::backtrace::Backtrace::capture
   2: rust_lib_nomikai::api::simple::push_video_frame
   3: flutter_rust_bridge::misc::panic_backtrace::PanicBacktrace::catch_unwind
   4: <F as threadpool::FnBox>::call_box
   5: std::sys::backtrace::__rust_begin_short_backtrace
   6: core::ops::function::FnOnce::call_once{{vtable.shim}}
   7: std::sys::thread::unix::Thread::new::thread_start
   8: <unknown>)
default	16:19:44.791965-0800	Runner	flutter: DEBUG: Dart received AUDIO chunk: 94 bytes (pts_us=476412956708, frames_per_packet=960, codec=0x03)
default	16:19:44.792015-0800	Runner	flutter: [2026-02-28T16:19:44.791811] DEBUG: Dart received AUDIO chunk: 94 bytes (pts_us=476412956708, frames_per_packet=960, codec=0x03)
default	16:19:44.792800-0800	Runner	flutter: pushAudioFrame failed: AnyhowException(sender is not active; call start_sankaku_sender first

Stack backtrace:
   0: std::backtrace::Backtrace::create
   1: std::backtrace::Backtrace::capture
   2: rust_lib_nomikai::api::simple::push_audio_frame
   3: flutter_rust_bridge::misc::panic_backtrace::PanicBacktrace::catch_unwind
   4: <F as threadpool::FnBox>::call_box
   5: std::sys::backtrace::__rust_begin_short_backtrace
   6: core::ops::function::FnOnce::call_once{{vtable.shim}}
   7: std::sys::thread::unix::Thread::new::thread_start
   8: <unknown>)
default	16:19:44.792843-0800	Runner	flutter: [2026-02-28T16:19:44.792627] pushAudioFrame failed: AnyhowException(sender is not active; call start_sankaku_sender first

Stack backtrace:
   0: std::backtrace::Backtrace::create
   1: std::backtrace::Backtrace::capture
   2: rust_lib_nomikai::api::simple::push_audio_frame
   3: flutter_rust_bridge::misc::panic_backtrace::PanicBacktrace::catch_unwind
   4: <F as threadpool::FnBox>::call_box
   5: std::sys::backtrace::__rust_begin_short_backtrace
   6: core::ops::function::FnOnce::call_once{{vtable.shim}}
   7: std::sys::thread::unix::Thread::new::thread_start
   8: <unknown>)
default	16:19:44.816114-0800	Runner	flutter: DEBUG: Dart received AUDIO chunk: 94 bytes (pts_us=476412979708, frames_per_packet=960, codec=0x03)
default	16:19:44.816189-0800	Runner	flutter: [2026-02-28T16:19:44.816065] DEBUG: Dart received AUDIO chunk: 94 bytes (pts_us=476412979708, frames_per_packet=960, codec=0x03)
default	16:19:44.817100-0800	Runner	flutter: pushAudioFrame failed: AnyhowException(sender is not active; call start_sankaku_sender first

Stack backtrace:
   0: std::backtrace::Backtrace::create
   1: std::backtrace::Backtrace::capture
   2: rust_lib_nomikai::api::simple::push_audio_frame
   3: flutter_rust_bridge::misc::panic_backtrace::PanicBacktrace::catch_unwind
   4: <F as threadpool::FnBox>::call_box
   5: std::sys::backtrace::__rust_begin_short_backtrace
   6: core::ops::function::FnOnce::call_once{{vtable.shim}}
   7: std::sys::thread::unix::Thread::new::thread_start
   8: <unknown>)
default	16:19:44.817166-0800	Runner	flutter: [2026-02-28T16:19:44.816973] pushAudioFrame failed: AnyhowException(sender is not active; call start_sankaku_sender first

Stack backtrace:
   0: std::backtrace::Backtrace::create
   1: std::backtrace::Backtrace::capture
   2: rust_lib_nomikai::api::simple::push_audio_frame
   3: flutter_rust_bridge::misc::panic_backtrace::PanicBacktrace::catch_unwind
   4: <F as threadpool::FnBox>::call_box
   5: std::sys::backtrace::__rust_begin_short_backtrace
   6: core::ops::function::FnOnce::call_once{{vtable.shim}}
   7: std::sys::thread::unix::Thread::new::thread_start
   8: <unknown>)
default	16:19:44.822148-0800	Runner	flutter: DEBUG: Dart received VIDEO chunk: 7789 bytes (Keyframe: false, pts_us=476412973673, codec=0x01)
default	16:19:44.822160-0800	Runner	flutter: [2026-02-28T16:19:44.821895] DEBUG: Dart received VIDEO chunk: 7789 bytes (Keyframe: false, pts_us=476412973673, codec=0x01)
default	16:19:44.825660-0800	Runner	flutter: pushVideoFrame failed: AnyhowException(sender is not active; call start_sankaku_sender first

Stack backtrace:
   0: std::backtrace::Backtrace::create
   1: std::backtrace::Backtrace::capture
   2: rust_lib_nomikai::api::simple::push_video_frame
   3: flutter_rust_bridge::misc::panic_backtrace::PanicBacktrace::catch_unwind
   4: <F as threadpool::FnBox>::call_box
   5: std::sys::backtrace::__rust_begin_short_backtrace
   6: core::ops::function::FnOnce::call_once{{vtable.shim}}
   7: std::sys::thread::unix::Thread::new::thread_start
   8: <unknown>)
default	16:19:44.825676-0800	Runner	flutter: [2026-02-28T16:19:44.822789] pushVideoFrame failed: AnyhowException(sender is not active; call start_sankaku_sender first

Stack backtrace:
   0: std::backtrace::Backtrace::create
   1: std::backtrace::Backtrace::capture
   2: rust_lib_nomikai::api::simple::push_video_frame
   3: flutter_rust_bridge::misc::panic_backtrace::PanicBacktrace::catch_unwind
   4: <F as threadpool::FnBox>::call_box
   5: std::sys::backtrace::__rust_begin_short_backtrace
   6: core::ops::function::FnOnce::call_once{{vtable.shim}}
   7: std::sys::thread::unix::Thread::new::thread_start
   8: <unknown>)
default	16:19:44.837461-0800	Runner	flutter: DEBUG: Dart received AUDIO chunk: 95 bytes (pts_us=476413002708, frames_per_packet=960, codec=0x03)
default	16:19:44.837532-0800	Runner	flutter: [2026-02-28T16:19:44.837234] DEBUG: Dart received AUDIO chunk: 95 bytes (pts_us=476413002708, frames_per_packet=960, codec=0x03)
default	16:19:44.839019-0800	Runner	flutter: pushAudioFrame failed: AnyhowException(sender is not active; call start_sankaku_sender first

Stack backtrace:
   0: std::backtrace::Backtrace::create
   1: std::backtrace::Backtrace::capture
   2: rust_lib_nomikai::api::simple::push_audio_frame
   3: flutter_rust_bridge::misc::panic_backtrace::PanicBacktrace::catch_unwind
   4: <F as threadpool::FnBox>::call_box
   5: std::sys::backtrace::__rust_begin_short_backtrace
   6: core::ops::function::FnOnce::call_once{{vtable.shim}}
   7: std::sys::thread::unix::Thread::new::thread_start
   8: <unknown>)
default	16:19:44.83905[<35;91;42M9-0800	Runner	flutter: [2026-02-28T16:19:44.838875] pushAudioFrame failed: AnyhowException(sender is not active; call start_sankaku_sender first

Stack backtrace:
   0: std::backtrace::Backtrace::create
   1: std::backtrace::Backtrace::capture
   2: rust_lib_nomikai::api::simple::push_audio_frame
   3: flutter_rust_bridge::misc::panic_backtrace::PanicBacktrace::catch_unwind
   4: <F as threadpool::FnBox>::call_box
   5: std::sys::backtrace::__rust_begin_short_backtrace
   6: core::ops::function::FnOnce::call_once{{vtable.shim}}
   7: std::sys::thread::unix::Thread::new::thread_start
   8: <unknown>)
default	16:19:44.856800-0800	Runner	flutter: DEBUG: Dart received VIDEO chunk: 6235 bytes (Keyframe: false, pts_us=476413007004, codec=0x01)
default	16:19:44.856[<35;93;42M846-0800	Runner	flutter: [2026-02-28T16:19:44.856674] DEBUG: Dart received VIDEO chunk: 6235 bytes (Keyframe: false, pts_us=476413007004, codec=0x01)
default	16:19:44.858104-0800	Runner	flutter: pushVideoFrame failed: AnyhowException(sender is not active; call start_sankaku_sender first

Stack backtrace:
   0: std::backtrace::Backtrace::create
   1: std::backtrace::Backtrace::capture
   2: rust_lib_nomikai::api::simple::push_video_frame
   3: flutter_rust_bridge::misc::panic_backtrace::PanicBacktrace::catch_unwind
   4: <F as threadpool::FnBox>::call_box
   5: std::sys::backtrace::__rust_begin_short_backtrace
   6: core::ops::function::FnOnce::call_once{{vtable.shim}}
   7: std::sys::thread::unix::Thread::new::thread_start
   8: <unknown>)
default	16:19:44.858198-0800	Runner	flutter: [2026-02-28T16:19:44.857799] pushVideoFrame failed: AnyhowException(sender is not active; call start_sankaku_sender first

Stack backtrace:
   0: std::backtrace::Backtrace::create
   1: std::backtrace::Backtrace::capture
   2: rust_lib_nomikai::api::simple::push_video_frame
   3: flutter_rust_bridge::misc::panic_backtrace::PanicBacktrace::catch_unwind
   4: <F as threadpool::FnBox>::call_box
   5: std::sys::backtrace::__rust_begin_short_backtrace
   6: core::ops::function::FnOnce::call_once{{vtable.shim}}
   7: std::sys::thread::unix::Thread::new::thread_start
   8: <unknown>)
default	16:19:44.859704-0800	Runner	flutter: DEBUG: Dart received AUDIO chunk: 97 bytes (pts_us=476413025708, frames_per_packet=960, codec=0x03)
default	16:1[<35;95;42M9:44.859750-0800	Runner	flutter: [2026-02-28T16:19:44.859600] DEBUG: Dart received AUDIO chunk: 97 bytes (pts_us=476413025708, frames_per_packet=960, codec=0x03)
default	16:19:44.860605-0800	Runner	flutter: pushAudioFrame failed: AnyhowException(sender is not active; call start_sankaku_sender first

Stack backtrace:
   0: std::backtrace::Backtrace::create
   1: std::backtrace::Backtrace::capture
   2: rust_lib_nomikai::api::simple::push_audio_frame
   3: flutter_rust_bridge::misc::panic_backtrace::PanicBacktrace::catch_unwind
   4: <F as threadpool::FnBox>::call_box
   5: std::sys::backtrace::__rust_begin_short_backtrace
   6: core::ops::function::FnOnce::call_once{{vtable.shim}}
   7: std::sys::thread::unix::Thread::new::thread_start
   8: <unknown>)
defaul[<35;96;42Mt	16:19:44.860650-0800	Runner	flutter: [2026-02-28T16:19:44.860465] pushAudioFrame failed: AnyhowException(sender is not active; call start_sankaku_sender first

Stack backtrace:
   0: std::backtrace::Backtrace::create
   1: std::backtrace::Backtrace::capture
   2: rust_lib_nomikai::api::simple::push_audio_frame
   3: flutter_rust_bridge::misc::panic_backtrace::PanicBacktrace::catch_unwind
   4: <F as threadpool::FnBox>::call_box
   5: std::sys::backtrace::__rust_begin_short_backtrace
   6: core::ops::function::FnOnce::call_once{{vtable.shim}}
   7: std::sys::thread::unix::Thread::new::thread_start
   8: <unknown>)
default	16:19:44.889198-0800	Runner	<private>
default	16:19:44.890113-0800	Runner	flutter: DEBUG: Dart received AUDIO chunk: 97 bytes (pts_us=476413048708, frames_per_packet=960, codec=0x03)
default	16:19:44.890250-0800	Runner	flutter: [2026-02-28T16:19:44.889650] DEBUG: Dart received AUDIO chunk: 97 bytes (pts_us=476413048708, frames_per_packet=960, codec=0x03)
default	16:19:44.890294-0800	Runner	flutter: DEBUG: Dart received AUDIO chunk: 95 bytes (pts_us=476413068708, frames_per_packet=960, codec=0x03)
default	16:19:44.890425-0800	Runner	flutter: [2026-02-28T16:19:44.889925] DEBUG: Dart received AUDIO chunk: 95 bytes (pts_us=476413068708, frames_per_packet=960, codec=0x03)
default	16:19:44.892484-0800	Runner	flutter: DEBUG: Dart received VIDEO chunk: 5665 bytes (Keyframe: false, pts_us=476413040325, codec=0x01)
default	16:19:44.892530-0800	Runner	flutter: [2026-02-28T16:19:44.892279] DEBUG: Dart re[<35;98;42Mceived VIDEO chunk: 5665 bytes (Keyframe: false, pts_us=476413040325, codec=0x01)
default	16:19:44.892987-0800	Runner	flutter: pushAudioFrame failed: AnyhowException(sender is not active; call start_sankaku_sender first

Stack backtrace:
   0: std::backtrace::Backtrace::create
   1: std::backtrace::Backtrace::capture
   2: rust_lib_nomikai::api::simple::push_audio_frame
   3: flutter_rust_bridge::misc::panic_backtrace::PanicBacktrace::catch_unwind
   4: <F as threadpool::FnBox>::call_box
   5: std::sys::backtrace::__rust_begin_short_backtrace
   6: core::ops::function::FnOnce::call_once{{vtable.shim}}
   7: std::sys::thread::unix::Thread::new::thread_start
   8: <unknown>)
default	16:19:44.893039-0800	Runner	flutter: [2026-02-28T16:19:44.892548] pushAudioFra[<35;99;42Mme failed: AnyhowException(sender is not active; call start_sankaku_sender first

Stack backtrace:
   0: std::backtrace::Backtrace::create
   1: std::backtrace::Backtrace::capture
   2: rust_lib_nomikai::api::simple::push_audio_frame
   3: flutter_rust_bridge::misc::panic_backtrace::PanicBacktrace::catch_unwind
   4: <F as threadpool::FnBox>::call_box
   5: std::sys::backtrace::__rust_begin_short_backtrace
   6: core::ops::function::FnOnce::call_once{{vtable.shim}}
   7: std::sys::thread::unix::Thread::new::thread_start
   8: <unknown>)
default	16:19:44.893065-0800	Runner	flutter: pushAudioFrame failed: AnyhowException(sender is not active; call start_sankaku_sender first

Stack backtrace:
   0: std::backtrace::Backtrace::create
   1: std::backtrace::Backtrace::capture
   2: rust_lib_nomikai::api::simple::push_audio_frame
   3: flutter_rust_bridge::misc::panic_backtrace::PanicBacktrace::catch_unwind
   4: <F as threadpool::FnBox>::call_box
   5: std::sys::backtrace::__rust_begin_short_backtrace
   6: core::ops::function::FnOnce::call_once{{vtable.shim}}
   7: std::sys::thread::unix::Thread::new::thread_start
   8: <unknown>)
default	16:19:44.893080-0800	Runner	flutter: [2026-02-28T16:19:44.892715] pushAudioFrame failed: AnyhowException(sender is not active; call start_sankaku_sender first

Stack backtrace:
   0: std::backtrace::Backtrace::create
   1: std::backtrace::Backtrace::capture
   2: rust_lib_nomikai::api::simple::push_audio_frame
   3: flutter_rust_bridge::misc::panic_backtrace::PanicBacktrace::catch_u[<35;100;43Mnwind
   4: <F as threadpool::FnBox>::call_box
   5: std::sys::backtrace::__rust_begin_short_backtrace
   6: core::ops::function::FnOnce::call_once{{vtable.shim}}
   7: std::sys::thread::unix::Thread::new::thread_start
   8: <unknown>)
default	16:19:44.893573-0800	Runner	flutter: pushVideoFrame failed: AnyhowException(sender is not active; call start_sankaku_sender first

Stack backtrace:
   0: std::backtrace::Backtrace::create
   1: std::backtrace::Backtrace::capture
   2: rust_lib_nomikai::api::simple::push_video_frame
   3: flutter_rust_bridge::misc::panic_backtrace::PanicBacktrace::catch_unwind
   4: <F as threadpool::FnBox>::call_box
   5: std::sys::backtrace::__rust_begin_short_backtrace
   6: core::ops::function::FnOnce::call_once{{vtable.shim}}
   7:[<35;101;43M std::sys::thread::unix::Thread::new::thread_start
   8: <unknown>)
default	16:19:44.893687-0800	Runner	flutter: [2026-02-28T16:19:44.893466] pushVideoFrame failed: AnyhowException(sender is not active; call start_sankaku_sender first

Stack backtrace:
   0: std::backtrace::Backtrace::create
   1: std::backtrace::Backtrace::capture
   2: rust_lib_nomikai::api::simple::push_video_frame
   3: flutter_rust_bridge::misc::panic_backtrace::PanicBacktrace::catch_unwind
   4: <F as threadpool::FnBox>::call_box
   5: std::sys::backtrace::__rust_begin_short_backtrace
   6: core::ops::function::FnOnce::call_once{{vtable.shim}}
   7: std::sys::thread::unix::Thread::new::thread_start
   8: <unknown>)
default	16:19:44.906603-0800	Runner	flutter: DEBUG: Dart received AUDIO chunk: 97 bytes (pts_us=476413071708, frames_per_packet=960, codec=0x03)
default	16:19:44.906655-0800	Runner	flutter: [2026-02-28T16:19:44.906436] DEBUG: Dart received AUDIO chunk: 97 bytes (pts_us=476413071708, frames_per_packet=960, codec=0x03)
default	16:19:44.907876-0800	Runner	flutter: pushAudioFrame failed: AnyhowException(sender is not active; call start_sankaku_sender first

Stack backtrace:
   0: std::backtrace::Backtrace::create
   1: std::backtrace::Backtrace::capture
   2: rust_lib_nomikai::api::simple::push_audio_frame
   3: flutter_rust_bridge::misc::panic_backtrace::PanicBacktrace::catch_unwind
   4: <F as threadpool::FnBox>::call_box
   5: std::sys::backtrace::__rust_begin_short_backtrace
   6: core::ops::function::FnOnce::call_once{{vtable.shim}}
   7: std::sys::thread::unix::Thread::new::thread_start
   8: <unknown>)
default	16:19:44.907943-0800	Runner	flutter: [2026-02-28T16:19:44.907703] pushAudioFrame failed: AnyhowException(sender is not active; call start_sankaku_sender first

Stack backtrace:
   0: std::backtrace::Backtrace::create
   1: std::backtrace::Backtrace::capture
   2: rust_lib_nomikai::api::simple::push_audio_frame
   3: flutter_rust_bridge::misc::panic_backtrace::PanicBacktrace::catch_unwind
   4: <F as threadpool::FnBox>::call_box
   5: std::sys::backtrace::__rust_begin_short_backtrace
   6: core::ops::function::FnOnce::call_once{{vtable.shim}}
   7: std::sys::thread::unix::Thread::new::thread_start
   8: <unknown>)
default	16:19:44.927205-0800	Runner	flutter: DEBUG: Dart received VIDEO chunk: 6086 bytes (Keyframe: false, pts_us=476413073670, codec=0x01)
default	16:19:44.927238-0800	Runner	flutter: [2026-02-28T16:19:44.923263] DEBUG: Dart received VIDEO chunk: 6086 bytes (Keyframe: false, pts_us=476413073670, codec=0x01)
default	16:19:44.928096-0800	Runner	flutter: pushVideoFrame failed: AnyhowException(sender is not active; call start_sankaku_sender first

Stack backtrace:
   0: std::backtrace::Backtrace::create
   1: std::backtrace::Backtrace::capture
   2: rust_lib_nomikai::api::simple::push_video_frame
   3: flutter_rust_bridge::misc::panic_backtrace::PanicBacktrace::catch_unwind
   4: <F as threadpool::FnBox>::call_box
   5: std::sys::backtrace::__rust_begin_short_backtrace
   6: core::ops::function::FnOnce::call_once{{vtable.shim}}
   7: std::sys::thread::unix::Thread::new::thread_start
   8: <unknown>)
default	16:19:44.928138-0800	Runner	flutter: [2026-02-28T16:19:44.927640] pushVideoFrame failed: AnyhowException(sender is not active; call start_sankaku_sender first

Stack backtrace:
   0: std::backtrace::Backtrace::create
   1: std::backtrace::Backtrace::capture
   2: rust_lib_nomikai::api::simple::push_video_frame
   3: flutter_rust_bridge::misc::panic_backtrace::PanicBacktrace::catch_unwind
   4: <F as threadpool::FnBox>::call_box
   5: std::sys::backtrace::__rust_begin_short_backtrace
   6: core::ops::function::FnOnce::call_once{{vtable.shim}}
   7: std::sys::thread::unix::Thread::new::thread_start
   8: <unknown>)
default	16:19:44.929073-0800	Runner	flutter: DEBUG: Dart received AUDIO chunk: 97 bytes (pts_us=476413094708, frames_per_packet=960, codec=0x03)
default	16:19:44.929090-0800	Runner	flutter: [2026-02-28T16:19:44.928932] DEBUG: Dart received AUDIO chunk: 97 bytes (pts_us=476413094708, frames_per_packet=960, codec=0x03)
default	16:19:44.929862-0800	Runner	flutter: pushAudioFrame failed: AnyhowException(sender is not active; call start_sankaku_sender first

Stack backtrace:
   0: std::backtrace::Backtrace::create
   1: std::backtrace::Backtrace::capture
   2: rust_lib_nomikai::api::simple::push_audio_frame
   3: flutter_rust_bridge::misc::panic_backtrace::PanicBacktrace::catch_unwind
   4: <F as threadpool::FnBox>::call_box
   5: std::sys::backtrace::__rust_begin_short_backtrace
   6: core::ops::function::FnOnce::call_once{{vtable.shim}}
   7: std::sys::thread::unix::Thread::new::thread_start
   8: <unknown>)
default	16:19:44.929898-0800	Runner	flutter: [2026-02-28T16:19:44.929733] pushAudioFrame failed: AnyhowException(sender is not active; call start_sankaku_sender first

Stack backtrace:
   0: std::backtrace::Backtrace::create
   1: std::backtrace::Backtrace::capture
   2: rust_lib_nomikai::api::simple::push_audio_frame
   3: flutter_rust_bridge::misc::panic_backtrace::PanicBacktrace::catch_unwind
   4: <F as threadpool::FnBox>::call_box
   5: std::sys::backtrace::__rust_begin_short_backtrace
   6: core::ops::function::FnOnce::call_once{{vtable.shim}}
   7: std::sys::thread::unix::Thread::new::thread_start
   8: <unknown>)
default	16:19:44.951761-0800	Runner	flutter: DEBUG: Dart received AUDIO chunk: 97 bytes (pts_us=476413117708, frames_per_packet=960, codec=0x03)
default	16:19:44.951831-0800	Runner	flutter: [2026-02-28T16:19:44.951624] DEBUG: Dart received AUDIO chunk: 97 bytes (pts_us=476413117708, frames_per_packet=960, codec=0x03)
default	16:19:44.952806-0800	Runner	flutter: pushAudioFrame failed: AnyhowException(sender is not active; call start_sankaku_sender first

Stack backtrace:
   0: std::backtrace::Backtrace::create
   1: std::backtrace::Backtrace::capture
   2: rust_lib_nomikai::api::simple::push_audio_frame
   3: flutter_rust_bridge::misc::panic_backtrace::PanicBacktrace::catch_unwind
   4: <F as threadpool::FnBox>::call_box
   5: std::sys::backtrace::__rust_begin_short_backtrace
   6: core::ops::function::FnOnce::call_once{{vtable.shim}}
   7: std::sys::thread::unix::Thread::new::thread_start
   8: <unknown>)
default	16:19:44.952851-0800	Runner	flutter: [2026-02-28T16:19:44.952634] pushAudioFrame failed: AnyhowException(sender is not active; call start_sankaku_sender first

Stack backtrace:
   0: std::backtrace::Backtrace::create
   1: std::backtrace::Backtrace::capture
   2: rust_lib_nomikai::api::simple::push_audio_frame
   3: flutter_rust_bridge::misc::panic_backtrace::PanicBacktrace::catch_unwind
   4: <F as threadpool::FnBox>::call_box
   5: std::sys::backtrace::__rust_begin_short_backtrace
   6: core::ops::function::FnOnce::call_once{{vtable.shim}}
   7: std::sys::thread::unix::Thread::new::thread_start
   8: <unknown>)
default	16:19:44.956015-0800	Runner	flutter: DEBUG: Dart received VIDEO chunk: 5425 bytes (Keyframe: false, pts_us=476413106991, codec=0x01)
default	16:19:44.956051-0800	Runner	flutter: [2026-02-28T16:19:44.955863] DEBUG: Dart received VIDEO chunk: 5425 bytes (Keyframe: false, pts_us=476413106991, codec=0x01)
default	16:19:44.956885-0800	Runner	flutter: pushVideoFrame failed: AnyhowException(sender is not active; call start_sankaku_sender first

Stack backtrace:
   0: std::backtrace::Backtrace::create
   1: std::backtrace::Backtrace::capture
   2: rust_lib_nomikai::api::simple::push_video_frame
   3: flutter_rust_bridge::misc::panic_backtrace::PanicBacktrace::catch_unwind
   4: <F as threadpool::FnBox>::call_box
   5: std::sys::backtrace::__rust_begin_short_backtrace
   6: core::ops::function::FnOnce::call_once{{vtable.shim}}
   7: std::sys::thread::unix::Thread::new::thread_start
   8: <unknown>)
default	16:19:44.956931-0800	Runner	flutter: [2026-02-28T16:19:44.956754] pushVideoFrame failed: AnyhowException(sender is not active; call start_sankaku_sender first

Stack backtrace:
   0: std::backtrace::Backtrace::create
   1: std::backtrace::Backtrace::capture
   2: rust_lib_nomikai::api::simple::push_video_frame
   3: flutter_rust_bridge::misc::panic_backtrace::PanicBacktrace::catch_unwind
   4: <F as threadpool::FnBox>::call_box
   5: std::sys::backtrace::__rust_begin_short_backtrace
   6: core::ops::function::FnOnce::call_once{{vtable.shim}}
   7: std::sys::thread::unix::Thread::new::thread_start
   8: <unknown>)
default	16:19:44.975426-0800	Runner	flutter: DEBUG: Dart received AUDIO chunk: 97 bytes (pts_us=476413140708, frames_per_packet=960, codec=0x03)
default	16:19:44.975646-0800	Runner	flutter: [2026-02-28T16:19:44.975268] DEBUG: Dart received AUDIO chunk: 97 bytes (pts_us=476413140708, frames_per_packet=960, codec=0x03)
default	16:19:44.976975-0800	Runner	flutter: pushAudioFrame failed: AnyhowException(sender is not active; call start_sankaku_sender first

Stack backtrace:
   0: std::backtrace::Backtrace::create
   1: std::backtrace::Backtrace::capture
   2: rust_lib_nomikai::api::simple::push_audio_frame
   3: flutter_rust_bridge::misc::panic_backtrace::PanicBacktrace::catch_unwind
   4: <F as threadpool::FnBox>::call_box
   5: std::sys::backtrace::__rust_begin_short_backtrace
   6: core::ops::function::FnOnce::call_once{{vtable.shim}}
   7: std::sys::thread::unix::Thread::new::thread_start
   8: <unknown>)
default	16:19:44.977041-0800	Runner	flutter: [2026-02-28T16:19:44.976793] pushAudioFrame failed: AnyhowException(sender is not active; call start_sankaku_sender first

Stack backtrace:
   0: std::backtrace::Backtrace::create
   1: std::backtrace::Backtrace::capture
   2: rust_lib_nomikai::api::simple::push_audio_frame
   3: flutter_rust_bridge::misc::panic_backtrace::PanicBacktrace::catch_unwind
   4: <F as threadpool::FnBox>::call_box
   5: std::sys::backtrace::__rust_begin_short_backtrace
   6: core::ops::function::FnOnce::call_once{{vtable.shim}}
   7: std::sys::thread::unix::Thread::new::thread_start
   8: <unknown>)
default	16:19:44.992083-0800	Runner	flutter: DEBUG: Dart received VIDEO chunk: 7418 bytes (Keyframe: false, pts_us=476413140318, codec=0x01)
default	16:19:44.992181-0800	Runner	flutter: [2026-02-28T16:19:44.991404] DEBUG: Dart received VIDEO chunk: 7418 bytes (Keyframe: false, pts_us=476413140318, codec=0x01)
default	16:19:44.993277-0800	Runner	flutter: pushVideoFrame failed: AnyhowException(sender is not active; call start_sankaku_sender first

Stack backtrace:
   0: std::backtrace::Backtrace::create
   1: std::backtrace::Backtrace::capture
   2: rust_lib_nomikai::api::simple::push_video_frame
   3: flutter_rust_bridge::misc::panic_backtrace::PanicBacktrace::catch_unwind
   4: <F as threadpool::FnBox>::call_box
   5: std::sys::backtrace::__rust_begin_short_backtrace
   6: core::ops::function::FnOnce::call_once{{vtable.shim}}
   7: std::sys::thread::unix::Thread::new::thread_start
   8: <unknown>)
default	16:19:44.993354-0800	Runner	flutter: [2026-02-28T16:19:44.992987] pushVideoFrame failed: AnyhowException(sender is not active; call start_sankaku_sender first

Stack backtrace:
   0: std::backtrace::Backtrace::create
   1: std::backtrace::Backtrace::capture
   2: rust_lib_nomikai::api::simple::push_video_frame
   3: flutter_rust_bridge::misc::panic_backtrace::PanicBacktrace::catch_unwind
   4: <F as threadpool::FnBox>::call_box
   5: std::sys::backtrace::__rust_begin_short_backtrace
   6: core::ops::function::FnOnce::call_once{{vtable.shim}}
   7: std::sys::thread::unix::Thread::new::thread_start
   8: <unknown>)
default	16:19:44.998495-0800	Runner	flutter: DEBUG: Dart received AUDIO chunk: 97 bytes (pts_us=476413163708, frames_per_packet=960, codec=0x03)
default	16:19:44.998536-0800	Runner	flutter: [2026-02-28T16:19:44.998340] DEBUG: Dart received AUDIO chunk: 97 bytes (pts_us=476413163708, frames_per_packet=960, codec=0x03)
default	16:19:45.001209-0800	Runner	flutter: pushAudioFrame failed: AnyhowException(sender is not active; call start_sankaku_sender first

Stack backtrace:
   0: std::backtrace::Backtrace::create
   1: std::backtrace::Backtrace::capture
   2: rust_lib_nomikai::api::simple::push_audio_frame
   3: flutter_rust_bridge::misc::panic_backtrace::PanicBacktrace::catch_unwind
   4: <F as threadpool::FnBox>::call_box
   5: std::sys::backtrace::__rust_begin_short_backtrace
   6: core::ops::function::FnOnce::call_once{{vtable.shim}}
   7: std::sys::thread::unix::Thread::new::thread_start
   8: <unknown>)
default	16:19:45.001394-0800	Runner	flutter: [2026-02-28T16:19:45.000923] pushAudioFrame failed: AnyhowException(sender is not active; call start_sankaku_sender first

Stack backtrace:
   0: std::backtrace::Backtrace::create
   1: std::backtrace::Backtrace::capture
   2: rust_lib_nomikai::api::simple::push_audio_frame
   3: flutter_rust_bridge::misc::panic_backtrace::PanicBacktrace::catch_unwind
   4: <F as threadpool::FnBox>::call_box
   5: std::sys::backtrace::__rust_begin_short_backtrace
   6: core::ops::function::FnOnce::call_once{{vtable.shim}}
   7: std::sys::thread::unix::Thread::new::thread_start
   8: <unknown>)
default	16:19:45.022104-0800	Runner	<private>
default	16:19:45.022916-0800	Runner	flutter: DEBUG: Dart received AUDIO chunk: 95 bytes (pts_us=476413186708, frames_per_packet=960, codec=0x03)
default	16:19:45.022953-0800	Runner	flutter: [2026-02-28T16:19:45.022732] DEBUG: Dart received AUDIO chunk: 95 bytes (pts_us=476413186708, frames_per_packet=960, codec=0x03)
default	16:19:45.023145-0800	Runner	flutter: DEBUG: Dart received AUDIO chunk: 97 bytes (pts_us=476413206708, frames_per_packet=960, codec=0x03)
default	16:19:45.023175-0800	Runner	flutter: [2026-02-28T16:19:45.023028] DEBUG: Dart received AUDIO chunk: 97 bytes (pts_us=476413206708, frames_per_packet=960, codec=0x03)
default	16:19:45.027724-0800	Runner	flutter: DEBUG: Dart received VIDEO chunk: 9001 bytes (Keyframe: false, pts_us=476413173652, codec=0x01)
default	16:19:45.027748-0800	Runner	flutter: [2026-02-28T16:19:45.025709] DEBUG: Dart received VIDEO chunk: 9001 bytes (Keyframe: false, pts_us=476413173652, codec=0x01)
default	16:19:45.027772-0800	Runner	flutter: pushAudioFrame failed: AnyhowException(sender is not active; call start_sankaku_sender first

Stack backtrace:
   0: std::backtrace::Backtrace::create
   1: std::backtrace::Backtrace::capture
   2: rust_lib_nomikai::api::simple::push_audio_frame
   3: flutter_rust_bridge::misc::panic_backtrace::PanicBacktrace::catch_unwind
   4: <F as threadpool::FnBox>::call_box
   5: std::sys::backtrace::__rust_begin_short_backtrace
   6: core::ops::function::FnOnce::call_once{{vtable.shim}}
   7: std::sys::thread::unix::Thread::new::thread_start
   8: <unknown>)
default	16:19:45.027791-0800	Runner	flutter: [2026-02-28T16:19:45.026204] pushAudioFrame failed: AnyhowException(sender is not active; call start_sankaku_sender first

Stack backtrace:
   0: std::backtrace::Backtrace::create
   1: std::backtrace::Backtrace::capture
   2: rust_lib_nomikai::api::simple::push_audio_frame
   3: flutter_rust_bridge::misc::panic_backtrace::PanicBacktrace::catch_unwind
   4: <F as threadpool::FnBox>::call_box
   5: std::sys::backtrace::__rust_begin_short_backtrace
   6: core::ops::function::FnOnce::call_once{{vtable.shim}}
   7: std::sys::thread::unix::Thread::new::thread_start
   8: <unknown>)
default	16:19:45.027806-0800	Runner	flutter: pushAudioFrame failed: AnyhowException(sender is not active; call start_sankaku_sender first

Stack backtrace:
   0: std::backtrace::Backtrace::create
   1: std::backtrace::Backtrace::capture
   2: rust_lib_nomikai::api::simple::push_audio_frame
   3: flutter_rust_bridge::misc::panic_backtrace::PanicBacktrace::catch_unwind
   4: <F as threadpool::FnBox>::call_box
   5: std::sys::backtrace::__rust_begin_short_backtrace
   6: core::ops::function::FnOnce::call_once{{vtable.shim}}
   7: std::sys::thread::unix::Thread::new::thread_start
   8: <unknown>)
default	16:19:45.027817-0800	Runner	flutter: [2026-02-28T16:19:45.026556] pushAudioFrame failed: AnyhowException(sender is not active; call start_sankaku_sender first

Stack backtrace:
   0: std::backtrace::Backtrace::create
   1: std::backtrace::Backtrace::capture
   2: rust_lib_nomikai::api::simple::push_audio_frame
   3: flutter_rust_bridge::misc::panic_backtrace::PanicBacktrace::catch_unwind
   4: <F as threadpool::FnBox>::call_box
   5: std::sys::backtrace::__rust_begin_short_backtrace
   6: core::ops::function::FnOnce::call_once{{vtable.shim}}
   7: std::sys::thread::unix::Thread::new::thread_start
   8: <unknown>)
default	16:19:45.027896-0800	Runner	flutter: pushVideoFrame failed: AnyhowException(sender is not active; call start_sankaku_sender first

Stack backtrace:
   0: std::backtrace::Backtrace::create
   1: std::backtrace::Backtrace::capture
   2: rust_lib_nomikai::api::simple::push_video_frame
   3: flutter_rust_bridge::misc::panic_backtrace::PanicBacktrace::catch_unwind
   4: <F as threadpool::FnBox>::call_box
   5: std::sys::backtrace::__rust_begin_short_backtrace
   6: core::ops::function::FnOnce::call_once{{vtable.shim}}
   7: std::sys::thread::unix::Thread::new::thread_start
   8: <unknown>)
default	16:19:45.027910-0800	Runner	flutter: [2026-02-28T16:19:45.027784] pushVideoFrame failed: AnyhowException(sender is not active; call start_sankaku_sender first

Stack backtrace:
   0: std::backtrace::Backtrace::create
   1: std::backtrace::Backtrace::capture
   2: rust_lib_nomikai::api::simple::push_video_frame
   3: flutter_rust_bridge::misc::panic_backtrace::PanicBacktrace::catch_unwind
   4: <F as threadpool::FnBox>::call_box
   5: std::sys::backtrace::__rust_begin_short_backtrace
   6: core::ops::function::FnOnce::call_once{{vtable.shim}}
   7: std::sys::thread::unix::Thread::new::thread_start
   8: <unknown>)
default	16:19:45.044811-0800	Runner	flutter: DEBUG: Dart received AUDIO chunk: 97 bytes (pts_us=476413209708, frames_per_packet=960, codec=0x03)
default	16:19:45.045089-0800	Runner	flutter: [2026-02-28T16:19:45.044258] DEBUG: Dart received AUDIO chunk: 97 bytes (pts_us=476413209708, frames_per_packet=960, codec=0x03)
default	16:19:45.047435-0800	Runner	flutter: pushAudioFrame failed: AnyhowException(sender is not active; call start_sankaku_sender first

Stack backtrace:
   0: std::backtrace::Backtrace::create
   1: std::backtrace::Backtrace::capture
   2: rust_lib_nomikai::api::simple::push_audio_frame
   3: flutter_rust_bridge::misc::panic_backtrace::PanicBacktrace::catch_unwind
   4: <F as threadpool::FnBox>::call_box
   5: std::sys::backtrace::__rust_begin_short_backtrace
   6: core::ops::function::FnOnce::call_once{{vtable.shim}}
   7: std::sys::thread::unix::Thread::new::thread_start
   8: <unknown>)
default	16:19:45.047923-0800	Runner	flutter: [2026-02-28T16:19:45.047122] pushAudioFrame failed: AnyhowException(sender is not active; call start_sankaku_sender first

Stack backtrace:
   0: std::backtrace::Backtrace::create
   1: std::backtrace::Backtrace::capture
   2: rust_lib_nomikai::api::simple::push_audio_frame
   3: flutter_rust_bridge::misc::panic_backtrace::PanicBacktrace::catch_unwind
   4: <F as threadpool::FnBox>::call_box
   5: std::sys::backtrace::__rust_begin_short_backtrace
   6: core::ops::function::FnOnce::call_once{{vtable.shim}}
   7: std::sys::thread::unix::Thread::new::thread_start
   8: <unknown>)
default	16:19:45.056617-0800	Runner	flutter: DEBUG: Dart received VIDEO chunk: 10301 bytes (Keyframe: false, pts_us=476413206987, codec=0x01)
default	16:19:45.056685-0800	Runner	flutter: [2026-02-28T16:19:45.056458] DEBUG: Dart received VIDEO chunk: 10301 bytes (Keyframe: false, pts_us=476413206987, codec=0x01)
default	16:19:45.057670-0800	Runner	flutter: pushVideoFrame failed: AnyhowException(sender is not active; call start_sankaku_sender first

Stack backtrace:
   0: std::backtrace::Backtrace::create
   1: std::backtrace::Backtrace::capture
   2: rust_lib_nomikai::api::simple::push_video_frame
   3: flutter_rust_bridge::misc::panic_backtrace::PanicBacktrace::catch_unwind
   4: <F as threadpool::FnBox>::call_box
   5: std::sys::backtrace::__rust_begin_short_backtrace
   6: core::ops::function::FnOnce::call_once{{vtable.shim}}
   7: std::sys::thread::unix::Thread::new::thread_start
   8: <unknown>)
default	16:19:45.057899-0800	Runner	flutter: [2026-02-28T16:19:45.057520] pushVideoFrame failed: AnyhowException(sender is not active; call start_sankaku_sender first

Stack backtrace:
   0: std::backtrace::Backtrace::create
   1: std::backtrace::Backtrace::capture
   2: rust_lib_nomikai::api::simple::push_video_frame
   3: flutter_rust_bridge::misc::panic_backtrace::PanicBacktrace::catch_unwind
   4: <F as threadpool::FnBox>::call_box
   5: std::sys::backtrace::__rust_begin_short_backtrace
   6: core::ops::function::FnOnce::call_once{{vtable.shim}}
   7: std::sys::thread::unix::Thread::new::thread_start
   8: <unknown>)
default	16:19:45.067311-0800	Runner	flutter: DEBUG: Dart received AUDIO chunk: 98 bytes (pts_us=476413232708, frames_per_packet=960, codec=0x03)
default	16:19:45.067369-0800	Runner	flutter: [2026-02-28T16:19:45.067136] DEBUG: Dart received AUDIO chunk: 98 bytes (pts_us=476413232708, frames_per_packet=960, codec=0x03)
default	16:19:45.068680-0800	Runner	flutter: pushAudioFrame failed: AnyhowException(sender is not active; call start_sankaku_sender first

Stack backtrace:
   0: std::backtrace::Backtrace::create
   1: std::backtrace::Backtrace::capture
   2: rust_lib_nomikai::api::simple::push_audio_frame
   3: flutter_rust_bridge::misc::panic_backtrace::PanicBacktrace::catch_unwind
   4: <F as threadpool::FnBox>::call_box
   5: std::sys::backtrace::__rust_begin_short_backtrace
   6: core::ops::function::FnOnce::call_once{{vtable.shim}}
   7: std::sys::thread::unix::Thread::new::thread_start
   8: <unknown>)
default	16:19:45.068907-0800	Runner	flutter: [2026-02-28T16:19:45.068377] pushAudioFrame failed: AnyhowException(sender is not active; call start_sankaku_sender first

Stack backtrace:
   0: std::backtrace::Backtrace::create
   1: std::backtrace::Backtrace::capture
   2: rust_lib_nomikai::api::simple::push_audio_frame
   3: flutter_rust_bridge::misc::panic_backtrace::PanicBacktrace::catch_unwind
   4: <F as threadpool::FnBox>::call_box
   5: std::sys::backtrace::__rust_begin_short_backtrace
   6: core::ops::function::FnOnce::call_once{{vtable.shim}}
   7: std::sys::thread::unix::Thread::new::thread_start
   8: <unknown>)
default	16:19:45.090130-0800	Runner	flutter: DEBUG: Dart received VIDEO chunk: 8826 bytes (Keyframe: false, pts_us=476413240299, codec=0x01)
default	16:19:45.090231-0800	Runner	flutter: [2026-02-28T16:19:45.090076] DEBUG: Dart received VIDEO chunk: 8826 bytes (Keyframe: false, pts_us=476413240299, codec=0x01)
default	16:19:45.090754-0800	Runner	flutter: DEBUG: Dart received AUDIO chunk: 97 bytes (pts_us=476413255708, frames_per_packet=960, codec=0x03)
default	16:19:45.090776-0800	Runner	flutter: [2026-02-28T16:19:45.090604] DEBUG: Dart received AUDIO chunk: 97 bytes (pts_us=476413255708, frames_per_packet=960, codec=0x03)
default	16:19:45.091188-0800	Runner	flutter: pushVideoFrame failed: AnyhowException(sender is not active; call start_sankaku_sender first

Stack backtrace:
   0: std::backtrace::Backtrace::create
   1: std::backtrace::Backtrace::capture
   2: rust_lib_nomikai::api::simple::push_video_frame
   3: flutter_rust_bridge::misc::panic_backtrace::PanicBacktrace::catch_unwind
   4: <F as threadpool::FnBox>::call_box
   5: std::sys::backtrace::__rust_begin_short_backtrace
   6: core::ops::function::FnOnce::call_once{{vtable.shim}}
   7: std::sys::thread::unix::Thread::new::thread_start
   8: <unknown>)
default	16:19:45.091260-0800	Runner	flutter: [2026-02-28T16:19:45.091095] pushVideoFrame failed: AnyhowException(sender is not active; call start_sankaku_sender first

Stack backtrace:
   0: std::backtrace::Backtrace::create
   1: std::backtrace::Backtrace::capture
   2: rust_lib_nomikai::api::simple::push_video_frame
   3: flutter_rust_bridge::misc::panic_backtrace::PanicBacktrace::catch_unwind
   4: <F as threadpool::FnBox>::call_box
   5: std::sys::backtrace::__rust_begin_short_backtrace
   6: core::ops::function::FnOnce::call_once{{vtable.shim}}
   7: std::sys::thread::unix::Thread::new::thread_start
   8: <unknown>)
default	16:19:45.091387-0800	Runner	flutter: pushAudioFrame failed: AnyhowException(sender is not active; call start_sankaku_sender first

Stack backtrace:
   0: std::backtrace::Backtrace::create
   1: std::backtrace::Backtrace::capture
   2: rust_lib_nomikai::api::simple::push_audio_frame
   3: flutter_rust_bridge::misc::panic_backtrace::PanicBacktrace::catch_unwind
   4: <F as threadpool::FnBox>::call_box
   5: std::sys::backtrace::__rust_begin_short_backtrace
   6: core::ops::function::FnOnce::call_once{{vtable.shim}}
   7: std::sys::thread::unix::Thread::new::thread_start
   8: <unknown>)
default	16:19:45.091406-0800	Runner	flutter: [2026-02-28T16:19:45.091313] pushAudioFrame failed: AnyhowException(sender is not active; call start_sankaku_sender first

Stack backtrace:
   0: std::backtrace::Backtrace::create
   1: std::backtrace::Backtrace::capture
   2: rust_lib_nomikai::api::simple::push_audio_frame
   3: flutter_rust_bridge::misc::panic_backtrace::PanicBacktrace::catch_unwind
   4: <F as threadpool::FnBox>::call_box
   5: std::sys::backtrace::__rust_begin_short_backtrace
   6: core::ops::function::FnOnce::call_once{{vtable.shim}}
   7: std::sys::thread::unix::Thread::new::thread_start
   8: <unknown>)
default	16:19:45.113873-0800	Runner	flutter: DEBUG: Dart received AUDIO chunk: 97 bytes (pts_us=476413278708, frames_per_packet=960, codec=0x03)
default	16:19:45.113915-0800	Runner	flutter: [2026-02-28T16:19:45.113483] DEBUG: Dart received AUDIO chunk: 97 bytes (pts_us=476413278708, frames_per_packet=960, codec=0x03)
default	16:19:45.114886-0800	Runner	flutter: pushAudioFrame failed: AnyhowException(sender is not active; call start_sankaku_sender first

Stack backtrace:
   0: std::backtrace::Backtrace::create
   1: std::backtrace::Backtrace::capture
   2: rust_lib_nomikai::api::simple::push_audio_frame
   3: flutter_rust_bridge::misc::panic_backtrace::PanicBacktrace::catch_unwind
   4: <F as threadpool::FnBox>::call_box
   5: std::sys::backtrace::__rust_begin_short_backtrace
   6: core::ops::function::FnOnce::call_once{{vtable.shim}}
   7: std::sys::thread::unix::Thread::new::thread_start
   8: <unknown>)
default	16:19:45.115158-0800	Runner	flutter: [2026-02-28T16:19:45.114790] pushAudioFrame failed: AnyhowException(sender is not active; call start_sankaku_sender first

Stack backtrace:
   0: std::backtrace::Backtrace::create
   1: std::backtrace::Backtrace::capture
   2: rust_lib_nomikai::api::simple::push_audio_frame
   3: flutter_rust_bridge::misc::panic_backtrace::PanicBacktrace::catch_unwind
   4: <F as threadpool::FnBox>::call_box
   5: std::sys::backtrace::__rust_begin_short_backtrace
   6: core::ops::function::FnOnce::call_once{{vtable.shim}}
   7: std::sys::thread::unix::Thread::new::thread_start
   8: <unknown>)
default	16:19:45.123605-0800	Runner	flutter: DEBUG: Dart received VIDEO chunk: 9364 bytes (Keyframe: false, pts_us=476413273627, codec=0x01)
default	16:19:45.123675-0800	Runner	flutter: [2026-02-28T16:19:45.123405] DEBUG: Dart received VIDEO chunk: 9364 bytes (Keyframe: false, pts_us=476413273627, codec=0x01)
default	16:19:45.125977-0800	Runner	flutter: pushVideoFrame failed: AnyhowException(sender is not active; call start_sankaku_sender first

Stack backtrace:
   0: std::backtrace::Backtrace::create
   1: std::backtrace::Backtrace::capture
   2: rust_lib_nomikai::api::simple::push_video_frame
   3: flutter_rust_bridge::misc::panic_backtrace::PanicBacktrace::catch_unwind
   4: <F as threadpool::FnBox>::call_box
   5: std::sys::backtrace::__rust_begin_short_backtrace
   6: core::ops::function::FnOnce::call_once{{vtable.shim}}
   7: std::sys::thread::unix::Thread::new::thread_start
   8: <unknown>)
default	16:19:45.126005-0800	Runner	flutter: [2026-02-28T16:19:45.125699] pushVideoFrame failed: AnyhowException(sender is not active; call start_sankaku_sender first

Stack backtrace:
   0: std::backtrace::Backtrace::create
   1: std::backtrace::Backtrace::capture
   2: rust_lib_nomikai::api::simple::push_video_frame
   3: flutter_rust_bridge::misc::panic_backtrace::PanicBacktrace::catch_unwind
   4: <F as threadpool::FnBox>::call_box
   5: std::sys::backtrace::__rust_begin_short_backtrace
   6: core::ops::function::FnOnce::call_once{{vtable.shim}}
   7: std::sys::thread::unix::Thread::new::thread_start
   8: <unknown>)
default	16:19:45.140153-0800	Runner	flutter: DEBUG: Dart received AUDIO chunk: 98 bytes (pts_us=476413301708, frames_per_packet=960, codec=0x03)
default	16:19:45.140166-0800	Runner	flutter: [2026-02-28T16:19:45.139527] DEBUG: Dart received AUDIO chunk: 98 bytes (pts_us=476413301708, frames_per_packet=960, codec=0x03)
default	16:19:45.141983-0800	Runner	flutter: pushAudioFrame failed: AnyhowException(sender is not active; call start_sankaku_sender first

Stack backtrace:
   0: std::backtrace::Backtrace::create
   1: std::backtrace::Backtrace::capture
   2: rust_lib_nomikai::api::simple::push_audio_frame
   3: flutter_rust_bridge::misc::panic_backtrace::PanicBacktrace::catch_unwind
   4: <F as threadpool::FnBox>::call_box
   5: std::sys::backtrace::__rust_begin_short_backtrace
   6: core::ops::function::FnOnce::call_once{{vtable.shim}}
   7: std::sys::thread::unix::Thread::new::thread_start
   8: <unknown>)
default	16:19:45.142026-0800	Runner	flutter: [2026-02-28T16:19:45.141848] pushAudioFrame failed: AnyhowException(sender is not active; call start_sankaku_sender first

Stack backtrace:
   0: std::backtrace::Backtrace::create
   1: std::backtrace::Backtrace::capture
   2: rust_lib_nomikai::api::simple::push_audio_frame
   3: flutter_rust_bridge::misc::panic_backtrace::PanicBacktrace::catch_unwind
   4: <F as threadpool::FnBox>::call_box
   5: std::sys::backtrace::__rust_begin_short_backtrace
   6: core::ops::function::FnOnce::call_once{{vtable.shim}}
   7: std::sys::thread::unix::Thread::new::thread_start
   8: <unknown>)
default	16:19:45.158279-0800	Runner	flutter: DEBUG: Dart received VIDEO chunk: 10094 bytes (Keyframe: false, pts_us=476413306960, codec=0x01)
default	16:19:45.158337-0800	Runner	flutter: [2026-02-28T16:19:45.158126] DEBUG: Dart received VIDEO chunk: 10094 bytes (Keyframe: false, pts_us=476413306960, codec=0x01)
default	16:19:45.158732-0800	Runner	flutter: DEBUG: Dart received AUDIO chunk: 97 bytes (pts_us=476413324708, frames_per_packet=960, codec=0x03)
default	16:19:45.158761-0800	Runner	flutter: [2026-02-28T16:19:45.158628] DEBUG: Dart received AUDIO chunk: 97 bytes (pts_us=476413324708, frames_per_packet=960, codec=0x03)
default	16:19:45.159321-0800	Runner	flutter: pushVideoFrame failed: AnyhowException(sender is not active; call start_sankaku_sender first

Stack backtrace:
   0: std::backtrace::Backtrace::create
   1: std::backtrace::Backtrace::capture
   2: rust_lib_nomikai::api::simple::push_video_frame
   3: flutter_rust_bridge::misc::panic_backtrace::PanicBacktrace::catch_unwind
   4: <F as threadpool::FnBox>::call_box
   5: std::sys::backtrace::__rust_begin_short_backtrace
   6: core::ops::function::FnOnce::call_once{{vtable.shim}}
   7: std::sys::thread::unix::Thread::new::thread_start
   8: <unknown>)
default	16:19:45.159373-0800	Runner	flutter: [2026-02-28T16:19:45.159208] pushVideoFrame failed: AnyhowException(sender is not active; call start_sankaku_sender first

Stack backtrace:
   0: std::backtrace::Backtrace::create
   1: std::backtrace::Backtrace::capture
   2: rust_lib_nomikai::api::simple::push_video_frame
   3: flutter_rust_bridge::misc::panic_backtrace::PanicBacktrace::catch_unwind
   4: <F as threadpool::FnBox>::call_box
   5: std::sys::backtrace::__rust_begin_short_backtrace
   6: core::ops::function::FnOnce::call_once{{vtable.shim}}
   7: std::sys::thread::unix::Thread::new::thread_start
   8: <unknown>)
default	16:19:45.159454-0800	Runner	flutter: pushAudioFrame failed: AnyhowException(sender is not active; call start_sankaku_sender first

Stack backtrace:
   0: std::backtrace::Backtrace::create
   1: std::backtrace::Backtrace::capture
   2: rust_lib_nomikai::api::simple::push_audio_frame
   3: flutter_rust_bridge::misc::panic_backtrace::PanicBacktrace::catch_unwind
   4: <F as threadpool::FnBox>::call_box
   5: std::sys::backtrace::__rust_begin_short_backtrace
   6: core::ops::function::FnOnce::call_once{{vtable.shim}}
   7: std::sys::thread::unix::Thread::new::thread_start
   8: <unknown>)
default	16:19:45.159471-0800	Runner	flutter: [2026-02-28T16:19:45.159380] pushAudioFrame failed: AnyhowException(sender is not active; call start_sankaku_sender first

Stack backtrace:
   0: std::backtrace::Backtrace::create
   1: std::backtrace::Backtrace::capture
   2: rust_lib_nomikai::api::simple::push_audio_frame
   3: flutter_rust_bridge::misc::panic_backtrace::PanicBacktrace::catch_unwind
   4: <F as threadpool::FnBox>::call_box
   5: std::sys::backtrace::__rust_begin_short_backtrace
   6: core::ops::function::FnOnce::call_once{{vtable.shim}}
   7: std::sys::thread::unix::Thread::new::thread_start
   8: <unknown>)
default	16:19:45.181926-0800	Runner	<private>
default	16:19:45.182560-0800	Runner	flutter: DEBUG: Dart received AUDIO chunk: 98 bytes (pts_us=476413347708, frames_per_packet=960, codec=0x03)
default	16:19:45.182576-0800	Runner	flutter: [2026-02-28T16:19:45.182386] DEBUG: Dart received AUDIO chunk: 98 bytes (pts_us=476413347708, frames_per_packet=960, codec=0x03)
default	16:19:45.183444-0800	Runner	flutter: DEBUG: Dart received AUDIO chunk: 96 bytes (pts_us=476413367708, frames_per_packet=960, codec=0x03)
default	16:19:45.183489-0800	Runner	flutter: [2026-02-28T16:19:45.182638] DEBUG: Dart received AUDIO chunk: 96 bytes (pts_us=476413367708, frames_per_packet=960, codec=0x03)
default	16:19:45.184254-0800	Runner	flutter: pushAudioFrame failed: AnyhowException(sender is not active; call start_sankaku_sender first

Stack backtrace:
   0: std::backtrace::Backtrace::create
   1: std::backtrace::Backtrace::capture
   2: rust_lib_nomikai::api::simple::push_audio_frame
   3: flutter_rust_bridge::misc::panic_backtrace::PanicBacktrace::catch_unwind
   4: <F as threadpool::FnBox>::call_box
   5: std::sys::backtrace::__rust_begin_short_backtrace
   6: core::ops::function::FnOnce::call_once{{vtable.shim}}
   7: std::sys::thread::unix::Thread::new::thread_start
   8: <unknown>)
default	16:19:45.184312-0800	Runner	flutter: [2026-02-28T16:19:45.184134] pushAudioFrame failed: AnyhowException(sender is not active; call start_sankaku_sender first

Stack backtrace:
   0: std::backtrace::Backtrace::create
   1: std::backtrace::Backtrace::capture
   2: rust_lib_nomikai::api::simple::push_audio_frame
   3: flutter_rust_bridge::misc::panic_backtrace::PanicBacktrace::catch_unwind
   4: <F as threadpool::FnBox>::call_box
   5: std::sys::backtrace::__rust_begin_short_backtrace
   6: core::ops::function::FnOnce::call_once{{vtable.shim}}
   7: std::sys::thread::unix::Thread::new::thread_start
   8: <unknown>)
default	16:19:45.184515-0800	Runner	flutter: pushAudioFrame failed: AnyhowException(sender is not active; call start_sankaku_sender first

Stack backtrace:
   0: std::backtrace::Backtrace::create
   1: std::backtrace::Backtrace::capture
   2: rust_lib_nomikai::api::simple::push_audio_frame
   3: flutter_rust_bridge::misc::panic_backtrace::PanicBacktrace::catch_unwind
   4: <F as threadpool::FnBox>::call_box
   5: std::sys::backtrace::__rust_begin_short_backtrace
   6: core::ops::function::FnOnce::call_once{{vtable.shim}}
   7: std::sys::thread::unix::Thread::new::thread_start
   8: <unknown>)
default	16:19:45.184540-0800	Runner	flutter: [2026-02-28T16:19:45.184393] pushAudioFrame failed: AnyhowException(sender is not active; call start_sankaku_sender first

Stack backtrace:
   0: std::backtrace::Backtrace::create
   1: std::backtrace::Backtrace::capture
   2: rust_lib_nomikai::api::simple::push_audio_frame
   3: flutter_rust_bridge::misc::panic_backtrace::PanicBacktrace::catch_unwind
   4: <F as threadpool::FnBox>::call_box
   5: std::sys::backtrace::__rust_begin_short_backtrace
   6: core::ops::function::FnOnce::call_once{{vtable.shim}}
   7: std::sys::thread::unix::Thread::new::thread_start
   8: <unknown>)
default	16:19:45.192636-0800	Runner	flutter: DEBUG: Dart received VIDEO chunk: 11776 bytes (Keyframe: false, pts_us=476413340287, codec=0x01)
default	16:19:45.192728-0800	Runner	flutter: [2026-02-28T16:19:45.192457] DEBUG: Dart received VIDEO chunk: 11776 bytes (Keyframe: false, pts_us=476413340287, codec=0x01)
default	16:19:45.194230-0800	Runner	flutter: pushVideoFrame failed: AnyhowException(sender is not active; call start_sankaku_sender first

Stack backtrace:
   0: std::backtrace::Backtrace::create
   1: std::backtrace::Backtrace::capture
   2: rust_lib_nomikai::api::simple::push_video_frame
   3: flutter_rust_bridge::misc::panic_backtrace::PanicBacktrace::catch_unwind
   4: <F as threadpool::FnBox>::call_box
   5: std::sys::backtrace::__rust_begin_short_backtrace
   6: core::ops::function::FnOnce::call_once{{vtable.shim}}
   7: std::sys::thread::unix::Thread::new::thread_start
   8: <unknown>)
default	16:19:45.194359-0800	Runner	flutter: [2026-02-28T16:19:45.194116] pushVideoFrame failed: AnyhowException(sender is not active; call start_sankaku_sender first

Stack backtrace:
   0: std::backtrace::Backtrace::create
   1: std::backtrace::Backtrace::capture
   2: rust_lib_nomikai::api::simple::push_video_frame
   3: flutter_rust_bridge::misc::panic_backtrace::PanicBacktrace::catch_unwind
   4: <F as threadpool::FnBox>::call_box
   5: std::sys::backtrace::__rust_begin_short_backtrace
   6: core::ops::function::FnOnce::call_once{{vtable.shim}}
   7: std::sys::thread::unix::Thread::new::thread_start
   8: <unknown>)
default	16:19:45.205136-0800	Runner	flutter: DEBUG: Dart received AUDIO chunk: 96 bytes (pts_us=476413370708, frames_per_packet=960, codec=0x03)
default	16:19:45.205442-0800	Runner	flutter: [2026-02-28T16:19:45.204868] DEBUG: Dart received AUDIO chunk: 96 bytes (pts_us=476413370708, frames_per_packet=960, codec=0x03)
default	16:19:45.206567-0800	Runner	flutter: pushAudioFrame failed: AnyhowException(sender is not active; call start_sankaku_sender first

Stack backtrace:
   0: std::backtrace::Backtrace::create
   1: std::backtrace::Backtrace::capture
   2: rust_lib_nomikai::api::simple::push_audio_frame
   3: flutter_rust_bridge::misc::panic_backtrace::PanicBacktrace::catch_unwind
   4: <F as threadpool::FnBox>::call_box
   5: std::sys::backtrace::__rust_begin_short_backtrace
   6: core::ops::function::FnOnce::call_once{{vtable.shim}}
   7: std::sys::thread::unix::Thread::new::thread_start
   8: <unknown>)
default	16:19:45.206630-0800	Runner	flutter: [2026-02-28T16:19:45.206125] pushAudioFrame failed: AnyhowException(sender is not active; call start_sankaku_sender first

Stack backtrace:
   0: std::backtrace::Backtrace::create
   1: std::backtrace::Backtrace::capture
   2: rust_lib_nomikai::api::simple::push_audio_frame
   3: flutter_rust_bridge::misc::panic_backtrace::PanicBacktrace::catch_unwind
   4: <F as threadpool::FnBox>::call_box
   5: std::sys::backtrace::__rust_begin_short_backtrace
   6: core::ops::function::FnOnce::call_once{{vtable.shim}}
   7: std::sys::thread::unix::Thread::new::thread_start
   8: <unknown>)
default	16:19:45.222753-0800	Runner	flutter: DEBUG: Dart received VIDEO chunk: 12105 bytes (Keyframe: false, pts_us=476413373624, codec=0x01)
default	16:19:45.222799-0800	Runner	flutter: [2026-02-28T16:19:45.222556] DEBUG: Dart received VIDEO chunk: 12105 bytes (Keyframe: false, pts_us=476413373624, codec=0x01)
default	16:19:45.225739-0800	Runner	flutter: pushVideoFrame failed: AnyhowException(sender is not active; call start_sankaku_sender first

Stack backtrace:
   0: std::backtrace::Backtrace::create
   1: std::backtrace::Backtrace::capture
   2: rust_lib_nomikai::api::simple::push_video_frame
   3: flutter_rust_bridge::misc::panic_backtrace::PanicBacktrace::catch_unwind
   4: <F as threadpool::FnBox>::call_box
   5: std::sys::backtrace::__rust_begin_short_backtrace
   6: core::ops::function::FnOnce::call_once{{vtable.shim}}
   7: std::sys::thread::unix::Thread::new::thread_start
   8: <unknown>)
default	16:19:45.225780-0800	Runner	flutter: [2026-02-28T16:19:45.225505] pushVideoFrame failed: AnyhowException(sender is not active; call start_sankaku_sender first

Stack backtrace:
   0: std::backtrace::Backtrace::create
   1: std::backtrace::Backtrace::capture
   2: rust_lib_nomikai::api::simple::push_video_frame
   3: flutter_rust_bridge::misc::panic_backtrace::PanicBacktrace::catch_unwind
   4: <F as threadpool::FnBox>::call_box
   5: std::sys::backtrace::__rust_begin_short_backtrace
   6: core::ops::function::FnOnce::call_once{{vtable.shim}}
   7: std::sys::thread::unix::Thread::new::thread_start
   8: <unknown>)
default	16:19:45.228018-0800	Runner	flutter: DEBUG: Dart received AUDIO chunk: 98 bytes (pts_us=476413393708, frames_per_packet=960, codec=0x03)
default	16:19:45.228048-0800	Runner	flutter: [2026-02-28T16:19:45.227907] DEBUG: Dart received AUDIO chunk: 98 bytes (pts_us=476413393708, frames_per_packet=960, codec=0x03)
default	16:19:45.228815-0800	Runner	flutter: pushAudioFrame failed: AnyhowException(sender is not active; call start_sankaku_sender first

Stack backtrace:
   0: std::backtrace::Backtrace::create
   1: std::backtrace::Backtrace::capture
   2: rust_lib_nomikai::api::simple::push_audio_frame
   3: flutter_rust_bridge::misc::panic_backtrace::PanicBacktrace::catch_unwind
   4: <F as threadpool::FnBox>::call_box
   5: std::sys::backtrace::__rust_begin_short_backtrace
   6: core::ops::function::FnOnce::call_once{{vtable.shim}}
   7: std::sys::thread::unix::Thread::new::thread_start
   8: <unknown>)
default	16:19:45.228853-0800	Runner	flutter: [2026-02-28T16:19:45.228684] pushAudioFrame failed: AnyhowException(sender is not active; call start_sankaku_sender first

Stack backtrace:
   0: std::backtrace::Backtrace::create
   1: std::backtrace::Backtrace::capture
   2: rust_lib_nomikai::api::simple::push_audio_frame
   3: flutter_rust_bridge::misc::panic_backtrace::PanicBacktrace::catch_unwind
   4: <F as threadpool::FnBox>::call_box
   5: std::sys::backtrace::__rust_begin_short_backtrace
   6: core::ops::function::FnOnce::call_once{{vtable.shim}}
   7: std::sys::thread::unix::Thread::new::thread_start
   8: <unknown>)
default	16:19:45.250870-0800	Runner	flutter: DEBUG: Dart received AUDIO chunk: 98 bytes (pts_us=476413416708, frames_per_packet=960, codec=0x03)
default	16:19:45.250924-0800	Runner	flutter: [2026-02-28T16:19:45.250721] DEBUG: Dart received AUDIO chunk: 98 bytes (pts_us=476413416708, frames_per_packet=960, codec=0x03)
default	16:19:45.251782-0800	Runner	flutter: pushAudioFrame failed: AnyhowException(sender is not active; call start_sankaku_sender first

Stack backtrace:
   0: std::backtrace::Backtrace::create
   1: std::backtrace::Backtrace::capture
   2: rust_lib_nomikai::api::simple::push_audio_frame
   3: flutter_rust_bridge::misc::panic_backtrace::PanicBacktrace::catch_unwind
   4: <F as threadpool::FnBox>::call_box
   5: std::sys::backtrace::__rust_begin_short_backtrace
   6: core::ops::function::FnOnce::call_once{{vtable.shim}}
   7: std::sys::thread::unix::Thread::new::thread_start
   8: <unknown>)
default	16:19:45.251876-0800	Runner	flutter: [2026-02-28T16:19:45.251698] pushAudioFrame failed: AnyhowException(sender is not active; call start_sankaku_sender first

Stack backtrace:
   0: std::backtrace::Backtrace::create
   1: std::backtrace::Backtrace::capture
   2: rust_lib_nomikai::api::simple::push_audio_frame
   3: flutter_rust_bridge::misc::panic_backtrace::PanicBacktrace::catch_unwind
   4: <F as threadpool::FnBox>::call_box
   5: std::sys::backtrace::__rust_begin_short_backtrace
   6: core::ops::function::FnOnce::call_once{{vtable.shim}}
   7: std::sys::thread::unix::Thread::new::thread_start
   8: <unknown>)
default	16:19:45.255522-0800	Runner	flutter: DEBUG: Dart received VIDEO chunk: 11115 bytes (Keyframe: false, pts_us=476413406947, codec=0x01)
default	16:19:45.255618-0800	Runner	flutter: [2026-02-28T16:19:45.255407] DEBUG: Dart received VIDEO chunk: 11115 bytes (Keyframe: false, pts_us=476413406947, codec=0x01)
default	16:19:45.256371-0800	Runner	flutter: pushVideoFrame failed: AnyhowException(sender is not active; call start_sankaku_sender first

Stack backtrace:
   0: std::backtrace::Backtrace::create
   1: std::backtrace::Backtrace::capture
   2: rust_lib_nomikai::api::simple::push_video_frame
   3: flutter_rust_bridge::misc::panic_backtrace::PanicBacktrace::catch_unwind
   4: <F as threadpool::FnBox>::call_box
   5: std::sys::backtrace::__rust_begin_short_backtrace
   6: core::ops::function::FnOnce::call_once{{vtable.shim}}
   7: std::sys::thread::unix::Thread::new::thread_start
   8: <unknown>)
default	16:19:45.256407-0800	Runner	flutter: [2026-02-28T16:19:45.256253] pushVideoFrame failed: AnyhowException(sender is not active; call start_sankaku_sender first

Stack backtrace:
   0: std::backtrace::Backtrace::create
   1: std::backtrace::Backtrace::capture
   2: rust_lib_nomikai::api::simple::push_video_frame
   3: flutter_rust_bridge::misc::panic_backtrace::PanicBacktrace::catch_unwind
   4: <F as threadpool::FnBox>::call_box
   5: std::sys::backtrace::__rust_begin_short_backtrace
   6: core::ops::function::FnOnce::call_once{{vtable.shim}}
   7: std::sys::thread::unix::Thread::new::thread_start
   8: <unknown>)
default	16:19:45.274132-0800	Runner	flutter: DEBUG: Dart received AUDIO chunk: 97 bytes (pts_us=476413439708, frames_per_packet=960, codec=0x03)
default	16:19:45.274346-0800	Runner	flutter: [2026-02-28T16:19:45.274080] DEBUG: Dart received AUDIO chunk: 97 bytes (pts_us=476413439708, frames_per_packet=960, codec=0x03)
default	16:19:45.275496-0800	Runner	flutter: pushAudioFrame failed: AnyhowException(sender is not active; call start_sankaku_sender first

Stack backtrace:
   0: std::backtrace::Backtrace::create
   1: std::backtrace::Backtrace::capture
   2: rust_lib_nomikai::api::simple::push_audio_frame
   3: flutter_rust_bridge::misc::panic_backtrace::PanicBacktrace::catch_unwind
   4: <F as threadpool::FnBox>::call_box
   5: std::sys::backtrace::__rust_begin_short_backtrace
   6: core::ops::function::FnOnce::call_once{{vtable.shim}}
   7: std::sys::thread::unix::Thread::new::thread_start
   8: <unknown>)
default	16:19:45.275541-0800	Runner	flutter: [2026-02-28T16:19:45.275283] pushAudioFrame failed: AnyhowException(sender is not active; call start_sankaku_sender first

Stack backtrace:
   0: std::backtrace::Backtrace::create
   1: std::backtrace::Backtrace::capture
   2: rust_lib_nomikai::api::simple::push_audio_frame
   3: flutter_rust_bridge::misc::panic_backtrace::PanicBacktrace::catch_unwind
   4: <F as threadpool::FnBox>::call_box
   5: std::sys::backtrace::__rust_begin_short_backtrace
   6: core::ops::function::FnOnce::call_once{{vtable.shim}}
   7: std::sys::thread::unix::Thread::new::thread_start
   8: <unknown>)
default	16:19:45.289056-0800	Runner	flutter: DEBUG: Dart received VIDEO chunk: 11830 bytes (Keyframe: false, pts_us=476413440275, codec=0x01)
default	16:19:45.289096-0800	Runner	flutter: [2026-02-28T16:19:45.288924] DEBUG: Dart received VIDEO chunk: 11830 bytes (Keyframe: false, pts_us=476413440275, codec=0x01)
default	16:19:45.290119-0800	Runner	flutter: pushVideoFrame failed: AnyhowException(sender is not active; call start_sankaku_sender first

Stack backtrace:
   0: std::backtrace::Backtrace::create
   1: std::backtrace::Backtrace::capture
   2: rust_lib_nomikai::api::simple::push_video_frame
   3: flutter_rust_bridge::misc::panic_backtrace::PanicBacktrace::catch_unwind
   4: <F as threadpool::FnBox>::call_box
   5: std::sys::backtrace::__rust_begin_short_backtrace
   6: core::ops::function::FnOnce::call_once{{vtable.shim}}
   7: std::sys::thread::unix::Thread::new::thread_start
   8: <unknown>)
default	16:19:45.290198-0800	Runner	flutter: [2026-02-28T16:19:45.290047] pushVideoFrame failed: AnyhowException(sender is not active; call start_sankaku_sender first

Stack backtrace:
   0: std::backtrace::Backtrace::create
   1: std::backtrace::Backtrace::capture
   2: rust_lib_nomikai::api::simple::push_video_frame
   3: flutter_rust_bridge::misc::panic_backtrace::PanicBacktrace::catch_unwind
   4: <F as threadpool::FnBox>::call_box
   5: std::sys::backtrace::__rust_begin_short_backtrace
   6: core::ops::function::FnOnce::call_once{{vtable.shim}}
   7: std::sys::thread::unix::Thread::new::thread_start
   8: <unknown>)
default	16:19:45.297476-0800	Runner	flutter: DEBUG: Dart received AUDIO chunk: 98 bytes (pts_us=476413462708, frames_per_packet=960, codec=0x03)
default	16:19:45.297543-0800	Runner	flutter: [2026-02-28T16:19:45.297322] DEBUG: Dart received AUDIO chunk: 98 bytes (pts_us=476413462708, frames_per_packet=960, codec=0x03)
default	16:19:45.298693-0800	Runner	flutter: pushAudioFrame failed: AnyhowException(sender is not active; call start_sankaku_sender first

Stack backtrace:
   0: std::backtrace::Backtrace::create
   1: std::backtrace::Backtrace::capture
   2: rust_lib_nomikai::api::simple::push_audio_frame
   3: flutter_rust_bridge::misc::panic_backtrace::PanicBacktrace::catch_unwind
   4: <F as threadpool::FnBox>::call_box
   5: std::sys::backtrace::__rust_begin_short_backtrace
   6: core::ops::function::FnOnce::call_once{{vtable.shim}}
   7: std::sys::thread::unix::Thread::new::thread_start
   8: <unknown>)
default	16:19:45.298770-0800	Runner	flutter: [2026-02-28T16:19:45.298558] pushAudioFrame failed: AnyhowException(sender is not active; call start_sankaku_sender first

Stack backtrace:
   0: std::backtrace::Backtrace::create
   1: std::backtrace::Backtrace::capture
   2: rust_lib_nomikai::api::simple::push_audio_frame
   3: flutter_rust_bridge::misc::panic_backtrace::PanicBacktrace::catch_unwind
   4: <F as threadpool::FnBox>::call_box
   5: std::sys::backtrace::__rust_begin_short_backtrace
   6: core::ops::function::FnOnce::call_once{{vtable.shim}}
   7: std::sys::thread::unix::Thread::new::thread_start
   8: <unknown>)
default	16:19:45.319905-0800	Runner	flutter: DEBUG: Dart received AUDIO chunk: 97 bytes (pts_us=476413485708, frames_per_packet=960, codec=0x03)
default	16:19:45.319974-0800	Runner	flutter: [2026-02-28T16:19:45.319699] DEBUG: Dart received AUDIO chunk: 97 bytes (pts_us=476413485708, frames_per_packet=960, codec=0x03)
default	16:19:45.321099-0800	Runner	flutter: pushAudioFrame failed: AnyhowException(sender is not active; call start_sankaku_sender first

Stack backtrace:
   0: std::backtrace::Backtrace::create
   1: std::backtrace::Backtrace::capture
   2: rust_lib_nomikai::api::simple::push_audio_frame
   3: flutter_rust_bridge::misc::panic_backtrace::PanicBacktrace::catch_unwind
   4: <F as threadpool::FnBox>::call_box
   5: std::sys::backtrace::__rust_begin_short_backtrace
   6: core::ops::function::FnOnce::call_once{{vtable.shim}}
   7: std::sys::thread::unix::Thread::new::thread_start
   8: <unknown>)
default	16:19:45.321136-0800	Runner	flutter: [2026-02-28T16:19:45.320949] pushAudioFrame failed: AnyhowException(sender is not active; call start_sankaku_sender first

Stack backtrace:
   0: std::backtrace::Backtrace::create
   1: std::backtrace::Backtrace::capture
   2: rust_lib_nomikai::api::simple::push_audio_frame
   3: flutter_rust_bridge::misc::panic_backtrace::PanicBacktrace::catch_unwind
   4: <F as threadpool::FnBox>::call_box
   5: std::sys::backtrace::__rust_begin_short_backtrace
   6: core::ops::function::FnOnce::call_once{{vtable.shim}}
   7: std::sys::thread::unix::Thread::new::thread_start
   8: <unknown>)
default	16:19:45.325541-0800	Runner	flutter: DEBUG: Dart received VIDEO chunk: 12866 bytes (Keyframe: false, pts_us=476413473604, codec=0x01)
default	16:19:45.325622-0800	Runner	flutter: [2026-02-28T16:19:45.325441] DEBUG: Dart received VIDEO chunk: 12866 bytes (Keyframe: false, pts_us=476413473604, codec=0x01)
default	16:19:45.326808-0800	Runner	flutter: pushVideoFrame failed: AnyhowException(sender is not active; call start_sankaku_sender first

Stack backtrace:
   0: std::backtrace::Backtrace::create
   1: std::backtrace::Backtrace::capture
   2: rust_lib_nomikai::api::simple::push_video_frame
   3: flutter_rust_bridge::misc::panic_backtrace::PanicBacktrace::catch_unwind
   4: <F as threadpool::FnBox>::call_box
   5: std::sys::backtrace::__rust_begin_short_backtrace
   6: core::ops::function::FnOnce::call_once{{vtable.shim}}
   7: std::sys::thread::unix::Thread::new::thread_start
   8: <unknown>)
default	16:19:45.326855-0800	Runner	flutter: [2026-02-28T16:19:45.326669] pushVideoFrame failed: AnyhowException(sender is not active; call start_sankaku_sender first

Stack backtrace:
   0: std::backtrace::Backtrace::create
   1: std::backtrace::Backtrace::capture
   2: rust_lib_nomikai::api::simple::push_video_frame
   3: flutter_rust_bridge::misc::panic_backtrace::PanicBacktrace::catch_unwind
   4: <F as threadpool::FnBox>::call_box
   5: std::sys::backtrace::__rust_begin_short_backtrace
   6: core::ops::function::FnOnce::call_once{{vtable.shim}}
   7: std::sys::thread::unix::Thread::new::thread_start
   8: <unknown>)
default	16:19:45.343430-0800	Runner	<private>
default	16:19:45.343885-0800	Runner	flutter: DEBUG: Dart received AUDIO chunk: 97 bytes (pts_us=476413508708, frames_per_packet=960, codec=0x03)
default	16:19:45.343921-0800	Runner	flutter: [2026-02-28T16:19:45.343768] DEBUG: Dart received AUDIO chunk: 97 bytes (pts_us=476413508708, frames_per_packet=960, codec=0x03)
default	16:19:45.344026-0800	Runner	flutter: DEBUG: Dart received AUDIO chunk: 98 bytes (pts_us=476413528708, frames_per_packet=960, codec=0x03)
default	16:19:45.344100-0800	Runner	flutter: [2026-02-28T16:19:45.343981] DEBUG: Dart received AUDIO chunk: 98 bytes (pts_us=476413528708, frames_per_packet=960, codec=0x03)
default	16:19:45.346470-0800	Runner	flutter: pushAudioFrame failed: AnyhowException(sender is not active; call start_sankaku_sender first

Stack backtrace:
   0: std::backtrace::Backtrace::create
   1: std::backtrace::Backtrace::capture
   2: rust_lib_nomikai::api::simple::push_audio_frame
   3: flutter_rust_bridge::misc::panic_backtrace::PanicBacktrace::catch_unwind
   4: <F as threadpool::FnBox>::call_box
   5: std::sys::backtrace::__rust_begin_short_backtrace
   6: core::ops::function::FnOnce::call_once{{vtable.shim}}
   7: std::sys::thread::unix::Thread::new::thread_start
   8: <unknown>)
default	16:19:45.346868-0800	Runner	flutter: [2026-02-28T16:19:45.345238] pushAudioFrame failed: AnyhowException(sender is not active; call start_sankaku_sender first

Stack backtrace:
   0: std::backtrace::Backtrace::create
   1: std::backtrace::Backtrace::capture
   2: rust_lib_nomikai::api::simple::push_audio_frame
   3: flutter_rust_bridge::misc::panic_backtrace::PanicBacktrace::catch_unwind
   4: <F as threadpool::FnBox>::call_box
   5: std::sys::backtrace::__rust_begin_short_backtrace
   6: core::ops::function::FnOnce::call_once{{vtable.shim}}
   7: std::sys::thread::unix::Thread::new::thread_start
   8: <unknown>)
default	16:19:45.346884-0800	Runner	flutter: pushAudioFrame failed: AnyhowException(sender is not active; call start_sankaku_sender first

Stack backtrace:
   0: std::backtrace::Backtrace::create
   1: std::backtrace::Backtrace::capture
   2: rust_lib_nomikai::api::simple::push_audio_frame
   3: flutter_rust_bridge::misc::panic_backtrace::PanicBacktrace::catch_unwind
   4: <F as threadpool::FnBox>::call_box
   5: std::sys::backtrace::__rust_begin_short_backtrace
   6: core::ops::function::FnOnce::call_once{{vtable.shim}}
   7: std::sys::thread::unix::Thread::new::thread_start
   8: <unknown>)
default	16:19:45.346894-0800	Runner	flutter: [2026-02-28T16:19:45.345724] pushAudioFrame failed: AnyhowException(sender is not active; call start_sankaku_sender first

Stack backtrace:
   0: std::backtrace::Backtrace::create
   1: std::backtrace::Backtrace::capture
   2: rust_lib_nomikai::api::simple::push_audio_frame
   3: flutter_rust_bridge::misc::panic_backtrace::PanicBacktrace::catch_unwind
   4: <F as threadpool::FnBox>::call_box
   5: std::sys::backtrace::__rust_begin_short_backtrace
   6: core::ops::function::FnOnce::call_once{{vtable.shim}}
   7: std::sys::thread::unix::Thread::new::thread_start
   8: <unknown>)
default	16:19:45.355185-0800	Runner	flutter: DEBUG: Dart received VIDEO chunk: 12725 bytes (Keyframe: false, pts_us=476413506946, codec=0x01)
default	16:19:45.355350-0800	Runner	flutter: [2026-02-28T16:19:45.355153] DEBUG: Dart received VIDEO chunk: 12725 bytes (Keyframe: false, pts_us=476413506946, codec=0x01)
default	16:19:45.356717-0800	Runner	flutter: pushVideoFrame failed: AnyhowException(sender is not active; call start_sankaku_sender first

Stack backtrace:
   0: std::backtrace::Backtrace::create
   1: std::backtrace::Backtrace::capture
   2: rust_lib_nomikai::api::simple::push_video_frame
   3: flutter_rust_bridge::misc::panic_backtrace::PanicBacktrace::catch_unwind
   4: <F as threadpool::FnBox>::call_box
   5: std::sys::backtrace::__rust_begin_short_backtrace
   6: core::ops::function::FnOnce::call_once{{vtable.shim}}
   7: std::sys::thread::unix::Thread::new::thread_start
   8: <unknown>)
default	16:19:45.356812-0800	Runner	flutter: [2026-02-28T16:19:45.356242] pushVideoFrame failed: AnyhowException(sender is not active; call start_sankaku_sender first

Stack backtrace:
   0: std::backtrace::Backtrace::create
   1: std::backtrace::Backtrace::capture
   2: rust_lib_nomikai::api::simple::push_video_frame
   3: flutter_rust_bridge::misc::panic_backtrace::PanicBacktrace::catch_unwind
   4: <F as threadpool::FnBox>::call_box
   5: std::sys::backtrace::__rust_begin_short_backtrace
   6: core::ops::function::FnOnce::call_once{{vtable.shim}}
   7: std::sys::thread::unix::Thread::new::thread_start
   8: <unknown>)
default	16:19:45.365736-0800	Runner	flutter: DEBUG: Dart received AUDIO chunk: 98 bytes (pts_us=476413531708, frames_per_packet=960, codec=0x03)
default	16:19:45.365750-0800	Runner	flutter: [2026-02-28T16:19:45.365584] DEBUG: Dart received AUDIO chunk: 98 bytes (pts_us=476413531708, frames_per_packet=960, codec=0x03)
default	16:19:45.366669-0800	Runner	flutter: pushAudioFrame failed: AnyhowException(sender is not active; call start_sankaku_sender first

Stack backtrace:
   0: std::backtrace::Backtrace::create
   1: std::backtrace::Backtrace::capture
   2: rust_lib_nomikai::api::simple::push_audio_frame
   3: flutter_rust_bridge::misc::panic_backtrace::PanicBacktrace::catch_unwind
   4: <F as threadpool::FnBox>::call_box
   5: std::sys::backtrace::__rust_begin_short_backtrace
   6: core::ops::function::FnOnce::call_once{{vtable.shim}}
   7: std::sys::thread::unix::Thread::new::thread_start
   8: <unknown>)
default	16:19:45.366691-0800	Runner	flutter: [2026-02-28T16:19:45.366548] pushAudioFrame failed: AnyhowException(sender is not active; call start_sankaku_sender first

Stack backtrace:
   0: std::backtrace::Backtrace::create
   1: std::backtrace::Backtrace::capture
   2: rust_lib_nomikai::api::simple::push_audio_frame
   3: flutter_rust_bridge::misc::panic_backtrace::PanicBacktrace::catch_unwind
   4: <F as threadpool::FnBox>::call_box
   5: std::sys::backtrace::__rust_begin_short_backtrace
   6: core::ops::function::FnOnce::call_once{{vtable.shim}}
   7: std::sys::thread::unix::Thread::new::thread_start
   8: <unknown>)
default	16:19:45.388250-0800	Runner	flutter: DEBUG: Dart received VIDEO chunk: 11789 bytes (Keyframe: false, pts_us=476413540271, codec=0x01)
default	16:19:45.388318-0800	Runner	flutter: [2026-02-28T16:19:45.387681] DEBUG: Dart received VIDEO chunk: 11789 bytes (Keyframe: false, pts_us=476413540271, codec=0x01)
default	16:19:45.388902-0800	Runner	flutter: DEBUG: Dart received AUDIO chunk: 96 bytes (pts_us=476413554708, frames_per_packet=960, codec=0x03)
default	16:19:45.388922-0800	Runner	flutter: [2026-02-28T16:19:45.388825] DEBUG: Dart received AUDIO chunk: 96 bytes (pts_us=476413554708, frames_per_packet=960, codec=0x03)
default	16:19:45.389126-0800	Runner	flutter: pushVideoFrame failed: AnyhowException(sender is not active; call start_sankaku_sender first

Stack backtrace:
   0: std::backtrace::Backtrace::create
   1: std::backtrace::Backtrace::capture
   2: rust_lib_nomikai::api::simple::push_video_frame
   3: flutter_rust_bridge::misc::panic_backtrace::PanicBacktrace::catch_unwind
   4: <F as threadpool::FnBox>::call_box
   5: std::sys::backtrace::__rust_begin_short_backtrace
   6: core::ops::function::FnOnce::call_once{{vtable.shim}}
   7: std::sys::thread::unix::Thread::new::thread_start
   8: <unknown>)
default	16:19:45.389152-0800	Runner	flutter: [2026-02-28T16:19:45.389021] pushVideoFrame failed: AnyhowException(sender is not active; call start_sankaku_sender first

Stack backtrace:
   0: std::backtrace::Backtrace::create
   1: std::backtrace::Backtrace::capture
   2: rust_lib_nomikai::api::simple::push_video_frame
   3: flutter_rust_bridge::misc::panic_backtrace::PanicBacktrace::catch_unwind
   4: <F as threadpool::FnBox>::call_box
   5: std::sys::backtrace::__rust_begin_short_backtrace
   6: core::ops::function::FnOnce::call_once{{vtable.shim}}
   7: std::sys::thread::unix::Thread::new::thread_start
   8: <unknown>)
default	16:19:45.389601-0800	Runner	flutter: pushAudioFrame failed: AnyhowException(sender is not active; call start_sankaku_sender first

Stack backtrace:
   0: std::backtrace::Backtrace::create
   1: std::backtrace::Backtrace::capture
   2: rust_lib_nomikai::api::simple::push_audio_frame
   3: flutter_rust_bridge::misc::panic_backtrace::PanicBacktrace::catch_unwind
   4: <F as threadpool::FnBox>::call_box
   5: std::sys::backtrace::__rust_begin_short_backtrace
   6: core::ops::function::FnOnce::call_once{{vtable.shim}}
   7: std::sys::thread::unix::Thread::new::thread_start
   8: <unknown>)
default	16:19:45.389620-0800	Runner	flutter: [2026-02-28T16:19:45.389457] pushAudioFrame failed: AnyhowException(sender is not active; call start_sankaku_sender first

Stack backtrace:
   0: std::backtrace::Backtrace::create
   1: std::backtrace::Backtrace::capture
   2: rust_lib_nomikai::api::simple::push_audio_frame
   3: flutter_rust_bridge::misc::panic_backtrace::PanicBacktrace::catch_unwind
   4: <F as threadpool::FnBox>::call_box
   5: std::sys::backtrace::__rust_begin_short_backtrace
   6: core::ops::function::FnOnce::call_once{{vtable.shim}}
   7: std::sys::thread::unix::Thread::new::thread_start
   8: <unknown>)
default	16:19:45.411726-0800	Runner	flutter: DEBUG: Dart received AUDIO chunk: 96 bytes (pts_us=476413577708, frames_per_packet=960, codec=0x03)
default	16:19:45.411761-0800	Runner	flutter: [2026-02-28T16:19:45.411569] DEBUG: Dart received AUDIO chunk: 96 bytes (pts_us=476413577708, frames_per_packet=960, codec=0x03)
default	16:19:45.412830-0800	Runner	flutter: pushAudioFrame failed: AnyhowException(sender is not active; call start_sankaku_sender first

Stack backtrace:
   0: std::backtrace::Backtrace::create
   1: std::backtrace::Backtrace::capture
   2: rust_lib_nomikai::api::simple::push_audio_frame
   3: flutter_rust_bridge::misc::panic_backtrace::PanicBacktrace::catch_unwind
   4: <F as threadpool::FnBox>::call_box
   5: std::sys::backtrace::__rust_begin_short_backtrace
   6: core::ops::function::FnOnce::call_once{{vtable.shim}}
   7: std::sys::thread::unix::Thread::new::thread_start
   8: <unknown>)
default	16:19:45.412890-0800	Runner	flutter: [2026-02-28T16:19:45.412653] pushAudioFrame failed: AnyhowException(sender is not active; call start_sankaku_sender first

Stack backtrace:
   0: std::backtrace::Backtrace::create
   1: std::backtrace::Backtrace::capture
   2: rust_lib_nomikai::api::simple::push_audio_frame
   3: flutter_rust_bridge::misc::panic_backtrace::PanicBacktrace::catch_unwind
   4: <F as threadpool::FnBox>::call_box
   5: std::sys::backtrace::__rust_begin_short_backtrace
   6: core::ops::function::FnOnce::call_once{{vtable.shim}}
   7: std::sys::thread::unix::Thread::new::thread_start
   8: <unknown>)
default	16:19:45.421252-0800	Runner	flutter: DEBUG: Dart received VIDEO chunk: 11029 bytes (Keyframe: false, pts_us=476413573600, codec=0x01)
default	16:19:45.421272-0800	Runner	flutter: [2026-02-28T16:19:45.421096] DEBUG: Dart received VIDEO chunk: 11029 bytes (Keyframe: false, pts_us=476413573600, codec=0x01)
default	16:19:45.422199-0800	Runner	flutter: pushVideoFrame failed: AnyhowException(sender is not active; call start_sankaku_sender first

Stack backtrace:
   0: std::backtrace::Backtrace::create
   1: std::backtrace::Backtrace::capture
   2: rust_lib_nomikai::api::simple::push_video_frame
   3: flutter_rust_bridge::misc::panic_backtrace::PanicBacktrace::catch_unwind
   4: <F as threadpool::FnBox>::call_box
   5: std::sys::backtrace::__rust_begin_short_backtrace
   6: core::ops::function::FnOnce::call_once{{vtable.shim}}
   7: std::sys::thread::unix::Thread::new::thread_start
   8: <unknown>)
default	16:19:45.422230-0800	Runner	flutter: [2026-02-28T16:19:45.422118] pushVideoFrame failed: AnyhowException(sender is not active; call start_sankaku_sender first

Stack backtrace:
   0: std::backtrace::Backtrace::create
   1: std::backtrace::Backtrace::capture
   2: rust_lib_nomikai::api::simple::push_video_frame
   3: flutter_rust_bridge::misc::panic_backtrace::PanicBacktrace::catch_unwind
   4: <F as threadpool::FnBox>::call_box
   5: std::sys::backtrace::__rust_begin_short_backtrace
   6: core::ops::function::FnOnce::call_once{{vtable.shim}}
   7: std::sys::thread::unix::Thread::new::thread_start
   8: <unknown>)
default	16:19:45.434865-0800	Runner	flutter: DEBUG: Dart received AUDIO chunk: 96 bytes (pts_us=476413600708, frames_per_packet=960, codec=0x03)
default	16:19:45.434927-0800	Runner	flutter: [2026-02-28T16:19:45.434714] DEBUG: Dart received AUDIO chunk: 96 bytes (pts_us=476413600708, frames_per_packet=960, codec=0x03)
default	16:19:45.435873-0800	Runner	flutter: pushAudioFrame failed: AnyhowException(sender is not active; call start_sankaku_sender first

Stack backtrace:
   0: std::backtrace::Backtrace::create
   1: std::backtrace::Backtrace::capture
   2: rust_lib_nomikai::api::simple::push_audio_frame
   3: flutter_rust_bridge::misc::panic_backtrace::PanicBacktrace::catch_unwind
   4: <F as threadpool::FnBox>::call_box
   5: std::sys::backtrace::__rust_begin_short_backtrace
   6: core::ops::function::FnOnce::call_once{{vtable.shim}}
   7: std::sys::thread::unix::Thread::new::thread_start
   8: <unknown>)
default	16:19:45.435924-0800	Runner	flutter: [2026-02-28T16:19:45.435722] pushAudioFrame failed: AnyhowException(sender is not active; call start_sankaku_sender first

Stack backtrace:
   0: std::backtrace::Backtrace::create
   1: std::backtrace::Backtrace::capture
   2: rust_lib_nomikai::api::simple::push_audio_frame
   3: flutter_rust_bridge::misc::panic_backtrace::PanicBacktrace::catch_unwind
   4: <F as threadpool::FnBox>::call_box
   5: std::sys::backtrace::__rust_begin_short_backtrace
   6: core::ops::function::FnOnce::call_once{{vtable.shim}}
   7: std::sys::thread::unix::Thread::new::thread_start
   8: <unknown>)
default	16:19:45.455687-0800	Runner	flutter: DEBUG: Dart received VIDEO chunk: 11701 bytes (Keyframe: false, pts_us=476413606916, codec=0x01)
default	16:19:45.455743-0800	Runner	flutter: [2026-02-28T16:19:45.455530] DEBUG: Dart received VIDEO chunk: 11701 bytes (Keyframe: false, pts_us=476413606916, codec=0x01)
default	16:19:45.459863-0800	Runner	flutter: DEBUG: Dart received AUDIO chunk: 97 bytes (pts_us=476413623708, frames_per_packet=960, codec=0x03)
default	16:19:45.459954-0800	Runner	flutter: [2026-02-28T16:19:45.459031] DEBUG: Dart received AUDIO chunk: 97 bytes (pts_us=476413623708, frames_per_packet=960, codec=0x03)
default	16:19:45.460001-0800	Runner	flutter: pushVideoFrame failed: AnyhowException(sender is not active; call start_sankaku_sender first

Stack backtrace:
   0: std::backtrace::Backtrace::create
   1: std::backtrace::Backtrace::capture
   2: rust_lib_nomikai::api::simple::push_video_frame
   3: flutter_rust_bridge::misc::panic_backtrace::PanicBacktrace::catch_unwind
   4: <F as threadpool::FnBox>::call_box
   5: std::sys::backtrace::__rust_begin_short_backtrace
   6: core::ops::function::FnOnce::call_once{{vtable.shim}}
   7: std::sys::thread::unix::Thread::new::thread_start
   8: <unknown>)
default	16:19:45.460905-0800	Runner	flutter: [2026-02-28T16:19:45.459527] pushVideoFrame failed: AnyhowException(sender is not active; call start_sankaku_sender first

Stack backtrace:
   0: std::backtrace::Backtrace::create
   1: std::backtrace::Backtrace::capture
   2: rust_lib_nomikai::api::simple::push_video_frame
   3: flutter_rust_bridge::misc::panic_backtrace::PanicBacktrace::catch_unwind
   4: <F as threadpool::FnBox>::call_box
   5: std::sys::backtrace::__rust_begin_short_backtrace
   6: core::ops::function::FnOnce::call_once{{vtable.shim}}
   7: std::sys::thread::unix::Thread::new::thread_start
   8: <unknown>)
default	16:19:45.460937-0800	Runner	flutter: pushAudioFrame failed: AnyhowException(sender is not active; call start_sankaku_sender first

Stack backtrace:
   0: std::backtrace::Backtrace::create
   1: std::backtrace::Backtrace::capture
   2: rust_lib_nomikai::api::simple::push_audio_frame
   3: flutter_rust_bridge::misc::panic_backtrace::PanicBacktrace::catch_unwind
   4: <F as threadpool::FnBox>::call_box
   5: std::sys::backtrace::__rust_begin_short_backtrace
   6: core::ops::function::FnOnce::call_once{{vtable.shim}}
   7: std::sys::thread::unix::Thread::new::thread_start
   8: <unknown>)
default	16:19:45.461009-0800	Runner	flutter: [2026-02-28T16:19:45.460844] pushAudioFrame failed: AnyhowException(sender is not active; call start_sankaku_sender first

Stack backtrace:
   0: std::backtrace::Backtrace::create
   1: std::backtrace::Backtrace::capture
   2: rust_lib_nomikai::api::simple::push_audio_frame
   3: flutter_rust_bridge::misc::panic_backtrace::PanicBacktrace::catch_unwind
   4: <F as threadpool::FnBox>::call_box
   5: std::sys::backtrace::__rust_begin_short_backtrace
   6: core::ops::function::FnOnce::call_once{{vtable.shim}}
   7: std::sys::thread::unix::Thread::new::thread_start
   8: <unknown>)
default	16:19:45.482852-0800	Runner	<private>
default	16:19:45.483433-0800	Runner	flutter: DEBUG: Dart received AUDIO chunk: 97 bytes (pts_us=476413646708, frames_per_packet=960, codec=0x03)
default	16:19:45.483525-0800	Runner	flutter: [2026-02-28T16:19:45.483286] DEBUG: Dart received AUDIO chunk: 97 bytes (pts_us=476413646708, frames_per_packet=960, codec=0x03)
default	16:19:45.483635-0800	Runner	flutter: DEBUG: Dart received AUDIO chunk: 99 bytes (pts_us=476413666708, frames_per_packet=960, codec=0x03)
default	16:19:45.483649-0800	Runner	flutter: [2026-02-28T16:19:45.483501] DEBUG: Dart received AUDIO chunk: 99 bytes (pts_us=476413666708, frames_per_packet=960, codec=0x03)
default	16:19:45.484478-0800	Runner	flutter: pushAudioFrame failed: AnyhowException(sender is not active; call start_sankaku_sender first

Stack backtrace:
   0: std::backtrace::Backtrace::create
   1: std::backtrace::Backtrace::capture
   2: rust_lib_nomikai::api::simple::push_audio_frame
   3: flutter_rust_bridge::misc::panic_backtrace::PanicBacktrace::catch_unwind
   4: <F as threadpool::FnBox>::call_box
   5: std::sys::backtrace::__rust_begin_short_backtrace
   6: core::ops::function::FnOnce::call_once{{vtable.shim}}
   7: std::sys::thread::unix::Thread::new::thread_start
   8: <unknown>)
default	16:19:45.484523-0800	Runner	flutter: [2026-02-28T16:19:45.484368] pushAudioFrame failed: AnyhowException(sender is not active; call start_sankaku_sender first

Stack backtrace:
   0: std::backtrace::Backtrace::create
   1: std::backtrace::Backtrace::capture
   2: rust_lib_nomikai::api::simple::push_audio_frame
   3: flutter_rust_bridge::misc::panic_backtrace::PanicBacktrace::catch_unwind
   4: <F as threadpool::FnBox>::call_box
   5: std::sys::backtrace::__rust_begin_short_backtrace
   6: core::ops::function::FnOnce::call_once{{vtable.shim}}
   7: std::sys::thread::unix::Thread::new::thread_start
   8: <unknown>)
default	16:19:45.484631-0800	Runner	flutter: pushAudioFrame failed: AnyhowException(sender is not active; call start_sankaku_sender first

Stack backtrace:
   0: std::backtrace::Backtrace::create
   1: std::backtrace::Backtrace::capture
   2: rust_lib_nomikai::api::simple::push_audio_frame
   3: flutter_rust_bridge::misc::panic_backtrace::PanicBacktrace::catch_unwind
   4: <F as threadpool::FnBox>::call_box
   5: std::sys::backtrace::__rust_begin_short_backtrace
   6: core::ops::function::FnOnce::call_once{{vtable.shim}}
   7: std::sys::thread::unix::Thread::new::thread_start
   8: <unknown>)
default	16:19:45.484708-0800	Runner	flutter: [2026-02-28T16:19:45.484581] pushAudioFrame failed: AnyhowException(sender is not active; call start_sankaku_sender first

Stack backtrace:
   0: std::backtrace::Backtrace::create
   1: std::backtrace::Backtrace::capture
   2: rust_lib_nomikai::api::simple::push_audio_frame
   3: flutter_rust_bridge::misc::panic_backtrace::PanicBacktrace::catch_unwind
   4: <F as threadpool::FnBox>::call_box
   5: std::sys::backtrace::__rust_begin_short_backtrace
   6: core::ops::function::FnOnce::call_once{{vtable.shim}}
   7: std::sys::thread::unix::Thread::new::thread_start
   8: <unknown>)
default	16:19:45.488348-0800	Runner	flutter: DEBUG: Dart received VIDEO chunk: 11599 bytes (Keyframe: false, pts_us=476413640244, codec=0x01)
default	16:19:45.488385-0800	Runner	flutter: [2026-02-28T16:19:45.488211] DEBUG: Dart received VIDEO chunk: 11599 bytes (Keyframe: false, pts_us=476413640244, codec=0x01)
default	16:19:45.489249-0800	Runner	flutter: pushVideoFrame failed: AnyhowException(sender is not active; call start_sankaku_sender first

Stack backtrace:
   0: std::backtrace::Backtrace::create
   1: std::backtrace::Backtrace::capture
   2: rust_lib_nomikai::api::simple::push_video_frame
   3: flutter_rust_bridge::misc::panic_backtrace::PanicBacktrace::catch_unwind
   4: <F as threadpool::FnBox>::call_box
   5: std::sys::backtrace::__rust_begin_short_backtrace
   6: core::ops::function::FnOnce::call_once{{vtable.shim}}
   7: std::sys::thread::unix::Thread::new::thread_start
   8: <unknown>)
default	16:19:45.489384-0800	Runner	flutter: [2026-02-28T16:19:45.489143] pushVideoFrame failed: AnyhowException(sender is not active; call start_sankaku_sender first

Stack backtrace:
   0: std::backtrace::Backtrace::create
   1: std::backtrace::Backtrace::capture
   2: rust_lib_nomikai::api::simple::push_video_frame
   3: flutter_rust_bridge::misc::panic_backtrace::PanicBacktrace::catch_unwind
   4: <F as threadpool::FnBox>::call_box
   5: std::sys::backtrace::__rust_begin_short_backtrace
   6: core::ops::function::FnOnce::call_once{{vtable.shim}}
   7: std::sys::thread::unix::Thread::new::thread_start
   8: <unknown>)
default	16:19:45.504471-0800	Runner	flutter: DEBUG: Dart received AUDIO chunk: 100 bytes (pts_us=476413669708, frames_per_packet=960, codec=0x03)
default	16:19:45.504523-0800	Runner	flutter: [2026-02-28T16:19:45.504301] DEBUG: Dart received AUDIO chunk: 100 bytes (pts_us=476413669708, frames_per_packet=960, codec=0x03)
default	16:19:45.505759-0800	Runner	flutter: pushAudioFrame failed: AnyhowException(sender is not active; call start_sankaku_sender first

Stack backtrace:
   0: std::backtrace::Backtrace::create
   1: std::backtrace::Backtrace::capture
   2: rust_lib_nomikai::api::simple::push_audio_frame
   3: flutter_rust_bridge::misc::panic_backtrace::PanicBacktrace::catch_unwind
   4: <F as threadpool::FnBox>::call_box
   5: std::sys::backtrace::__rust_begin_short_backtrace
   6: core::ops::function::FnOnce::call_once{{vtable.shim}}
   7: std::sys::thread::unix::Thread::new::thread_start
   8: <unknown>)
default	16:19:45.505836-0800	Runner	flutter: [2026-02-28T16:19:45.505620] pushAudioFrame failed: AnyhowException(sender is not active; call start_sankaku_sender first

Stack backtrace:
   0: std::backtrace::Backtrace::create
   1: std::backtrace::Backtrace::capture
   2: rust_lib_nomikai::api::simple::push_audio_frame
   3: flutter_rust_bridge::misc::panic_backtrace::PanicBacktrace::catch_unwind
   4: <F as threadpool::FnBox>::call_box
   5: std::sys::backtrace::__rust_begin_short_backtrace
   6: core::ops::function::FnOnce::call_once{{vtable.shim}}
   7: std::sys::thread::unix::Thread::new::thread_start
   8: <unknown>)
default	16:19:45.522547-0800	Runner	flutter: DEBUG: Dart received VIDEO chunk: 10988 bytes (Keyframe: false, pts_us=476413673575, codec=0x01)
default	16:19:45.522711-0800	Runner	flutter: [2026-02-28T16:19:45.522466] DEBUG: Dart received VIDEO chunk: 10988 bytes (Keyframe: false, pts_us=476413673575, codec=0x01)
default	16:19:45.530430-0800	Runner	flutter: pushVideoFrame failed: AnyhowException(sender is not active; call start_sankaku_sender first

Stack backtrace:
   0: std::backtrace::Backtrace::create
   1: std::backtrace::Backtrace::capture
   2: rust_lib_nomikai::api::simple::push_video_frame
   3: flutter_rust_bridge::misc::panic_backtrace::PanicBacktrace::catch_unwind
   4: <F as threadpool::FnBox>::call_box
   5: std::sys::backtrace::__rust_begin_short_backtrace
   6: core::ops::function::FnOnce::call_once{{vtable.shim}}
   7: std::sys::thread::unix::Thread::new::thread_start
   8: <unknown>)
default	16:19:45.530453-0800	Runner	flutter: [2026-02-28T16:19:45.527973] pushVideoFrame failed: AnyhowException(sender is not active; call start_sankaku_sender first

Stack backtrace:
   0: std::backtrace::Backtrace::create
   1: std::backtrace::Backtrace::capture
   2: rust_lib_nomikai::api::simple::push_video_frame
   3: flutter_rust_bridge::misc::panic_backtrace::PanicBacktrace::catch_unwind
   4: <F as threadpool::FnBox>::call_box
   5: std::sys::backtrace::__rust_begin_short_backtrace
   6: core::ops::function::FnOnce::call_once{{vtable.shim}}
   7: std::sys::thread::unix::Thread::new::thread_start
   8: <unknown>)
default	16:19:45.530729-0800	Runner	flutter: DEBUG: Dart received AUDIO chunk: 98 bytes (pts_us=476413692708, frames_per_packet=960, codec=0x03)
default	16:19:45.530747-0800	Runner	flutter: [2026-02-28T16:19:45.529531] DEBUG: Dart received AUDIO chunk: 98 bytes (pts_us=476413692708, frames_per_packet=960, codec=0x03)
default	16:19:45.530865-0800	Runner	flutter: pushAudioFrame failed: AnyhowException(sender is not active; call start_sankaku_sender first

Stack backtrace:
   0: std::backtrace::Backtrace::create
   1: std::backtrace::Backtrace::capture
   2: rust_lib_nomikai::api::simple::push_audio_frame
   3: flutter_rust_bridge::misc::panic_backtrace::PanicBacktrace::catch_unwind
   4: <F as threadpool::FnBox>::call_box
   5: std::sys::backtrace::__rust_begin_short_backtrace
   6: core::ops::function::FnOnce::call_once{{vtable.shim}}
   7: std::sys::thread::unix::Thread::new::thread_start
   8: <unknown>)
default	16:19:45.530997-0800	Runner	flutter: [2026-02-28T16:19:45.530789] pushAudioFrame failed: AnyhowException(sender is not active; call start_sankaku_sender first

Stack backtrace:
   0: std::backtrace::Backtrace::create
   1: std::backtrace::Backtrace::capture
   2: rust_lib_nomikai::api::simple::push_audio_frame
   3: flutter_rust_bridge::misc::panic_backtrace::PanicBacktrace::catch_unwind
   4: <F as threadpool::FnBox>::call_box
   5: std::sys::backtrace::__rust_begin_short_backtrace
   6: core::ops::function::FnOnce::call_once{{vtable.shim}}
   7: std::sys::thread::unix::Thread::new::thread_start
   8: <unknown>)
default	16:19:45.549993-0800	Runner	flutter: DEBUG: Dart received AUDIO chunk: 98 bytes (pts_us=476413715708, frames_per_packet=960, codec=0x03)
default	16:19:45.550038-0800	Runner	flutter: [2026-02-28T16:19:45.549858] DEBUG: Dart received AUDIO chunk: 98 bytes (pts_us=476413715708, frames_per_packet=960, codec=0x03)
default	16:19:45.551079-0800	Runner	flutter: pushAudioFrame failed: AnyhowException(sender is not active; call start_sankaku_sender first

Stack backtrace:
   0: std::backtrace::Backtrace::create
   1: std::backtrace::Backtrace::capture
   2: rust_lib_nomikai::api::simple::push_audio_frame
   3: flutter_rust_bridge::misc::panic_backtrace::PanicBacktrace::catch_unwind
   4: <F as threadpool::FnBox>::call_box
   5: std::sys::backtrace::__rust_begin_short_backtrace
   6: core::ops::function::FnOnce::call_once{{vtable.shim}}
   7: std::sys::thread::unix::Thread::new::thread_start
   8: <unknown>)
default	16:19:45.551117-0800	Runner	flutter: [2026-02-28T16:19:45.550927] pushAudioFrame failed: AnyhowException(sender is not active; call start_sankaku_sender first

Stack backtrace:
   0: std::backtrace::Backtrace::create
   1: std::backtrace::Backtrace::capture
   2: rust_lib_nomikai::api::simple::push_audio_frame
   3: flutter_rust_bridge::misc::panic_backtrace::PanicBacktrace::catch_unwind
   4: <F as threadpool::FnBox>::call_box
   5: std::sys::backtrace::__rust_begin_short_backtrace
   6: core::ops::function::FnOnce::call_once{{vtable.shim}}
   7: std::sys::thread::unix::Thread::new::thread_start
   8: <unknown>)
default	16:19:45.555509-0800	Runner	flutter: DEBUG: Dart received VIDEO chunk: 11118 bytes (Keyframe: false, pts_us=476413706907, codec=0x01)
default	16:19:45.555547-0800	Runner	flutter: [2026-02-28T16:19:45.555392] DEBUG: Dart received VIDEO chunk: 11118 bytes (Keyframe: false, pts_us=476413706907, codec=0x01)
default	16:19:45.556519-0800	Runner	flutter: pushVideoFrame failed: AnyhowException(sender is not active; call start_sankaku_sender first

Stack backtrace:
   0: std::backtrace::Backtrace::create
   1: std::backtrace::Backtrace::capture
   2: rust_lib_nomikai::api::simple::push_video_frame
   3: flutter_rust_bridge::misc::panic_backtrace::PanicBacktrace::catch_unwind
   4: <F as threadpool::FnBox>::call_box
   5: std::sys::backtrace::__rust_begin_short_backtrace
   6: core::ops::function::FnOnce::call_once{{vtable.shim}}
   7: std::sys::thread::unix::Thread::new::thread_start
   8: <unknown>)
default	16:19:45.556562-0800	Runner	flutter: [2026-02-28T16:19:45.556390] pushVideoFrame failed: AnyhowException(sender is not active; call start_sankaku_sender first

Stack backtrace:
   0: std::backtrace::Backtrace::create
   1: std::backtrace::Backtrace::capture
   2: rust_lib_nomikai::api::simple::push_video_frame
   3: flutter_rust_bridge::misc::panic_backtrace::PanicBacktrace::catch_unwind
   4: <F as threadpool::FnBox>::call_box
   5: std::sys::backtrace::__rust_begin_short_backtrace
   6: core::ops::function::FnOnce::call_once{{vtable.shim}}
   7: std::sys::thread::unix::Thread::new::thread_start
   8: <unknown>)
default	16:19:45.573879-0800	Runner	flutter: DEBUG: Dart received AUDIO chunk: 100 bytes (pts_us=476413738708, frames_per_packet=960, codec=0x03)
default	16:19:45.573966-0800	Runner	flutter: [2026-02-28T16:19:45.573681] DEBUG: Dart received AUDIO chunk: 100 bytes (pts_us=476413738708, frames_per_packet=960, codec=0x03)
default	16:19:45.575119-0800	Runner	flutter: pushAudioFrame failed: AnyhowException(sender is not active; call start_sankaku_sender first

Stack backtrace:
   0: std::backtrace::Backtrace::create
   1: std::backtrace::Backtrace::capture
   2: rust_lib_nomikai::api::simple::push_audio_frame
   3: flutter_rust_bridge::misc::panic_backtrace::PanicBacktrace::catch_unwind
   4: <F as threadpool::FnBox>::call_box
   5: std::sys::backtrace::__rust_begin_short_backtrace
   6: core::ops::function::FnOnce::call_once{{vtable.shim}}
   7: std::sys::thread::unix::Thread::new::thread_start
   8: <unknown>)
default	16:19:45.575222-0800	Runner	flutter: [2026-02-28T16:19:45.574997] pushAudioFrame failed: AnyhowException(sender is not active; call start_sankaku_sender first

Stack backtrace:
   0: std::backtrace::Backtrace::create
   1: std::backtrace::Backtrace::capture
   2: rust_lib_nomikai::api::simple::push_audio_frame
   3: flutter_rust_bridge::misc::panic_backtrace::PanicBacktrace::catch_unwind
   4: <F as threadpool::FnBox>::call_box
   5: std::sys::backtrace::__rust_begin_short_backtrace
   6: core::ops::function::FnOnce::call_once{{vtable.shim}}
   7: std::sys::thread::unix::Thread::new::thread_start
   8: <unknown>)
default	16:19:45.589807-0800	Runner	flutter: DEBUG: Dart received VIDEO chunk: 12177 bytes (Keyframe: false, pts_us=476413740229, codec=0x01)
default	16:19:45.590156-0800	Runner	flutter: [2026-02-28T16:19:45.589610] DEBUG: Dart received VIDEO chunk: 12177 bytes (Keyframe: false, pts_us=476413740229, codec=0x01)
default	16:19:45.593451-0800	Runner	flutter: pushVideoFrame failed: AnyhowException(sender is not active; call start_sankaku_sender first

Stack backtrace:
   0: std::backtrace::Backtrace::create
   1: std::backtrace::Backtrace::capture
   2: rust_lib_nomikai::api::simple::push_video_frame
   3: flutter_rust_bridge::misc::panic_backtrace::PanicBacktrace::catch_unwind
   4: <F as threadpool::FnBox>::call_box
   5: std::sys::backtrace::__rust_begin_short_backtrace
   6: core::ops::function::FnOnce::call_once{{vtable.shim}}
   7: std::sys::thread::unix::Thread::new::thread_start
   8: <unknown>)
default	16:19:45.593475-0800	Runner	flutter: [2026-02-28T16:19:45.591803] pushVideoFrame failed: AnyhowException(sender is not active; call start_sankaku_sender first

Stack backtrace:
   0: std::backtrace::Backtrace::create
   1: std::backtrace::Backtrace::capture
   2: rust_lib_nomikai::api::simple::push_video_frame
   3: flutter_rust_bridge::misc::panic_backtrace::PanicBacktrace::catch_unwind
   4: <F as threadpool::FnBox>::call_box
   5: std::sys::backtrace::__rust_begin_short_backtrace
   6: core::ops::function::FnOnce::call_once{{vtable.shim}}
   7: std::sys::thread::unix::Thread::new::thread_start
   8: <unknown>)
default	16:19:45.596611-0800	Runner	flutter: DEBUG: Dart received AUDIO chunk: 98 bytes (pts_us=476413761708, frames_per_packet=960, codec=0x03)
default	16:19:45.596657-0800	Runner	flutter: [2026-02-28T16:19:45.596454] DEBUG: Dart received AUDIO chunk: 98 bytes (pts_us=476413761708, frames_per_packet=960, codec=0x03)
default	16:19:45.597752-0800	Runner	flutter: pushAudioFrame failed: AnyhowException(sender is not active; call start_sankaku_sender first

Stack backtrace:
   0: std::backtrace::Backtrace::create
   1: std::backtrace::Backtrace::capture
   2: rust_lib_nomikai::api::simple::push_audio_frame
   3: flutter_rust_bridge::misc::panic_backtrace::PanicBacktrace::catch_unwind
   4: <F as threadpool::FnBox>::call_box
   5: std::sys::backtrace::__rust_begin_short_backtrace
   6: core::ops::function::FnOnce::call_once{{vtable.shim}}
   7: std::sys::thread::unix::Thread::new::thread_start
   8: <unknown>)
default	16:19:45.597785-0800	Runner	flutter: [2026-02-28T16:19:45.597608] pushAudioFrame failed: AnyhowException(sender is not active; call start_sankaku_sender first

Stack backtrace:
   0: std::backtrace::Backtrace::create
   1: std::backtrace::Backtrace::capture
   2: rust_lib_nomikai::api::simple::push_audio_frame
   3: flutter_rust_bridge::misc::panic_backtrace::PanicBacktrace::catch_unwind
   4: <F as threadpool::FnBox>::call_box
   5: std::sys::backtrace::__rust_begin_short_backtrace
   6: core::ops::function::FnOnce::call_once{{vtable.shim}}
   7: std::sys::thread::unix::Thread::new::thread_start
   8: <unknown>)
default	16:19:45.619461-0800	Runner	flutter: DEBUG: Dart received AUDIO chunk: 98 bytes (pts_us=476413784708, frames_per_packet=960, codec=0x03)
default	16:19:45.619505-0800	Runner	flutter: [2026-02-28T16:19:45.619283] DEBUG: Dart received AUDIO chunk: 98 bytes (pts_us=476413784708, frames_per_packet=960, codec=0x03)
default	16:19:45.620783-0800	Runner	flutter: pushAudioFrame failed: AnyhowException(sender is not active; call start_sankaku_sender first

Stack backtrace:
   0: std::backtrace::Backtrace::create
   1: std::backtrace::Backtrace::capture
   2: rust_lib_nomikai::api::simple::push_audio_frame
   3: flutter_rust_bridge::misc::panic_backtrace::PanicBacktrace::catch_unwind
   4: <F as threadpool::FnBox>::call_box
   5: std::sys::backtrace::__rust_begin_short_backtrace
   6: core::ops::function::FnOnce::call_once{{vtable.shim}}
   7: std::sys::thread::unix::Thread::new::thread_start
   8: <unknown>)
default	16:19:45.620856-0800	Runner	flutter: [2026-02-28T16:19:45.620642] pushAudioFrame failed: AnyhowException(sender is not active; call start_sankaku_sender first

Stack backtrace:
   0: std::backtrace::Backtrace::create
   1: std::backtrace::Backtrace::capture
   2: rust_lib_nomikai::api::simple::push_audio_frame
   3: flutter_rust_bridge::misc::panic_backtrace::PanicBacktrace::catch_unwind
   4: <F as threadpool::FnBox>::call_box
   5: std::sys::backtrace::__rust_begin_short_backtrace
   6: core::ops::function::FnOnce::call_once{{vtable.shim}}
   7: std::sys::thread::unix::Thread::new::thread_start
   8: <unknown>)
default	16:19:45.626110-0800	Runner	flutter: DEBUG: Dart received VIDEO chunk: 13054 bytes (Keyframe: false, pts_us=476413773570, codec=0x01)
default	16:19:45.626178-0800	Runner	flutter: [2026-02-28T16:19:45.625968] DEBUG: Dart received VIDEO chunk: 13054 bytes (Keyframe: false, pts_us=476413773570, codec=0x01)
default	16:19:45.628150-0800	Runner	flutter: pushVideoFrame failed: AnyhowException(sender is not active; call start_sankaku_sender first

Stack backtrace:
   0: std::backtrace::Backtrace::create
   1: std::backtrace::Backtrace::capture
   2: rust_lib_nomikai::api::simple::push_video_frame
   3: flutter_rust_bridge::misc::panic_backtrace::PanicBacktrace::catch_unwind
   4: <F as threadpool::FnBox>::call_box
   5: std::sys::backtrace::__rust_begin_short_backtrace
   6: core::ops::function::FnOnce::call_once{{vtable.shim}}
   7: std::sys::thread::unix::Thread::new::thread_start
   8: <unknown>)
default	16:19:45.628170-0800	Runner	flutter: [2026-02-28T16:19:45.627716] pushVideoFrame failed: AnyhowException(sender is not active; call start_sankaku_sender first

Stack backtrace:
   0: std::backtrace::Backtrace::create
   1: std::backtrace::Backtrace::capture
   2: rust_lib_nomikai::api::simple::push_video_frame
   3: flutter_rust_bridge::misc::panic_backtrace::PanicBacktrace::catch_unwind
   4: <F as threadpool::FnBox>::call_box
   5: std::sys::backtrace::__rust_begin_short_backtrace
   6: core::ops::function::FnOnce::call_once{{vtable.shim}}
   7: std::sys::thread::unix::Thread::new::thread_start
   8: <unknown>)
default	16:19:45.644371-0800	Runner	<private>
default	16:19:45.645351-0800	Runner	flutter: DEBUG: Dart received AUDIO chunk: 98 bytes (pts_us=476413807708, frames_per_packet=960, codec=0x03)
default	16:19:45.645385-0800	Runner	flutter: [2026-02-28T16:19:45.644635] DEBUG: Dart received AUDIO chunk: 98 bytes (pts_us=476413807708, frames_per_packet=960, codec=0x03)
default	16:19:45.645406-0800	Runner	flutter: DEBUG: Dart received AUDIO chunk: 97 bytes (pts_us=476413827708, frames_per_packet=960, codec=0x03)
default	16:19:45.645612-0800	Runner	flutter: [2026-02-28T16:19:45.645292] DEBUG: Dart received AUDIO chunk: 97 bytes (pts_us=476413827708, frames_per_packet=960, codec=0x03)
default	16:19:45.646756-0800	Runner	flutter: pushAudioFrame failed: AnyhowException(sender is not active; call start_sankaku_sender first

Stack backtrace:
   0: std::backtrace::Backtrace::create
   1: std::backtrace::Backtrace::capture
   2: rust_lib_nomikai::api::simple::push_audio_frame
   3: flutter_rust_bridge::misc::panic_backtrace::PanicBacktrace::catch_unwind
   4: <F as threadpool::FnBox>::call_box
   5: std::sys::backtrace::__rust_begin_short_backtrace
   6: core::ops::function::FnOnce::call_once{{vtable.shim}}
   7: std::sys::thread::unix::Thread::new::thread_start
   8: <unknown>)
default	16:19:45.646800-0800	Runner	flutter: [2026-02-28T16:19:45.646509] pushAudioFrame failed: AnyhowException(sender is not active; call start_sankaku_sender first

Stack backtrace:
   0: std::backtrace::Backtrace::create
   1: std::backtrace::Backtrace::capture
   2: rust_lib_nomikai::api::simple::push_audio_frame
   3: flutter_rust_bridge::misc::panic_backtrace::PanicBacktrace::catch_unwind
   4: <F as threadpool::FnBox>::call_box
   5: std::sys::backtrace::__rust_begin_short_backtrace
   6: core::ops::function::FnOnce::call_once{{vtable.shim}}
   7: std::sys::thread::unix::Thread::new::thread_start
   8: <unknown>)
default	16:19:45.647027-0800	Runner	flutter: pushAudioFrame failed: AnyhowException(sender is not active; call start_sankaku_sender first

Stack backtrace:
   0: std::backtrace::Backtrace::create
   1: std::backtrace::Backtrace::capture
   2: rust_lib_nomikai::api::simple::push_audio_frame
   3: flutter_rust_bridge::misc::panic_backtrace::PanicBacktrace::catch_unwind
   4: <F as threadpool::FnBox>::call_box
   5: std::sys::backtrace::__rust_begin_short_backtrace
   6: core::ops::function::FnOnce::call_once{{vtable.shim}}
   7: std::sys::thread::unix::Thread::new::thread_start
   8: <unknown>)
default	16:19:45.647242-0800	Runner	flutter: [2026-02-28T16:19:45.646753] pushAudioFrame failed: AnyhowException(sender is not active; call start_sankaku_sender first

Stack backtrace:
   0: std::backtrace::Backtrace::create
   1: std::backtrace::Backtrace::capture
   2: rust_lib_nomikai::api::simple::push_audio_frame
   3: flutter_rust_bridge::misc::panic_backtrace::PanicBacktrace::catch_unwind
   4: <F as threadpool::FnBox>::call_box
   5: std::sys::backtrace::__rust_begin_short_backtrace
   6: core::ops::function::FnOnce::call_once{{vtable.shim}}
   7: std::sys::thread::unix::Thread::new::thread_start
   8: <unknown>)
default	16:19:45.655602-0800	Runner	flutter: DEBUG: Dart received VIDEO chunk: 13526 bytes (Keyframe: false, pts_us=476413806897, codec=0x01)
default	16:19:45.655633-0800	Runner	flutter: [2026-02-28T16:19:45.655462] DEBUG: Dart received VIDEO chunk: 13526 bytes (Keyframe: false, pts_us=476413806897, codec=0x01)
default	16:19:45.656682-0800	Runner	flutter: pushVideoFrame failed: AnyhowException(sender is not active; call start_sankaku_sender first

Stack backtrace:
   0: std::backtrace::Backtrace::create
   1: std::backtrace::Backtrace::capture
   2: rust_lib_nomikai::api::simple::push_video_frame
   3: flutter_rust_bridge::misc::panic_backtrace::PanicBacktrace::catch_unwind
   4: <F as threadpool::FnBox>::call_box
   5: std::sys::backtrace::__rust_begin_short_backtrace
   6: core::ops::function::FnOnce::call_once{{vtable.shim}}
   7: std::sys::thread::unix::Thread::new::thread_start
   8: <unknown>)
default	16:19:45.656716-0800	Runner	flutter: [2026-02-28T16:19:45.656578] pushVideoFrame failed: AnyhowException(sender is not active; call start_sankaku_sender first

Stack backtrace:
   0: std::backtrace::Backtrace::create
   1: std::backtrace::Backtrace::capture
   2: rust_lib_nomikai::api::simple::push_video_frame
   3: flutter_rust_bridge::misc::panic_backtrace::PanicBacktrace::catch_unwind
   4: <F as threadpool::FnBox>::call_box
   5: std::sys::backtrace::__rust_begin_short_backtrace
   6: core::ops::function::FnOnce::call_once{{vtable.shim}}
   7: std::sys::thread::unix::Thread::new::thread_start
   8: <unknown>)
default	16:19:45.666666-0800	Runner	flutter: DEBUG: Dart received AUDIO chunk: 101 bytes (pts_us=476413830708, frames_per_packet=960, codec=0x03)
default	16:19:45.666697-0800	Runner	flutter: [2026-02-28T16:19:45.666269] DEBUG: Dart received AUDIO chunk: 101 bytes (pts_us=476413830708, frames_per_packet=960, codec=0x03)
default	16:19:45.667813-0800	Runner	flutter: pushAudioFrame failed: AnyhowException(sender is not active; call start_sankaku_sender first

Stack backtrace:
   0: std::backtrace::Backtrace::create
   1: std::backtrace::Backtrace::capture
   2: rust_lib_nomikai::api::simple::push_audio_frame
   3: flutter_rust_bridge::misc::panic_backtrace::PanicBacktrace::catch_unwind
   4: <F as threadpool::FnBox>::call_box
   5: std::sys::backtrace::__rust_begin_short_backtrace
   6: core::ops::function::FnOnce::call_once{{vtable.shim}}
   7: std::sys::thread::unix::Thread::new::thread_start
   8: <unknown>)
default	16:19:45.667968-0800	Runner	flutter: [2026-02-28T16:19:45.667583] pushAudioFrame failed: AnyhowException(sender is not active; call start_sankaku_sender first

Stack backtrace:
   0: std::backtrace::Backtrace::create
   1: std::backtrace::Backtrace::capture
   2: rust_lib_nomikai::api::simple::push_audio_frame
   3: flutter_rust_bridge::misc::panic_backtrace::PanicBacktrace::catch_unwind
   4: <F as threadpool::FnBox>::call_box
   5: std::sys::backtrace::__rust_begin_short_backtrace
   6: core::ops::function::FnOnce::call_once{{vtable.shim}}
   7: std::sys::thread::unix::Thread::new::thread_start
   8: <unknown>)
default	16:19:45.687835-0800	Runner	flutter: DEBUG: Dart received VIDEO chunk: 22209 bytes (Keyframe: true, pts_us=476413840230, codec=0x01)
default	16:19:45.687853-0800	Runner	flutter: [2026-02-28T16:19:45.687610] DEBUG: Dart received VIDEO chunk: 22209 bytes (Keyframe: true, pts_us=476413840230, codec=0x01)
default	16:19:45.688317-0800	Runner	flutter: DEBUG: Dart received AUDIO chunk: 99 bytes (pts_us=476413853708, frames_per_packet=960, codec=0x03)
default	16:19:45.688350-0800	Runner	flutter: [2026-02-28T16:19:45.688102] DEBUG: Dart received AUDIO chunk: 99 bytes (pts_us=476413853708, frames_per_packet=960, codec=0x03)
default	16:19:45.688859-0800	Runner	flutter: pushVideoFrame failed: AnyhowException(sender is not active; call start_sankaku_sender first

Stack backtrace:
   0: std::backtrace::Backtrace::create
   1: std::backtrace::Backtrace::capture
   2: rust_lib_nomikai::api::simple::push_video_frame
   3: flutter_rust_bridge::misc::panic_backtrace::PanicBacktrace::catch_unwind
   4: <F as threadpool::FnBox>::call_box
   5: std::sys::backtrace::__rust_begin_short_backtrace
   6: core::ops::function::FnOnce::call_once{{vtable.shim}}
   7: std::sys::thread::unix::Thread::new::thread_start
   8: <unknown>)
default	16:19:45.688904-0800	Runner	flutter: [2026-02-28T16:19:45.688740] pushVideoFrame failed: AnyhowException(sender is not active; call start_sankaku_sender first

Stack backtrace:
   0: std::backtrace::Backtrace::create
   1: std::backtrace::Backtrace::capture
   2: rust_lib_nomikai::api::simple::push_video_frame
   3: flutter_rust_bridge::misc::panic_backtrace::PanicBacktrace::catch_unwind
   4: <F as threadpool::FnBox>::call_box
   5: std::sys::backtrace::__rust_begin_short_backtrace
   6: core::ops::function::FnOnce::call_once{{vtable.shim}}
   7: std::sys::thread::unix::Thread::new::thread_start
   8: <unknown>)
default	16:19:45.689150-0800	Runner	flutter: pushAudioFrame failed: AnyhowException(sender is not active; call start_sankaku_sender first

Stack backtrace:
   0: std::backtrace::Backtrace::create
   1: std::backtrace::Backtrace::capture
   2: rust_lib_nomikai::api::simple::push_audio_frame
   3: flutter_rust_bridge::misc::panic_backtrace::PanicBacktrace::catch_unwind
   4: <F as threadpool::FnBox>::call_box
   5: std::sys::backtrace::__rust_begin_short_backtrace
   6: core::ops::function::FnOnce::call_once{{vtable.shim}}
   7: std::sys::thread::unix::Thread::new::thread_start
   8: <unknown>)
default	16:19:45.689168-0800	Runner	flutter: [2026-02-28T16:19:45.689063] pushAudioFrame failed: AnyhowException(sender is not active; call start_sankaku_sender first

Stack backtrace:
   0: std::backtrace::Backtrace::create
   1: std::backtrace::Backtrace::capture
   2: rust_lib_nomikai::api::simple::push_audio_frame
   3: flutter_rust_bridge::misc::panic_backtrace::PanicBacktrace::catch_unwind
   4: <F as threadpool::FnBox>::call_box
   5: std::sys::backtrace::__rust_begin_short_backtrace
   6: core::ops::function::FnOnce::call_once{{vtable.shim}}
   7: std::sys::thread::unix::Thread::new::thread_start
   8: <unknown>)
default	16:19:45.711834-0800	Runner	flutter: DEBUG: Dart received AUDIO chunk: 100 bytes (pts_us=476413876708, frames_per_packet=960, codec=0x03)
default	16:19:45.711889-0800	Runner	flutter: [2026-02-28T16:19:45.711427] DEBUG: Dart received AUDIO chunk: 100 bytes (pts_us=476413876708, frames_per_packet=960, codec=0x03)
default	16:19:45.713614-0800	Runner	flutter: pushAudioFrame failed: AnyhowException(sender is not active; call start_sankaku_sender first

Stack backtrace:
   0: std::backtrace::Backtrace::create
   1: std::backtrace::Backtrace::capture
   2: rust_lib_nomikai::api::simple::push_audio_frame
   3: flutter_rust_bridge::misc::panic_backtrace::PanicBacktrace::catch_unwind
   4: <F as threadpool::FnBox>::call_box
   5: std::sys::backtrace::__rust_begin_short_backtrace
   6: core::ops::function::FnOnce::call_once{{vtable.shim}}
   7: std::sys::thread::unix::Thread::new::thread_start
   8: <unknown>)
default	16:19:45.713674-0800	Runner	flutter: [2026-02-28T16:19:45.713427] pushAudioFrame failed: AnyhowException(sender is not active; call start_sankaku_sender first

Stack backtrace:
   0: std::backtrace::Backtrace::create
   1: std::backtrace::Backtrace::capture
   2: rust_lib_nomikai::api::simple::push_audio_frame
   3: flutter_rust_bridge::misc::panic_backtrace::PanicBacktrace::catch_unwind
   4: <F as threadpool::FnBox>::call_box
   5: std::sys::backtrace::__rust_begin_short_backtrace
   6: core::ops::function::FnOnce::call_once{{vtable.shim}}
   7: std::sys::thread::unix::Thread::new::thread_start
   8: <unknown>)
default	16:19:45.721462-0800	Runner	flutter: DEBUG: Dart received VIDEO chunk: 11917 bytes (Keyframe: false, pts_us=476413873562, codec=0x01)
default	16:19:45.721508-0800	Runner	flutter: [2026-02-28T16:19:45.721294] DEBUG: Dart received VIDEO chunk: 11917 bytes (Keyframe: false, pts_us=476413873562, codec=0x01)
default	16:19:45.722712-0800	Runner	flutter: pushVideoFrame failed: AnyhowException(sender is not active; call start_sankaku_sender first

Stack backtrace:
   0: std::backtrace::Backtrace::create
   1: std::backtrace::Backtrace::capture
   2: rust_lib_nomikai::api::simple::push_video_frame
   3: flutter_rust_bridge::misc::panic_backtrace::PanicBacktrace::catch_unwind
   4: <F as threadpool::FnBox>::call_box
   5: std::sys::backtrace::__rust_begin_short_backtrace
   6: core::ops::function::FnOnce::call_once{{vtable.shim}}
   7: std::sys::thread::unix::Thread::new::thread_start
   8: <unknown>)
default	16:19:45.722753-0800	Runner	flutter: [2026-02-28T16:19:45.722566] pushVideoFrame failed: AnyhowException(sender is not active; call start_sankaku_sender first

Stack backtrace:
   0: std::backtrace::Backtrace::create
   1: std::backtrace::Backtrace::capture
   2: rust_lib_nomikai::api::simple::push_video_frame
   3: flutter_rust_bridge::misc::panic_backtrace::PanicBacktrace::catch_unwind
   4: <F as threadpool::FnBox>::call_box
   5: std::sys::backtrace::__rust_begin_short_backtrace
   6: core::ops::function::FnOnce::call_once{{vtable.shim}}
   7: std::sys::thread::unix::Thread::new::thread_start
   8: <unknown>)
default	16:19:45.735352-0800	Runner	flutter: DEBUG: Dart received AUDIO chunk: 99 bytes (pts_us=476413899708, frames_per_packet=960, codec=0x03)
default	16:19:45.735400-0800	Runner	flutter: [2026-02-28T16:19:45.734087] DEBUG: Dart received AUDIO chunk: 99 bytes (pts_us=476413899708, frames_per_packet=960, codec=0x03)
default	16:19:45.739665-0800	Runner	flutter: pushAudioFrame failed: AnyhowException(sender is not active; call start_sankaku_sender first

Stack backtrace:
   0: std::backtrace::Backtrace::create
   1: std::backtrace::Backtrace::capture
   2: rust_lib_nomikai::api::simple::push_audio_frame
   3: flutter_rust_bridge::misc::panic_backtrace::PanicBacktrace::catch_unwind
   4: <F as threadpool::FnBox>::call_box
   5: std::sys::backtrace::__rust_begin_short_backtrace
   6: core::ops::function::FnOnce::call_once{{vtable.shim}}
   7: std::sys::thread::unix::Thread::new::thread_start
   8: <unknown>)
default	16:19:45.739691-0800	Runner	flutter: [2026-02-28T16:19:45.739024] pushAudioFrame failed: AnyhowException(sender is not active; call start_sankaku_sender first

Stack backtrace:
   0: std::backtrace::Backtrace::create
   1: std::backtrace::Backtrace::capture
   2: rust_lib_nomikai::api::simple::push_audio_frame
   3: flutter_rust_bridge::misc::panic_backtrace::PanicBacktrace::catch_unwind
   4: <F as threadpool::FnBox>::call_box
   5: std::sys::backtrace::__rust_begin_short_backtrace
   6: core::ops::function::FnOnce::call_once{{vtable.shim}}
   7: std::sys::thread::unix::Thread::new::thread_start
   8: <unknown>)
default	16:19:45.756800-0800	Runner	flutter: DEBUG: Dart received VIDEO chunk: 10802 bytes (Keyframe: false, pts_us=476413906878, codec=0x01)
default	16:19:45.756854-0800	Runner	flutter: [2026-02-28T16:19:45.756395] DEBUG: Dart received VIDEO chunk: 10802 bytes (Keyframe: false, pts_us=476413906878, codec=0x01)
default	16:19:45.757652-0800	Runner	flutter: DEBUG: Dart received AUDIO chunk: 100 bytes (pts_us=476413922708, frames_per_packet=960, codec=0x03)
default	16:19:45.757683-0800	Runner	flutter: [2026-02-28T16:19:45.757225] DEBUG: Dart received AUDIO chunk: 100 bytes (pts_us=476413922708, frames_per_packet=960, codec=0x03)
default	16:19:45.758831-0800	Runner	flutter: pushVideoFrame failed: AnyhowException(sender is not active; call start_sankaku_sender first

Stack backtrace:
   0: std::backtrace::Backtrace::create
   1: std::backtrace::Backtrace::capture
   2: rust_lib_nomikai::api::simple::push_video_frame
   3: flutter_rust_bridge::misc::panic_backtrace::PanicBacktrace::catch_unwind
   4: <F as threadpool::FnBox>::call_box
   5: std::sys::backtrace::__rust_begin_short_backtrace
   6: core::ops::function::FnOnce::call_once{{vtable.shim}}
   7: std::sys::thread::unix::Thread::new::thread_start
   8: <unknown>)
default	16:19:45.758965-0800	Runner	flutter: [2026-02-28T16:19:45.758739] pushVideoFrame failed: AnyhowException(sender is not active; call start_sankaku_sender first

Stack backtrace:
   0: std::backtrace::Backtrace::create
   1: std::backtrace::Backtrace::capture
   2: rust_lib_nomikai::api::simple::push_video_frame
   3: flutter_rust_bridge::misc::panic_backtrace::PanicBacktrace::catch_unwind
   4: <F as threadpool::FnBox>::call_box
   5: std::sys::backtrace::__rust_begin_short_backtrace
   6: core::ops::function::FnOnce::call_once{{vtable.shim}}
   7: std::sys::thread::unix::Thread::new::thread_start
   8: <unknown>)
default	16:19:45.759223-0800	Runner	flutter: pushAudioFrame failed: AnyhowException(sender is not active; call start_sankaku_sender first

Stack backtrace:
   0: std::backtrace::Backtrace::create
   1: std::backtrace::Backtrace::capture
   2: rust_lib_nomikai::api::simple::push_audio_frame
   3: flutter_rust_bridge::misc::panic_backtrace::PanicBacktrace::catch_unwind
   4: <F as threadpool::FnBox>::call_box
   5: std::sys::backtrace::__rust_begin_short_backtrace
   6: core::ops::function::FnOnce::call_once{{vtable.shim}}
   7: std::sys::thread::unix::Thread::new::thread_start
   8: <unknown>)
default	16:19:45.759258-0800	Runner	flutter: [2026-02-28T16:19:45.759061] pushAudioFrame failed: AnyhowException(sender is not active; call start_sankaku_sender first

Stack backtrace:
   0: std::backtrace::Backtrace::create
   1: std::backtrace::Backtrace::capture
   2: rust_lib_nomikai::api::simple::push_audio_frame
   3: flutter_rust_bridge::misc::panic_backtrace::PanicBacktrace::catch_unwind
   4: <F as threadpool::FnBox>::call_box
   5: std::sys::backtrace::__rust_begin_short_backtrace
   6: core::ops::function::FnOnce::call_once{{vtable.shim}}
   7: std::sys::thread::unix::Thread::new::thread_start
   8: <unknown>)
default	16:19:45.780376-0800	Runner	flutter: DEBUG: Dart received AUDIO chunk: 99 bytes (pts_us=476413945708, frames_per_packet=960, codec=0x03)
default	16:19:45.780411-0800	Runner	flutter: [2026-02-28T16:19:45.780206] DEBUG: Dart received AUDIO chunk: 99 bytes (pts_us=476413945708, frames_per_packet=960, codec=0x03)
default	16:19:45.781847-0800	Runner	flutter: pushAudioFrame failed: AnyhowException(sender is not active; call start_sankaku_sender first

Stack backtrace:
   0: std::backtrace::Backtrace::create
   1: std::backtrace::Backtrace::capture
   2: rust_lib_nomikai::api::simple::push_audio_frame
   3: flutter_rust_bridge::misc::panic_backtrace::PanicBacktrace::catch_unwind
   4: <F as threadpool::FnBox>::call_box
   5: std::sys::backtrace::__rust_begin_short_backtrace
   6: core::ops::function::FnOnce::call_once{{vtable.shim}}
   7: std::sys::thread::unix::Thread::new::thread_start
   8: <unknown>)
default	16:19:45.782017-0800	Runner	flutter: [2026-02-28T16:19:45.781758] pushAudioFrame failed: AnyhowException(sender is not active; call start_sankaku_sender first

Stack backtrace:
   0: std::backtrace::Backtrace::create
   1: std::backtrace::Backtrace::capture
   2: rust_lib_nomikai::api::simple::push_audio_frame
   3: flutter_rust_bridge::misc::panic_backtrace::PanicBacktrace::catch_unwind
   4: <F as threadpool::FnBox>::call_box
   5: std::sys::backtrace::__rust_begin_short_backtrace
   6: core::ops::function::FnOnce::call_once{{vtable.shim}}
   7: std::sys::thread::unix::Thread::new::thread_start
   8: <unknown>)
default	16:19:45.790822-0800	Runner	flutter: DEBUG: Dart received VIDEO chunk: 9548 bytes (Keyframe: false, pts_us=476413940212, codec=0x01)
default	16:19:45.790843-0800	Runner	flutter: [2026-02-28T16:19:45.790670] DEBUG: Dart received VIDEO chunk: 9548 bytes (Keyframe: false, pts_us=476413940212, codec=0x01)
default	16:19:45.792260-0800	Runner	flutter: pushVideoFrame failed: AnyhowException(sender is not active; call start_sankaku_sender first

Stack backtrace:
   0: std::backtrace::Backtrace::create
   1: std::backtrace::Backtrace::capture
   2: rust_lib_nomikai::api::simple::push_video_frame
   3: flutter_rust_bridge::misc::panic_backtrace::PanicBacktrace::catch_unwind
   4: <F as threadpool::FnBox>::call_box
   5: std::sys::backtrace::__rust_begin_short_backtrace
   6: core::ops::function::FnOnce::call_once{{vtable.shim}}
   7: std::sys::thread::unix::Thread::new::thread_start
   8: <unknown>)
default	16:19:45.792319-0800	Runner	flutter: [2026-02-28T16:19:45.792082] pushVideoFrame failed: AnyhowException(sender is not active; call start_sankaku_sender first

Stack backtrace:
   0: std::backtrace::Backtrace::create
   1: std::backtrace::Backtrace::capture
   2: rust_lib_nomikai::api::simple::push_video_frame
   3: flutter_rust_bridge::misc::panic_backtrace::PanicBacktrace::catch_unwind
   4: <F as threadpool::FnBox>::call_box
   5: std::sys::backtrace::__rust_begin_short_backtrace
   6: core::ops::function::FnOnce::call_once{{vtable.shim}}
   7: std::sys::thread::unix::Thread::new::thread_start
   8: <unknown>)
default	16:19:45.803957-0800	Runner	<private>
default	16:19:45.804828-0800	Runner	flutter: DEBUG: Dart received AUDIO chunk: 101 bytes (pts_us=476413968708, frames_per_packet=960, codec=0x03)
default	16:19:45.804862-0800	Runner	flutter: [2026-02-28T16:19:45.804481] DEBUG: Dart received AUDIO chunk: 101 bytes (pts_us=476413968708, frames_per_packet=960, codec=0x03)
default	16:19:45.804877-0800	Runner	flutter: DEBUG: Dart received AUDIO chunk: 99 bytes (pts_us=476413988708, frames_per_packet=960, codec=0x03)
default	16:19:45.804897-0800	Runner	flutter: [2026-02-28T16:19:45.804715] DEBUG: Dart received AUDIO chunk: 99 bytes (pts_us=476413988708, frames_per_packet=960, codec=0x03)
default	16:19:45.805711-0800	Runner	flutter: pushAudioFrame failed: AnyhowException(sender is not active; call start_sankaku_sender first

Stack backtrace:
   0: std::backtrace::Backtrace::create
   1: std::backtrace::Backtrace::capture
   2: rust_lib_nomikai::api::simple::push_audio_frame
   3: flutter_rust_bridge::misc::panic_backtrace::PanicBacktrace::catch_unwind
   4: <F as threadpool::FnBox>::call_box
   5: std::sys::backtrace::__rust_begin_short_backtrace
   6: core::ops::function::FnOnce::call_once{{vtable.shim}}
   7: std::sys::thread::unix::Thread::new::thread_start
   8: <unknown>)
default	16:19:45.805759-0800	Runner	flutter: [2026-02-28T16:19:45.805563] pushAudioFrame failed: AnyhowException(sender is not active; call start_sankaku_sender first

Stack backtrace:
   0: std::backtrace::Backtrace::create
   1: std::backtrace::Backtrace::capture
   2: rust_lib_nomikai::api::simple::push_audio_frame
   3: flutter_rust_bridge::misc::panic_backtrace::PanicBacktrace::catch_unwind
   4: <F as threadpool::FnBox>::call_box
   5: std::sys::backtrace::__rust_begin_short_backtrace
   6: core::ops::function::FnOnce::call_once{{vtable.shim}}
   7: std::sys::thread::unix::Thread::new::thread_start
   8: <unknown>)
default	16:19:45.806005-0800	Runner	flutter: pushAudioFrame failed: AnyhowException(sender is not active; call start_sankaku_sender first

Stack backtrace:
   0: std::backtrace::Backtrace::create
   1: std::backtrace::Backtrace::capture
   2: rust_lib_nomikai::api::simple::push_audio_frame
   3: flutter_rust_bridge::misc::panic_backtrace::PanicBacktrace::catch_unwind
   4: <F as threadpool::FnBox>::call_box
   5: std::sys::backtrace::__rust_begin_short_backtrace
   6: core::ops::function::FnOnce::call_once{{vtable.shim}}
   7: std::sys::thread::unix::Thread::new::thread_start
   8: <unknown>)
default	16:19:45.806041-0800	Runner	flutter: [2026-02-28T16:19:45.805857] pushAudioFrame failed: AnyhowException(sender is not active; call start_sankaku_sender first

Stack backtrace:
   0: std::backtrace::Backtrace::create
   1: std::backtrace::Backtrace::capture
   2: rust_lib_nomikai::api::simple::push_audio_frame
   3: flutter_rust_bridge::misc::panic_backtrace::PanicBacktrace::catch_unwind
   4: <F as threadpool::FnBox>::call_box
   5: std::sys::backtrace::__rust_begin_short_backtrace
   6: core::ops::function::FnOnce::call_once{{vtable.shim}}
   7: std::sys::thread::unix::Thread::new::thread_start
   8: <unknown>)
default	16:19:45.824289-0800	Runner	flutter: DEBUG: Dart received VIDEO chunk: 13316 bytes (Keyframe: false, pts_us=476413973548, codec=0x01)
default	16:19:45.824341-0800	Runner	flutter: [2026-02-28T16:19:45.823891] DEBUG: Dart received VIDEO chunk: 13316 bytes (Keyframe: false, pts_us=476413973548, codec=0x01)
default	16:19:45.826256-0800	Runner	flutter: pushVideoFrame failed: AnyhowException(sender is not active; call start_sankaku_sender first

Stack backtrace:
   0: std::backtrace::Backtrace::create
   1: std::backtrace::Backtrace::capture
   2: rust_lib_nomikai::api::simple::push_video_frame
   3: flutter_rust_bridge::misc::panic_backtrace::PanicBacktrace::catch_unwind
   4: <F as threadpool::FnBox>::call_box
   5: std::sys::backtrace::__rust_begin_short_backtrace
   6: core::ops::function::FnOnce::call_once{{vtable.shim}}
   7: std::sys::thread::unix::Thread::new::thread_start
   8: <unknown>)
default	16:19:45.826308-0800	Runner	flutter: [2026-02-28T16:19:45.826129] pushVideoFrame failed: AnyhowException(sender is not active; call start_sankaku_sender first

Stack backtrace:
   0: std::backtrace::Backtrace::create
   1: std::backtrace::Backtrace::capture
   2: rust_lib_nomikai::api::simple::push_video_frame
   3: flutter_rust_bridge::misc::panic_backtrace::PanicBacktrace::catch_unwind
   4: <F as threadpool::FnBox>::call_box
   5: std::sys::backtrace::__rust_begin_short_backtrace
   6: core::ops::function::FnOnce::call_once{{vtable.shim}}
   7: std::sys::thread::unix::Thread::new::thread_start
   8: <unknown>)
default	16:19:45.826704-0800	Runner	flutter: DEBUG: Dart received AUDIO chunk: 100 bytes (pts_us=476413991708, frames_per_packet=960, codec=0x03)
default	16:19:45.826745-0800	Runner	flutter: [2026-02-28T16:19:45.826563] DEBUG: Dart received AUDIO chunk: 100 bytes (pts_us=476413991708, frames_per_packet=960, codec=0x03)
default	16:19:45.827990-0800	Runner	flutter: pushAudioFrame failed: AnyhowException(sender is not active; call start_sankaku_sender first

Stack backtrace:
   0: std::backtrace::Backtrace::create
   1: std::backtrace::Backtrace::capture
   2: rust_lib_nomikai::api::simple::push_audio_frame
   3: flutter_rust_bridge::misc::panic_backtrace::PanicBacktrace::catch_unwind
   4: <F as threadpool::FnBox>::call_box
   5: std::sys::backtrace::__rust_begin_short_backtrace
   6: core::ops::function::FnOnce::call_once{{vtable.shim}}
   7: std::sys::thread::unix::Thread::new::thread_start
   8: <unknown>)
default	16:19:45.828027-0800	Runner	flutter: [2026-02-28T16:19:45.827433] pushAudioFrame failed: AnyhowException(sender is not active; call start_sankaku_sender first

Stack backtrace:
   0: std::backtrace::Backtrace::create
   1: std::backtrace::Backtrace::capture
   2: rust_lib_nomikai::api::simple::push_audio_frame
   3: flutter_rust_bridge::misc::panic_backtrace::PanicBacktrace::catch_unwind
   4: <F as threadpool::FnBox>::call_box
   5: std::sys::backtrace::__rust_begin_short_backtrace
   6: core::ops::function::FnOnce::call_once{{vtable.shim}}
   7: std::sys::thread::unix::Thread::new::thread_start
   8: <unknown>)
default	16:19:45.849656-0800	Runner	flutter: DEBUG: Dart received AUDIO chunk: 100 bytes (pts_us=476414014708, frames_per_packet=960, codec=0x03)
default	16:19:45.849704-0800	Runner	flutter: [2026-02-28T16:19:45.849474] DEBUG: Dart received AUDIO chunk: 100 bytes (pts_us=476414014708, frames_per_packet=960, codec=0x03)
default	16:19:45.851705-0800	Runner	flutter: pushAudioFrame failed: AnyhowException(sender is not active; call start_sankaku_sender first

Stack backtrace:
   0: std::backtrace::Backtrace::create
   1: std::backtrace::Backtrace::capture
   2: rust_lib_nomikai::api::simple::push_audio_frame
   3: flutter_rust_bridge::misc::panic_backtrace::PanicBacktrace::catch_unwind
   4: <F as threadpool::FnBox>::call_box
   5: std::sys::backtrace::__rust_begin_short_backtrace
   6: core::ops::function::FnOnce::call_once{{vtable.shim}}
   7: std::sys::thread::unix::Thread::new::thread_start
   8: <unknown>)
default	16:19:45.851771-0800	Runner	flutter: [2026-02-28T16:19:45.851496] pushAudioFrame failed: AnyhowException(sender is not active; call start_sankaku_sender first

Stack backtrace:
   0: std::backtrace::Backtrace::create
   1: std::backtrace::Backtrace::capture
   2: rust_lib_nomikai::api::simple::push_audio_frame
   3: flutter_rust_bridge::misc::panic_backtrace::PanicBacktrace::catch_unwind
   4: <F as threadpool::FnBox>::call_box
   5: std::sys::backtrace::__rust_begin_short_backtrace
   6: core::ops::function::FnOnce::call_once{{vtable.shim}}
   7: std::sys::thread::unix::Thread::new::thread_start
   8: <unknown>)
default	16:19:45.859847-0800	Runner	flutter: DEBUG: Dart received VIDEO chunk: 12232 bytes (Keyframe: false, pts_us=476414006879, codec=0x01)
default	16:19:45.859899-0800	Runner	flutter: [2026-02-28T16:19:45.859665] DEBUG: Dart received VIDEO chunk: 12232 bytes (Keyframe: false, pts_us=476414006879, codec=0x01)
default	16:19:45.861905-0800	Runner	flutter: pushVideoFrame failed: AnyhowException(sender is not active; call start_sankaku_sender first

Stack backtrace:
   0: std::backtrace::Backtrace::create
   1: std::backtrace::Backtrace::capture
   2: rust_lib_nomikai::api::simple::push_video_frame
   3: flutter_rust_bridge::misc::panic_backtrace::PanicBacktrace::catch_unwind
   4: <F as threadpool::FnBox>::call_box
   5: std::sys::backtrace::__rust_begin_short_backtrace
   6: core::ops::function::FnOnce::call_once{{vtable.shim}}
   7: std::sys::thread::unix::Thread::new::thread_start
   8: <unknown>)
default	16:19:45.862025-0800	Runner	flutter: [2026-02-28T16:19:45.861809] pushVideoFrame failed: AnyhowException(sender is not active; call start_sankaku_sender first

Stack backtrace:
   0: std::backtrace::Backtrace::create
   1: std::backtrace::Backtrace::capture
   2: rust_lib_nomikai::api::simple::push_video_frame
   3: flutter_rust_bridge::misc::panic_backtrace::PanicBacktrace::catch_unwind
   4: <F as threadpool::FnBox>::call_box
   5: std::sys::backtrace::__rust_begin_short_backtrace
   6: core::ops::function::FnOnce::call_once{{vtable.shim}}
   7: std::sys::thread::unix::Thread::new::thread_start
   8: <unknown>)
default	16:19:45.872298-0800	Runner	flutter: DEBUG: Dart received AUDIO chunk: 99 bytes (pts_us=476414037708, frames_per_packet=960, codec=0x03)
default	16:19:45.872359-0800	Runner	flutter: [2026-02-28T16:19:45.872119] DEBUG: Dart received AUDIO chunk: 99 bytes (pts_us=476414037708, frames_per_packet=960, codec=0x03)
default	16:19:45.873744-0800	Runner	flutter: pushAudioFrame failed: AnyhowException(sender is not active; call start_sankaku_sender first

Stack backtrace:
   0: std::backtrace::Backtrace::create
   1: std::backtrace::Backtrace::capture
   2: rust_lib_nomikai::api::simple::push_audio_frame
   3: flutter_rust_bridge::misc::panic_backtrace::PanicBacktrace::catch_unwind
   4: <F as threadpool::FnBox>::call_box
   5: std::sys::backtrace::__rust_begin_short_backtrace
   6: core::ops::function::FnOnce::call_once{{vtable.shim}}
   7: std::sys::thread::unix::Thread::new::thread_start
   8: <unknown>)
default	16:19:45.873871-0800	Runner	flutter: [2026-02-28T16:19:45.873576] pushAudioFrame failed: AnyhowException(sender is not active; call start_sankaku_sender first

Stack backtrace:
   0: std::backtrace::Backtrace::create
   1: std::backtrace::Backtrace::capture
   2: rust_lib_nomikai::api::simple::push_audio_frame
   3: flutter_rust_bridge::misc::panic_backtrace::PanicBacktrace::catch_unwind
   4: <F as threadpool::FnBox>::call_box
   5: std::sys::backtrace::__rust_begin_short_backtrace
   6: core::ops::function::FnOnce::call_once{{vtable.shim}}
   7: std::sys::thread::unix::Thread::new::thread_start
   8: <unknown>)
default	16:19:45.891043-0800	Runner	flutter: DEBUG: Dart received VIDEO chunk: 10942 bytes (Keyframe: false, pts_us=476414040195, codec=0x01)
default	16:19:45.891304-0800	Runner	flutter: [2026-02-28T16:19:45.889621] DEBUG: Dart received VIDEO chunk: 10942 bytes (Keyframe: false, pts_us=476414040195, codec=0x01)
default	16:19:45.892637-0800	Runner	flutter: pushVideoFrame failed: AnyhowException(sender is not active; call start_sankaku_sender first

Stack backtrace:
   0: std::backtrace::Backtrace::create
   1: std::backtrace::Backtrace::capture
   2: rust_lib_nomikai::api::simple::push_video_frame
   3: flutter_rust_bridge::misc::panic_backtrace::PanicBacktrace::catch_unwind
   4: <F as threadpool::FnBox>::call_box
   5: std::sys::backtrace::__rust_begin_short_backtrace
   6: core::ops::function::FnOnce::call_once{{vtable.shim}}
   7: std::sys::thread::unix::Thread::new::thread_start
   8: <unknown>)
default	16:19:45.892703-0800	Runner	flutter: [2026-02-28T16:19:45.892499] pushVideoFrame failed: AnyhowException(sender is not active; call start_sankaku_sender first

Stack backtrace:
   0: std::backtrace::Backtrace::create
   1: std::backtrace::Backtrace::capture
   2: rust_lib_nomikai::api::simple::push_video_frame
   3: flutter_rust_bridge::misc::panic_backtrace::PanicBacktrace::catch_unwind
   4: <F as threadpool::FnBox>::call_box
   5: std::sys::backtrace::__rust_begin_short_backtrace
   6: core::ops::function::FnOnce::call_once{{vtable.shim}}
   7: std::sys::thread::unix::Thread::new::thread_start
   8: <unknown>)
default	16:19:45.896245-0800	Runner	flutter: DEBUG: Dart received AUDIO chunk: 100 bytes (pts_us=476414060708, frames_per_packet=960, codec=0x03)
default	16:19:45.896364-0800	Runner	flutter: [2026-02-28T16:19:45.896203] DEBUG: Dart received AUDIO chunk: 100 bytes (pts_us=476414060708, frames_per_packet=960, codec=0x03)
default	16:19:45.897367-0800	Runner	flutter: pushAudioFrame failed: AnyhowException(sender is not active; call start_sankaku_sender first

Stack backtrace:
   0: std::backtrace::Backtrace::create
   1: std::backtrace::Backtrace::capture
   2: rust_lib_nomikai::api::simple::push_audio_frame
   3: flutter_rust_bridge::misc::panic_backtrace::PanicBacktrace::catch_unwind
   4: <F as threadpool::FnBox>::call_box
   5: std::sys::backtrace::__rust_begin_short_backtrace
   6: core::ops::function::FnOnce::call_once{{vtable.shim}}
   7: std::sys::thread::unix::Thread::new::thread_start
   8: <unknown>)
default	16:19:45.897459-0800	Runner	flutter: [2026-02-28T16:19:45.897312] pushAudioFrame failed: AnyhowException(sender is not active; call start_sankaku_sender first

Stack backtrace:
   0: std::backtrace::Backtrace::create
   1: std::backtrace::Backtrace::capture
   2: rust_lib_nomikai::api::simple::push_audio_frame
   3: flutter_rust_bridge::misc::panic_backtrace::PanicBacktrace::catch_unwind
   4: <F as threadpool::FnBox>::call_box
   5: std::sys::backtrace::__rust_begin_short_backtrace
   6: core::ops::function::FnOnce::call_once{{vtable.shim}}
   7: std::sys::thread::unix::Thread::new::thread_start
   8: <unknown>)
default	16:19:45.917738-0800	Runner	flutter: DEBUG: Dart received AUDIO chunk: 102 bytes (pts_us=476414083708, frames_per_packet=960, codec=0x03)
default	16:19:45.917808-0800	Runner	flutter: [2026-02-28T16:19:45.917591] DEBUG: Dart received AUDIO chunk: 102 bytes (pts_us=476414083708, frames_per_packet=960, codec=0x03)
default	16:19:45.918745-0800	Runner	flutter: pushAudioFrame failed: AnyhowException(sender is not active; call start_sankaku_sender first

Stack backtrace:
   0: std::backtrace::Backtrace::create
   1: std::backtrace::Backtrace::capture
   2: rust_lib_nomikai::api::simple::push_audio_frame
   3: flutter_rust_bridge::misc::panic_backtrace::PanicBacktrace::catch_unwind
   4: <F as threadpool::FnBox>::call_box
   5: std::sys::backtrace::__rust_begin_short_backtrace
   6: core::ops::function::FnOnce::call_once{{vtable.shim}}
   7: std::sys::thread::unix::Thread::new::thread_start
   8: <unknown>)
default	16:19:45.918793-0800	Runner	flutter: [2026-02-28T16:19:45.918616] pushAudioFrame failed: AnyhowException(sender is not active; call start_sankaku_sender first

Stack backtrace:
   0: std::backtrace::Backtrace::create
   1: std::backtrace::Backtrace::capture
   2: rust_lib_nomikai::api::simple::push_audio_frame
   3: flutter_rust_bridge::misc::panic_backtrace::PanicBacktrace::catch_unwind
   4: <F as threadpool::FnBox>::call_box
   5: std::sys::backtrace::__rust_begin_short_backtrace
   6: core::ops::function::FnOnce::call_once{{vtable.shim}}
   7: std::sys::thread::unix::Thread::new::thread_start
   8: <unknown>)
default	16:19:45.923414-0800	Runner	flutter: DEBUG: Dart received VIDEO chunk: 10326 bytes (Keyframe: false, pts_us=476414073521, codec=0x01)
default	16:19:45.923523-0800	Runner	flutter: [2026-02-28T16:19:45.923338] DEBUG: Dart received VIDEO chunk: 10326 bytes (Keyframe: false, pts_us=476414073521, codec=0x01)
default	16:19:45.925844-0800	Runner	flutter: pushVideoFrame failed: AnyhowException(sender is not active; call start_sankaku_sender first

Stack backtrace:
   0: std::backtrace::Backtrace::create
   1: std::backtrace::Backtrace::capture
   2: rust_lib_nomikai::api::simple::push_video_frame
   3: flutter_rust_bridge::misc::panic_backtrace::PanicBacktrace::catch_unwind
   4: <F as threadpool::FnBox>::call_box
   5: std::sys::backtrace::__rust_begin_short_backtrace
   6: core::ops::function::FnOnce::call_once{{vtable.shim}}
   7: std::sys::thread::unix::Thread::new::thread_start
   8: <unknown>)
default	16:19:45.925904-0800	Runner	flutter: [2026-02-28T16:19:45.925659] pushVideoFrame failed: AnyhowException(sender is not active; call start_sankaku_sender first

Stack backtrace:
   0: std::backtrace::Backtrace::create
   1: std::backtrace::Backtrace::capture
   2: rust_lib_nomikai::api::simple::push_video_frame
   3: flutter_rust_bridge::misc::panic_backtrace::PanicBacktrace::catch_unwind
   4: <F as threadpool::FnBox>::call_box
   5: std::sys::backtrace::__rust_begin_short_backtrace
   6: core::ops::function::FnOnce::call_once{{vtable.shim}}
   7: std::sys::thread::unix::Thread::new::thread_start
   8: <unknown>)
default	16:19:45.941292-0800	Runner	<private>
default	16:19:45.941834-0800	Runner	flutter: DEBUG: Dart received AUDIO chunk: 101 bytes (pts_us=476414106708, frames_per_packet=960, codec=0x03)
default	16:19:45.941921-0800	Runner	flutter: [2026-02-28T16:19:45.941758] DEBUG: Dart received AUDIO chunk: 101 bytes (pts_us=476414106708, frames_per_packet=960, codec=0x03)
default	16:19:45.942029-0800	Runner	flutter: DEBUG: Dart received AUDIO chunk: 102 bytes (pts_us=476414126708, frames_per_packet=960, codec=0x03)
default	16:19:45.942094-0800	Runner	flutter: [2026-02-28T16:19:45.941983] DEBUG: Dart received AUDIO chunk: 102 bytes (pts_us=476414126708, frames_per_packet=960, codec=0x03)
default	16:19:45.943181-0800	Runner	flutter: pushAudioFrame failed: AnyhowException(sender is not active; call start_sankaku_sender first

Stack backtrace:
   0: std::backtrace::Backtrace::create
   1: std::backtrace::Backtrace::capture
   2: rust_lib_nomikai::api::simple::push_audio_frame
   3: flutter_rust_bridge::misc::panic_backtrace::PanicBacktrace::catch_unwind
   4: <F as threadpool::FnBox>::call_box
   5: std::sys::backtrace::__rust_begin_short_backtrace
   6: core::ops::function::FnOnce::call_once{{vtable.shim}}
   7: std::sys::thread::unix::Thread::new::thread_start
   8: <unknown>)
default	16:19:45.943231-0800	Runner	flutter: [2026-02-28T16:19:45.943013] pushAudioFrame failed: AnyhowException(sender is not active; call start_sankaku_sender first

Stack backtrace:
   0: std::backtrace::Backtrace::create
   1: std::backtrace::Backtrace::capture
   2: rust_lib_nomikai::api::simple::push_audio_frame
   3: flutter_rust_bridge::misc::panic_backtrace::PanicBacktrace::catch_unwind
   4: <F as threadpool::FnBox>::call_box
   5: std::sys::backtrace::__rust_begin_short_backtrace
   6: core::ops::function::FnOnce::call_once{{vtable.shim}}
   7: std::sys::thread::unix::Thread::new::thread_start
   8: <unknown>)
default	16:19:45.943331-0800	Runner	flutter: pushAudioFrame failed: AnyhowException(sender is not active; call start_sankaku_sender first

Stack backtrace:
   0: std::backtrace::Backtrace::create
   1: std::backtrace::Backtrace::capture
   2: rust_lib_nomikai::api::simple::push_audio_frame
   3: flutter_rust_bridge::misc::panic_backtrace::PanicBacktrace::catch_unwind
   4: <F as threadpool::FnBox>::call_box
   5: std::sys::backtrace::__rust_begin_short_backtrace
   6: core::ops::function::FnOnce::call_once{{vtable.shim}}
   7: std::sys::thread::unix::Thread::new::thread_start
   8: <unknown>)
default	16:19:45.943346-0800	Runner	flutter: [2026-02-28T16:19:45.943255] pushAudioFrame failed: AnyhowException(sender is not active; call start_sankaku_sender first

Stack backtrace:
   0: std::backtrace::Backtrace::create
   1: std::backtrace::Backtrace::capture
   2: rust_lib_nomikai::api::simple::push_audio_frame
   3: flutter_rust_bridge::misc::panic_backtrace::PanicBacktrace::catch_unwind
   4: <F as threadpool::FnBox>::call_box
   5: std::sys::backtrace::__rust_begin_short_backtrace
   6: core::ops::function::FnOnce::call_once{{vtable.shim}}
   7: std::sys::thread::unix::Thread::new::thread_start
   8: <unknown>)
default	16:19:45.955419-0800	Runner	flutter: DEBUG: Dart received VIDEO chunk: 11131 bytes (Keyframe: false, pts_us=476414106863, codec=0x01)
default	16:19:45.955477-0800	Runner	flutter: [2026-02-28T16:19:45.955291] DEBUG: Dart received VIDEO chunk: 11131 bytes (Keyframe: false, pts_us=476414106863, codec=0x01)
default	16:19:45.956504-0800	Runner	flutter: pushVideoFrame failed: AnyhowException(sender is not active; call start_sankaku_sender first

Stack backtrace:
   0: std::backtrace::Backtrace::create
   1: std::backtrace::Backtrace::capture
   2: rust_lib_nomikai::api::simple::push_video_frame
   3: flutter_rust_bridge::misc::panic_backtrace::PanicBacktrace::catch_unwind
   4: <F as threadpool::FnBox>::call_box
   5: std::sys::backtrace::__rust_begin_short_backtrace
   6: core::ops::function::FnOnce::call_once{{vtable.shim}}
   7: std::sys::thread::unix::Thread::new::thread_start
   8: <unknown>)
default	16:19:45.956548-0800	Runner	flutter: [2026-02-28T16:19:45.956348] pushVideoFrame failed: AnyhowException(sender is not active; call start_sankaku_sender first

Stack backtrace:
   0: std::backtrace::Backtrace::create
   1: std::backtrace::Backtrace::capture
   2: rust_lib_nomikai::api::simple::push_video_frame
   3: flutter_rust_bridge::misc::panic_backtrace::PanicBacktrace::catch_unwind
   4: <F as threadpool::FnBox>::call_box
   5: std::sys::backtrace::__rust_begin_short_backtrace
   6: core::ops::function::FnOnce::call_once{{vtable.shim}}
   7: std::sys::thread::unix::Thread::new::thread_start
   8: <unknown>)
default	16:19:45.964046-0800	Runner	flutter: DEBUG: Dart received AUDIO chunk: 100 bytes (pts_us=476414129708, frames_per_packet=960, codec=0x03)
default	16:19:45.964090-0800	Runner	flutter: [2026-02-28T16:19:45.963916] DEBUG: Dart received AUDIO chunk: 100 bytes (pts_us=476414129708, frames_per_packet=960, codec=0x03)
default	16:19:45.965282-0800	Runner	flutter: pushAudioFrame failed: AnyhowException(sender is not active; call start_sankaku_sender first

Stack backtrace:
   0: std::backtrace::Backtrace::create
   1: std::backtrace::Backtrace::capture
   2: rust_lib_nomikai::api::simple::push_audio_frame
   3: flutter_rust_bridge::misc::panic_backtrace::PanicBacktrace::catch_unwind
   4: <F as threadpool::FnBox>::call_box
   5: std::sys::backtrace::__rust_begin_short_backtrace
   6: core::ops::function::FnOnce::call_once{{vtable.shim}}
   7: std::sys::thread::unix::Thread::new::thread_start
   8: <unknown>)
default	16:19:45.965493-0800	Runner	flutter: [2026-02-28T16:19:45.965141] pushAudioFrame failed: AnyhowException(sender is not active; call start_sankaku_sender first

Stack backtrace:
   0: std::backtrace::Backtrace::create
   1: std::backtrace::Backtrace::capture
   2: rust_lib_nomikai::api::simple::push_audio_frame
   3: flutter_rust_bridge::misc::panic_backtrace::PanicBacktrace::catch_unwind
   4: <F as threadpool::FnBox>::call_box
   5: std::sys::backtrace::__rust_begin_short_backtrace
   6: core::ops::function::FnOnce::call_once{{vtable.shim}}
   7: std::sys::thread::unix::Thread::new::thread_start
   8: <unknown>)
default	16:19:45.986704-0800	Runner	flutter: DEBUG: Dart received AUDIO chunk: 101 bytes (pts_us=476414152708, frames_per_packet=960, codec=0x03)
default	16:19:45.986783-0800	Runner	flutter: [2026-02-28T16:19:45.986624] DEBUG: Dart received AUDIO chunk: 101 bytes (pts_us=476414152708, frames_per_packet=960, codec=0x03)
default	16:19:45.987891-0800	Runner	flutter: pushAudioFrame failed: AnyhowException(sender is not active; call start_sankaku_sender first

Stack backtrace:
   0: std::backtrace::Backtrace::create
   1: std::backtrace::Backtrace::capture
   2: rust_lib_nomikai::api::simple::push_audio_frame
   3: flutter_rust_bridge::misc::panic_backtrace::PanicBacktrace::catch_unwind
   4: <F as threadpool::FnBox>::call_box
   5: std::sys::backtrace::__rust_begin_short_backtrace
   6: core::ops::function::FnOnce::call_once{{vtable.shim}}
   7: std::sys::thread::unix::Thread::new::thread_start
   8: <unknown>)
default	16:19:45.987967-0800	Runner	flutter: [2026-02-28T16:19:45.987778] pushAudioFrame failed: AnyhowException(sender is not active; call start_sankaku_sender first

Stack backtrace:
   0: std::backtrace::Backtrace::create
   1: std::backtrace::Backtrace::capture
   2: rust_lib_nomikai::api::simple::push_audio_frame
   3: flutter_rust_bridge::misc::panic_backtrace::PanicBacktrace::catch_unwind
   4: <F as threadpool::FnBox>::call_box
   5: std::sys::backtrace::__rust_begin_short_backtrace
   6: core::ops::function::FnOnce::call_once{{vtable.shim}}
   7: std::sys::thread::unix::Thread::new::thread_start
   8: <unknown>)
default	16:19:45.988789-0800	Runner	flutter: DEBUG: Dart received VIDEO chunk: 12433 bytes (Keyframe: false, pts_us=476414140191, codec=0x01)
default	16:19:45.988811-0800	Runner	flutter: [2026-02-28T16:19:45.988512] DEBUG: Dart received VIDEO chunk: 12433 bytes (Keyframe: false, pts_us=476414140191, codec=0x01)
default	16:19:45.989517-0800	Runner	flutter: pushVideoFrame failed: AnyhowException(sender is not active; call start_sankaku_sender first

Stack backtrace:
   0: std::backtrace::Backtrace::create
   1: std::backtrace::Backtrace::capture
   2: rust_lib_nomikai::api::simple::push_video_frame
   3: flutter_rust_bridge::misc::panic_backtrace::PanicBacktrace::catch_unwind
   4: <F as threadpool::FnBox>::call_box
   5: std::sys::backtrace::__rust_begin_short_backtrace
   6: core::ops::function::FnOnce::call_once{{vtable.shim}}
   7: std::sys::thread::unix::Thread::new::thread_start
   8: <unknown>)
default	16:19:45.989554-0800	Runner	flutter: [2026-02-28T16:19:45.989379] pushVideoFrame failed: AnyhowException(sender is not active; call start_sankaku_sender first

Stack backtrace:
   0: std::backtrace::Backtrace::create
   1: std::backtrace::Backtrace::capture
   2: rust_lib_nomikai::api::simple::push_video_frame
   3: flutter_rust_bridge::misc::panic_backtrace::PanicBacktrace::catch_unwind
   4: <F as threadpool::FnBox>::call_box
   5: std::sys::backtrace::__rust_begin_short_backtrace
   6: core::ops::function::FnOnce::call_once{{vtable.shim}}
   7: std::sys::thread::unix::Thread::new::thread_start
   8: <unknown>)
default	16:19:46.015168-0800	Runner	flutter: DEBUG: Dart received AUDIO chunk: 99 bytes (pts_us=476414175708, frames_per_packet=960, codec=0x03)
default	16:19:46.015242-0800	Runner	flutter: [2026-02-28T16:19:46.014177] DEBUG: Dart received AUDIO chunk: 99 bytes (pts_us=476414175708, frames_per_packet=960, codec=0x03)
default	16:19:46.017602-0800	Runner	flutter: pushAudioFrame failed: AnyhowException(sender is not active; call start_sankaku_sender first

Stack backtrace:
   0: std::backtrace::Backtrace::create
   1: std::backtrace::Backtrace::capture
   2: rust_lib_nomikai::api::simple::push_audio_frame
   3: flutter_rust_bridge::misc::panic_backtrace::PanicBacktrace::catch_unwind
   4: <F as threadpool::FnBox>::call_box
   5: std::sys::backtrace::__rust_begin_short_backtrace
   6: core::ops::function::FnOnce::call_once{{vtable.shim}}
   7: std::sys::thread::unix::Thread::new::thread_start
   8: <unknown>)
default	16:19:46.017656-0800	Runner	flutter: [2026-02-28T16:19:46.017367] pushAudioFrame failed: AnyhowException(sender is not active; call start_sankaku_sender first

Stack backtrace:
   0: std::backtrace::Backtrace::create
   1: std::backtrace::Backtrace::capture
   2: rust_lib_nomikai::api::simple::push_audio_frame
   3: flutter_rust_bridge::misc::panic_backtrace::PanicBacktrace::catch_unwind
   4: <F as threadpool::FnBox>::call_box
   5: std::sys::backtrace::__rust_begin_short_backtrace
   6: core::ops::function::FnOnce::call_once{{vtable.shim}}
   7: std::sys::thread::unix::Thread::new::thread_start
   8: <unknown>)
default	16:19:46.026247-0800	Runner	flutter: DEBUG: Dart received VIDEO chunk: 13054 bytes (Keyframe: false, pts_us=476414173520, codec=0x01)
default	16:19:46.026309-0800	Runner	flutter: [2026-02-28T16:19:46.025714] DEBUG: Dart received VIDEO chunk: 13054 bytes (Keyframe: false, pts_us=476414173520, codec=0x01)
default	16:19:46.027257-0800	Runner	flutter: pushVideoFrame failed: AnyhowException(sender is not active; call start_sankaku_sender first

Stack backtrace:
   0: std::backtrace::Backtrace::create
   1: std::backtrace::Backtrace::capture
   2: rust_lib_nomikai::api::simple::push_video_frame
   3: flutter_rust_bridge::misc::panic_backtrace::PanicBacktrace::catch_unwind
   4: <F as threadpool::FnBox>::call_box
   5: std::sys::backtrace::__rust_begin_short_backtrace
   6: core::ops::function::FnOnce::call_once{{vtable.shim}}
   7: std::sys::thread::unix::Thread::new::thread_start
   8: <unknown>)
default	16:19:46.027328-0800	Runner	flutter: [2026-02-28T16:19:46.027102] pushVideoFrame failed: AnyhowException(sender is not active; call start_sankaku_sender first

Stack backtrace:
   0: std::backtrace::Backtrace::create
   1: std::backtrace::Backtrace::capture
   2: rust_lib_nomikai::api::simple::push_video_frame
   3: flutter_rust_bridge::misc::panic_backtrace::PanicBacktrace::catch_unwind
   4: <F as threadpool::FnBox>::call_box
   5: std::sys::backtrace::__rust_begin_short_backtrace
   6: core::ops::function::FnOnce::call_once{{vtable.shim}}
   7: std::sys::thread::unix::Thread::new::thread_start
   8: <unknown>)
default	16:19:46.034487-0800	Runner	flutter: DEBUG: Dart received AUDIO chunk: 101 bytes (pts_us=476414198708, frames_per_packet=960, codec=0x03)
default	16:19:46.034564-0800	Runner	flutter: [2026-02-28T16:19:46.033979] DEBUG: Dart received AUDIO chunk: 101 bytes (pts_us=476414198708, frames_per_packet=960, codec=0x03)
default	16:19:46.035645-0800	Runner	flutter: pushAudioFrame failed: AnyhowException(sender is not active; call start_sankaku_sender first

Stack backtrace:
   0: std::backtrace::Backtrace::create
   1: std::backtrace::Backtrace::capture
   2: rust_lib_nomikai::api::simple::push_audio_frame
   3: flutter_rust_bridge::misc::panic_backtrace::PanicBacktrace::catch_unwind
   4: <F as threadpool::FnBox>::call_box
   5: std::sys::backtrace::__rust_begin_short_backtrace
   6: core::ops::function::FnOnce::call_once{{vtable.shim}}
   7: std::sys::thread::unix::Thread::new::thread_start
   8: <unknown>)
default	16:19:46.035712-0800	Runner	flutter: [2026-02-28T16:19:46.035478] pushAudioFrame failed: AnyhowException(sender is not active; call start_sankaku_sender first

Stack backtrace:
   0: std::backtrace::Backtrace::create
   1: std::backtrace::Backtrace::capture
   2: rust_lib_nomikai::api::simple::push_audio_frame
   3: flutter_rust_bridge::misc::panic_backtrace::PanicBacktrace::catch_unwind
   4: <F as threadpool::FnBox>::call_box
   5: std::sys::backtrace::__rust_begin_short_backtrace
   6: core::ops::function::FnOnce::call_once{{vtable.shim}}
   7: std::sys::thread::unix::Thread::new::thread_start
   8: <unknown>)
default	16:19:46.056153-0800	Runner	flutter: DEBUG: Dart received AUDIO chunk: 102 bytes (pts_us=476414221708, frames_per_packet=960, codec=0x03)
default	16:19:46.056204-0800	Runner	flutter: [2026-02-28T16:19:46.056001] DEBUG: Dart received AUDIO chunk: 102 bytes (pts_us=476414221708, frames_per_packet=960, codec=0x03)
default	16:19:46.056276-0800	Runner	flutter: DEBUG: Dart received VIDEO chunk: 9968 bytes (Keyframe: false, pts_us=476414206832, codec=0x01)
default	16:19:46.056339-0800	Runner	flutter: [2026-02-28T16:19:46.056237] DEBUG: Dart received VIDEO chunk: 9968 bytes (Keyframe: false, pts_us=476414206832, codec=0x01)
default	16:19:46.059431-0800	Runner	flutter: pushAudioFrame failed: AnyhowException(sender is not active; call start_sankaku_sender first

Stack backtrace:
   0: std::backtrace::Backtrace::create
   1: std::backtrace::Backtrace::capture
   2: rust_lib_nomikai::api::simple::push_audio_frame
   3: flutter_rust_bridge::misc::panic_backtrace::PanicBacktrace::catch_unwind
   4: <F as threadpool::FnBox>::call_box
   5: std::sys::backtrace::__rust_begin_short_backtrace
   6: core::ops::function::FnOnce::call_once{{vtable.shim}}
   7: std::sys::thread::unix::Thread::new::thread_start
   8: <unknown>)
default	16:19:46.059664-0800	Runner	flutter: [2026-02-28T16:19:46.058874] pushAudioFrame failed: AnyhowException(sender is not active; call start_sankaku_sender first

Stack backtrace:
   0: std::backtrace::Backtrace::create
   1: std::backtrace::Backtrace::capture
   2: rust_lib_nomikai::api::simple::push_audio_frame
   3: flutter_rust_bridge::misc::panic_backtrace::PanicBacktrace::catch_unwind
   4: <F as threadpool::FnBox>::call_box
   5: std::sys::backtrace::__rust_begin_short_backtrace
   6: core::ops::function::FnOnce::call_once{{vtable.shim}}
   7: std::sys::thread::unix::Thread::new::thread_start
   8: <unknown>)
default	16:19:46.059719-0800	Runner	flutter: pushVideoFrame failed: AnyhowException(sender is not active; call start_sankaku_sender first

Stack backtrace:
   0: std::backtrace::Backtrace::create
   1: std::backtrace::Backtrace::capture
   2: rust_lib_nomikai::api::simple::push_video_frame
   3: flutter_rust_bridge::misc::panic_backtrace::PanicBacktrace::catch_unwind
   4: <F as threadpool::FnBox>::call_box
   5: std::sys::backtrace::__rust_begin_short_backtrace
   6: core::ops::function::FnOnce::call_once{{vtable.shim}}
   7: std::sys::thread::unix::Thread::new::thread_start
   8: <unknown>)
default	16:19:46.059740-0800	Runner	flutter: [2026-02-28T16:19:46.059172] pushVideoFrame failed: AnyhowException(sender is not active; call start_sankaku_sender first

Stack backtrace:
   0: std::backtrace::Backtrace::create
   1: std::backtrace::Backtrace::capture
   2: rust_lib_nomikai::api::simple::push_video_frame
   3: flutter_rust_bridge::misc::panic_backtrace::PanicBacktrace::catch_unwind
   4: <F as threadpool::FnBox>::call_box
   5: std::sys::backtrace::__rust_begin_short_backtrace
   6: core::ops::function::FnOnce::call_once{{vtable.shim}}
   7: std::sys::thread::unix::Thread::new::thread_start
   8: <unknown>)
default	16:19:46.079941-0800	Runner	flutter: DEBUG: Dart received AUDIO chunk: 102 bytes (pts_us=476414244708, frames_per_packet=960, codec=0x03)
default	16:19:46.079977-0800	Runner	flutter: [2026-02-28T16:19:46.079759] DEBUG: Dart received AUDIO chunk: 102 bytes (pts_us=476414244708, frames_per_packet=960, codec=0x03)
default	16:19:46.085041-0800	Runner	flutter: pushAudioFrame failed: AnyhowException(sender is not active; call start_sankaku_sender first

Stack backtrace:
   0: std::backtrace::Backtrace::create
   1: std::backtrace::Backtrace::capture
   2: rust_lib_nomikai::api::simple::push_audio_frame
   3: flutter_rust_bridge::misc::panic_backtrace::PanicBacktrace::catch_unwind
   4: <F as threadpool::FnBox>::call_box
   5: std::sys::backtrace::__rust_begin_short_backtrace
   6: core::ops::function::FnOnce::call_once{{vtable.shim}}
   7: std::sys::thread::unix::Thread::new::thread_start
   8: <unknown>)
default	16:19:46.085102-0800	Runner	flutter: [2026-02-28T16:19:46.081052] pushAudioFrame failed: AnyhowException(sender is not active; call start_sankaku_sender first

Stack backtrace:
   0: std::backtrace::Backtrace::create
   1: std::backtrace::Backtrace::capture
   2: rust_lib_nomikai::api::simple::push_audio_frame
   3: flutter_rust_bridge::misc::panic_backtrace::PanicBacktrace::catch_unwind
   4: <F as threadpool::FnBox>::call_box
   5: std::sys::backtrace::__rust_begin_short_backtrace
   6: core::ops::function::FnOnce::call_once{{vtable.shim}}
   7: std::sys::thread::unix::Thread::new::thread_start
   8: <unknown>)
default	16:19:46.088022-0800	Runner	flutter: DEBUG: Dart received VIDEO chunk: 10145 bytes (Keyframe: false, pts_us=476414240168, codec=0x01)
default	16:19:46.088066-0800	Runner	flutter: [2026-02-28T16:19:46.087871] DEBUG: Dart received VIDEO chunk: 10145 bytes (Keyframe: false, pts_us=476414240168, codec=0x01)
default	16:19:46.089190-0800	Runner	flutter: pushVideoFrame failed: AnyhowException(sender is not active; call start_sankaku_sender first

Stack backtrace:
   0: std::backtrace::Backtrace::create
   1: std::backtrace::Backtrace::capture
   2: rust_lib_nomikai::api::simple::push_video_frame
   3: flutter_rust_bridge::misc::panic_backtrace::PanicBacktrace::catch_unwind
   4: <F as threadpool::FnBox>::call_box
   5: std::sys::backtrace::__rust_begin_short_backtrace
   6: core::ops::function::FnOnce::call_once{{vtable.shim}}
   7: std::sys::thread::unix::Thread::new::thread_start
   8: <unknown>)
default	16:19:46.089224-0800	Runner	flutter: [2026-02-28T16:19:46.089071] pushVideoFrame failed: AnyhowException(sender is not active; call start_sankaku_sender first

Stack backtrace:
   0: std::backtrace::Backtrace::create
   1: std::backtrace::Backtrace::capture
   2: rust_lib_nomikai::api::simple::push_video_frame
   3: flutter_rust_bridge::misc::panic_backtrace::PanicBacktrace::catch_unwind
   4: <F as threadpool::FnBox>::call_box
   5: std::sys::backtrace::__rust_begin_short_backtrace
   6: core::ops::function::FnOnce::call_once{{vtable.shim}}
   7: std::sys::thread::unix::Thread::new::thread_start
   8: <unknown>)
default	16:19:46.101979-0800	Runner	<private>
default	16:19:46.102535-0800	Runner	flutter: DEBUG: Dart received AUDIO chunk: 101 bytes (pts_us=476414267708, frames_per_packet=960, codec=0x03)
default	16:19:46.102633-0800	Runner	flutter: [2026-02-28T16:19:46.102451] DEBUG: Dart received AUDIO chunk: 101 bytes (pts_us=476414267708, frames_per_packet=960, codec=0x03)
default	16:19:46.102797-0800	Runner	flutter: DEBUG: Dart received AUDIO chunk: 100 bytes (pts_us=476414287708, frames_per_packet=960, codec=0x03)
default	16:19:46.102818-0800	Runner	flutter: [2026-02-28T16:19:46.102698] DEBUG: Dart received AUDIO chunk: 100 bytes (pts_us=476414287708, frames_per_packet=960, codec=0x03)
default	16:19:46.103761-0800	Runner	flutter: pushAudioFrame failed: AnyhowException(sender is not active; call start_sankaku_sender first

Stack backtrace:
   0: std::backtrace::Backtrace::create
   1: std::backtrace::Backtrace::capture
   2: rust_lib_nomikai::api::simple::push_audio_frame
   3: flutter_rust_bridge::misc::panic_backtrace::PanicBacktrace::catch_unwind
   4: <F as threadpool::FnBox>::call_box
   5: std::sys::backtrace::__rust_begin_short_backtrace
   6: core::ops::function::FnOnce::call_once{{vtable.shim}}
   7: std::sys::thread::unix::Thread::new::thread_start
   8: <unknown>)
default	16:19:46.103809-0800	Runner	flutter: [2026-02-28T16:19:46.103611] pushAudioFrame failed: AnyhowException(sender is not active; call start_sankaku_sender first

Stack backtrace:
   0: std::backtrace::Backtrace::create
   1: std::backtrace::Backtrace::capture
   2: rust_lib_nomikai::api::simple::push_audio_frame
   3: flutter_rust_bridge::misc::panic_backtrace::PanicBacktrace::catch_unwind
   4: <F as threadpool::FnBox>::call_box
   5: std::sys::backtrace::__rust_begin_short_backtrace
   6: core::ops::function::FnOnce::call_once{{vtable.shim}}
   7: std::sys::thread::unix::Thread::new::thread_start
   8: <unknown>)
default	16:19:46.104032-0800	Runner	flutter: pushAudioFrame failed: AnyhowException(sender is not active; call start_sankaku_sender first

Stack backtrace:
   0: std::backtrace::Backtrace::create
   1: std::backtrace::Backtrace::capture
   2: rust_lib_nomikai::api::simple::push_audio_frame
   3: flutter_rust_bridge::misc::panic_backtrace::PanicBacktrace::catch_unwind
   4: <F as threadpool::FnBox>::call_box
   5: std::sys::backtrace::__rust_begin_short_backtrace
   6: core::ops::function::FnOnce::call_once{{vtable.shim}}
   7: std::sys::thread::unix::Thread::new::thread_start
   8: <unknown>)
default	16:19:46.104049-0800	Runner	flutter: [2026-02-28T16:19:46.103889] pushAudioFrame failed: AnyhowException(sender is not active; call start_sankaku_sender first

Stack backtrace:
   0: std::backtrace::Backtrace::create
   1: std::backtrace::Backtrace::capture
   2: rust_lib_nomikai::api::simple::push_audio_frame
   3: flutter_rust_bridge::misc::panic_backtrace::PanicBacktrace::catch_unwind
   4: <F as threadpool::FnBox>::call_box
   5: std::sys::backtrace::__rust_begin_short_backtrace
   6: core::ops::function::FnOnce::call_once{{vtable.shim}}
   7: std::sys::thread::unix::Thread::new::thread_start
   8: <unknown>)
default	16:19:46.123843-0800	Runner	flutter: DEBUG: Dart received VIDEO chunk: 10479 bytes (Keyframe: false, pts_us=476414273490, codec=0x01)
default	16:19:46.123934-0800	Runner	flutter: [2026-02-28T16:19:46.123769] DEBUG: Dart received VIDEO chunk: 10479 bytes (Keyframe: false, pts_us=476414273490, codec=0x01)
default	16:19:46.124726-0800	Runner	flutter: DEBUG: Dart received AUDIO chunk: 102 bytes (pts_us=476414290708, frames_per_packet=960, codec=0x03)
default	16:19:46.124749-0800	Runner	flutter: [2026-02-28T16:19:46.124468] DEBUG: Dart received AUDIO chunk: 102 bytes (pts_us=476414290708, frames_per_packet=960, codec=0x03)
default	16:19:46.125082-0800	Runner	flutter: pushVideoFrame failed: AnyhowException(sender is not active; call start_sankaku_sender first

Stack backtrace:
   0: std::backtrace::Backtrace::create
   1: std::backtrace::Backtrace::capture
   2: rust_lib_nomikai::api::simple::push_video_frame
   3: flutter_rust_bridge::misc::panic_backtrace::PanicBacktrace::catch_unwind
   4: <F as threadpool::FnBox>::call_box
   5: std::sys::backtrace::__rust_begin_short_backtrace
   6: core::ops::function::FnOnce::call_once{{vtable.shim}}
   7: std::sys::thread::unix::Thread::new::thread_start
   8: <unknown>)
default	16:19:46.125147-0800	Runner	flutter: [2026-02-28T16:19:46.124921] pushVideoFrame failed: AnyhowException(sender is not active; call start_sankaku_sender first

Stack backtrace:
   0: std::backtrace::Backtrace::create
   1: std::backtrace::Backtrace::capture
   2: rust_lib_nomikai::api::simple::push_video_frame
   3: flutter_rust_bridge::misc::panic_backtrace::PanicBacktrace::catch_unwind
   4: <F as threadpool::FnBox>::call_box
   5: std::sys::backtrace::__rust_begin_short_backtrace
   6: core::ops::function::FnOnce::call_once{{vtable.shim}}
   7: std::sys::thread::unix::Thread::new::thread_start
   8: <unknown>)
default	16:19:46.125473-0800	Runner	flutter: pushAudioFrame failed: AnyhowException(sender is not active; call start_sankaku_sender first

Stack backtrace:
   0: std::backtrace::Backtrace::create
   1: std::backtrace::Backtrace::capture
   2: rust_lib_nomikai::api::simple::push_audio_frame
   3: flutter_rust_bridge::misc::panic_backtrace::PanicBacktrace::catch_unwind
   4: <F as threadpool::FnBox>::call_box
   5: std::sys::backtrace::__rust_begin_short_backtrace
   6: core::ops::function::FnOnce::call_once{{vtable.shim}}
   7: std::sys::thread::unix::Thread::new::thread_start
   8: <unknown>)
default	16:19:46.125492-0800	Runner	flutter: [2026-02-28T16:19:46.125270] pushAudioFrame failed: AnyhowException(sender is not active; call start_sankaku_sender first

Stack backtrace:
   0: std::backtrace::Backtrace::create
   1: std::backtrace::Backtrace::capture
   2: rust_lib_nomikai::api::simple::push_audio_frame
   3: flutter_rust_bridge::misc::panic_backtrace::PanicBacktrace::catch_unwind
   4: <F as threadpool::FnBox>::call_box
   5: std::sys::backtrace::__rust_begin_short_backtrace
   6: core::ops::function::FnOnce::call_once{{vtable.shim}}
   7: std::sys::thread::unix::Thread::new::thread_start
   8: <unknown>)
default	16:19:46.158677-0800	Runner	flutter: DEBUG: Dart received AUDIO chunk: 100 bytes (pts_us=476414313708, frames_per_packet=960, codec=0x03)
default	16:19:46.158773-0800	Runner	flutter: [2026-02-28T16:19:46.149086] DEBUG: Dart received AUDIO chunk: 100 bytes (pts_us=476414313708, frames_per_packet=960, codec=0x03)
default	16:19:46.159650-0800	Runner	flutter: pushAudioFrame failed: AnyhowException(sender is not active; call start_sankaku_sender first

Stack backtrace:
   0: std::backtrace::Backtrace::create
   1: std::backtrace::Backtrace::capture
   2: rust_lib_nomikai::api::simple::push_audio_frame
   3: flutter_rust_bridge::misc::panic_backtrace::PanicBacktrace::catch_unwind
   4: <F as threadpool::FnBox>::call_box
   5: std::sys::backtrace::__rust_begin_short_backtrace
   6: core::ops::function::FnOnce::call_once{{vtable.shim}}
   7: std::sys::thread::unix::Thread::new::thread_start
   8: <unknown>)
default	16:19:46.159672-0800	Runner	flutter: [2026-02-28T16:19:46.158965] pushAudioFrame failed: AnyhowException(sender is not active; call start_sankaku_sender first

Stack backtrace:
   0: std::backtrace::Backtrace::create
   1: std::backtrace::Backtrace::capture
   2: rust_lib_nomikai::api::simple::push_audio_frame
   3: flutter_rust_bridge::misc::panic_backtrace::PanicBacktrace::catch_unwind
   4: <F as threadpool::FnBox>::call_box
   5: std::sys::backtrace::__rust_begin_short_backtrace
   6: core::ops::function::FnOnce::call_once{{vtable.shim}}
   7: std::sys::thread::unix::Thread::new::thread_start
   8: <unknown>)
default	16:19:46.167103-0800	Runner	flutter: DEBUG: Dart received VIDEO chunk: 9681 bytes (Keyframe: false, pts_us=476414306820, codec=0x01)
default	16:19:46.167210-0800	Runner	flutter: [2026-02-28T16:19:46.166967] DEBUG: Dart received VIDEO chunk: 9681 bytes (Keyframe: false, pts_us=476414306820, codec=0x01)
default	16:19:46.168411-0800	Runner	flutter: pushVideoFrame failed: AnyhowException(sender is not active; call start_sankaku_sender first

Stack backtrace:
   0: std::backtrace::Backtrace::create
   1: std::backtrace::Backtrace::capture
   2: rust_lib_nomikai::api::simple::push_video_frame
   3: flutter_rust_bridge::misc::panic_backtrace::PanicBacktrace::catch_unwind
   4: <F as threadpool::FnBox>::call_box
   5: std::sys::backtrace::__rust_begin_short_backtrace
   6: core::ops::function::FnOnce::call_once{{vtable.shim}}
   7: std::sys::thread::unix::Thread::new::thread_start
   8: <unknown>)
default	16:19:46.168508-0800	Runner	flutter: [2026-02-28T16:19:46.168080] pushVideoFrame failed: AnyhowException(sender is not active; call start_sankaku_sender first

Stack backtrace:
   0: std::backtrace::Backtrace::create
   1: std::backtrace::Backtrace::capture
   2: rust_lib_nomikai::api::simple::push_video_frame
   3: flutter_rust_bridge::misc::panic_backtrace::PanicBacktrace::catch_unwind
   4: <F as threadpool::FnBox>::call_box
   5: std::sys::backtrace::__rust_begin_short_backtrace
   6: core::ops::function::FnOnce::call_once{{vtable.shim}}
   7: std::sys::thread::unix::Thread::new::thread_start
   8: <unknown>)
default	16:19:46.171447-0800	Runner	flutter: DEBUG: Dart received AUDIO chunk: 100 bytes (pts_us=476414336708, frames_per_packet=960, codec=0x03)
default	16:19:46.171495-0800	Runner	flutter: [2026-02-28T16:19:46.171300] DEBUG: Dart received AUDIO chunk: 100 bytes (pts_us=476414336708, frames_per_packet=960, codec=0x03)
default	16:19:46.172514-0800	Runner	flutter: pushAudioFrame failed: AnyhowException(sender is not active; call start_sankaku_sender first

Stack backtrace:
   0: std::backtrace::Backtrace::create
   1: std::backtrace::Backtrace::capture
   2: rust_lib_nomikai::api::simple::push_audio_frame
   3: flutter_rust_bridge::misc::panic_backtrace::PanicBacktrace::catch_unwind
   4: <F as threadpool::FnBox>::call_box
   5: std::sys::backtrace::__rust_begin_short_backtrace
   6: core::ops::function::FnOnce::call_once{{vtable.shim}}
   7: std::sys::thread::unix::Thread::new::thread_start
   8: <unknown>)
default	16:19:46.172591-0800	Runner	flutter: [2026-02-28T16:19:46.172328] pushAudioFrame failed: AnyhowException(sender is not active; call start_sankaku_sender first

Stack backtrace:
   0: std::backtrace::Backtrace::create
   1: std::backtrace::Backtrace::capture
   2: rust_lib_nomikai::api::simple::push_audio_frame
   3: flutter_rust_bridge::misc::panic_backtrace::PanicBacktrace::catch_unwind
   4: <F as threadpool::FnBox>::call_box
   5: std::sys::backtrace::__rust_begin_short_backtrace
   6: core::ops::function::FnOnce::call_once{{vtable.shim}}
   7: std::sys::thread::unix::Thread::new::thread_start
   8: <unknown>)
default	16:19:46.191775-0800	Runner	flutter: DEBUG: Dart received VIDEO chunk: 7767 bytes (Keyframe: false, pts_us=476414340147, codec=0x01)
default	16:19:46.191833-0800	Runner	flutter: [2026-02-28T16:19:46.191601] DEBUG: Dart received VIDEO chunk: 7767 bytes (Keyframe: false, pts_us=476414340147, codec=0x01)
default	16:19:46.193068-0800	Runner	flutter: pushVideoFrame failed: AnyhowException(sender is not active; call start_sankaku_sender first

Stack backtrace:
   0: std::backtrace::Backtrace::create
   1: std::backtrace::Backtrace::capture
   2: rust_lib_nomikai::api::simple::push_video_frame
   3: flutter_rust_bridge::misc::panic_backtrace::PanicBacktrace::catch_unwind
   4: <F as threadpool::FnBox>::call_box
   5: std::sys::backtrace::__rust_begin_short_backtrace
   6: core::ops::function::FnOnce::call_once{{vtable.shim}}
   7: std::sys::thread::unix::Thread::new::thread_start
   8: <unknown>)
default	16:19:46.193120-0800	Runner	flutter: [2026-02-28T16:19:46.192889] pushVideoFrame failed: AnyhowException(sender is not active; call start_sankaku_sender first

Stack backtrace:
   0: std::backtrace::Backtrace::create
   1: std::backtrace::Backtrace::capture
   2: rust_lib_nomikai::api::simple::push_video_frame
   3: flutter_rust_bridge::misc::panic_backtrace::PanicBacktrace::catch_unwind
   4: <F as threadpool::FnBox>::call_box
   5: std::sys::backtrace::__rust_begin_short_backtrace
   6: core::ops::function::FnOnce::call_once{{vtable.shim}}
   7: std::sys::thread::unix::Thread::new::thread_start
   8: <unknown>)
default	16:19:46.193783-0800	Runner	flutter: DEBUG: Dart received AUDIO chunk: 104 bytes (pts_us=476414359708, frames_per_packet=960, codec=0x03)
default	16:19:46.193819-0800	Runner	flutter: [2026-02-28T16:19:46.193666] DEBUG: Dart received AUDIO chunk: 104 bytes (pts_us=476414359708, frames_per_packet=960, codec=0x03)
default	16:19:46.195113-0800	Runner	flutter: pushAudioFrame failed: AnyhowException(sender is not active; call start_sankaku_sender first

Stack backtrace:
   0: std::backtrace::Backtrace::create
   1: std::backtrace::Backtrace::capture
   2: rust_lib_nomikai::api::simple::push_audio_frame
   3: flutter_rust_bridge::misc::panic_backtrace::PanicBacktrace::catch_unwind
   4: <F as threadpool::FnBox>::call_box
   5: std::sys::backtrace::__rust_begin_short_backtrace
   6: core::ops::function::FnOnce::call_once{{vtable.shim}}
   7: std::sys::thread::unix::Thread::new::thread_start
   8: <unknown>)
default	16:19:46.195173-0800	Runner	flutter: [2026-02-28T16:19:46.194785] pushAudioFrame failed: AnyhowException(sender is not active; call start_sankaku_sender first

Stack backtrace:
   0: std::backtrace::Backtrace::create
   1: std::backtrace::Backtrace::capture
   2: rust_lib_nomikai::api::simple::push_audio_frame
   3: flutter_rust_bridge::misc::panic_backtrace::PanicBacktrace::catch_unwind
   4: <F as threadpool::FnBox>::call_box
   5: std::sys::backtrace::__rust_begin_short_backtrace
   6: core::ops::function::FnOnce::call_once{{vtable.shim}}
   7: std::sys::thread::unix::Thread::new::thread_start
   8: <unknown>)
default	16:19:46.218317-0800	Runner	flutter: DEBUG: Dart received AUDIO chunk: 97 bytes (pts_us=476414382708, frames_per_packet=960, codec=0x03)
default	16:19:46.218352-0800	Runner	flutter: [2026-02-28T16:19:46.218112] DEBUG: Dart received AUDIO chunk: 97 bytes (pts_us=476414382708, frames_per_packet=960, codec=0x03)
default	16:19:46.219445-0800	Runner	flutter: pushAudioFrame failed: AnyhowException(sender is not active; call start_sankaku_sender first

Stack backtrace:
   0: std::backtrace::Backtrace::create
   1: std::backtrace::Backtrace::capture
   2: rust_lib_nomikai::api::simple::push_audio_frame
   3: flutter_rust_bridge::misc::panic_backtrace::PanicBacktrace::catch_unwind
   4: <F as threadpool::FnBox>::call_box
   5: std::sys::backtrace::__rust_begin_short_backtrace
   6: core::ops::function::FnOnce::call_once{{vtable.shim}}
   7: std::sys::thread::unix::Thread::new::thread_start
   8: <unknown>)
default	16:19:46.219499-0800	Runner	flutter: [2026-02-28T16:19:46.219310] pushAudioFrame failed: AnyhowException(sender is not active; call start_sankaku_sender first

Stack backtrace:
   0: std::backtrace::Backtrace::create
   1: std::backtrace::Backtrace::capture
   2: rust_lib_nomikai::api::simple::push_audio_frame
   3: flutter_rust_bridge::misc::panic_backtrace::PanicBacktrace::catch_unwind
   4: <F as threadpool::FnBox>::call_box
   5: std::sys::backtrace::__rust_begin_short_backtrace
   6: core::ops::function::FnOnce::call_once{{vtable.shim}}
   7: std::sys::thread::unix::Thread::new::thread_start
   8: <unknown>)
default	16:19:46.225892-0800	Runner	flutter: DEBUG: Dart received VIDEO chunk: 9203 bytes (Keyframe: false, pts_us=476414373495, codec=0x01)
default	16:19:46.225950-0800	Runner	flutter: [2026-02-28T16:19:46.225747] DEBUG: Dart received VIDEO chunk: 9203 bytes (Keyframe: false, pts_us=476414373495, codec=0x01)
default	16:19:46.227108-0800	Runner	flutter: pushVideoFrame failed: AnyhowException(sender is not active; call start_sankaku_sender first

Stack backtrace:
   0: std::backtrace::Backtrace::create
   1: std::backtrace::Backtrace::capture
   2: rust_lib_nomikai::api::simple::push_video_frame
   3: flutter_rust_bridge::misc::panic_backtrace::PanicBacktrace::catch_unwind
   4: <F as threadpool::FnBox>::call_box
   5: std::sys::backtrace::__rust_begin_short_backtrace
   6: core::ops::function::FnOnce::call_once{{vtable.shim}}
   7: std::sys::thread::unix::Thread::new::thread_start
   8: <unknown>)
default	16:19:46.227159-0800	Runner	flutter: [2026-02-28T16:19:46.226932] pushVideoFrame failed: AnyhowException(sender is not active; call start_sankaku_sender first

Stack backtrace:
   0: std::backtrace::Backtrace::create
   1: std::backtrace::Backtrace::capture
   2: rust_lib_nomikai::api::simple::push_video_frame
   3: flutter_rust_bridge::misc::panic_backtrace::PanicBacktrace::catch_unwind
   4: <F as threadpool::FnBox>::call_box
   5: std::sys::backtrace::__rust_begin_short_backtrace
   6: core::ops::function::FnOnce::call_once{{vtable.shim}}
   7: std::sys::thread::unix::Thread::new::thread_start
   8: <unknown>)
default	16:19:46.240959-0800	Runner	flutter: DEBUG: Dart received AUDIO chunk: 101 bytes (pts_us=476414405708, frames_per_packet=960, codec=0x03)
default	16:19:46.241432-0800	Runner	flutter: [2026-02-28T16:19:46.240791] DEBUG: Dart received AUDIO chunk: 101 bytes (pts_us=476414405708, frames_per_packet=960, codec=0x03)
default	16:19:46.243221-0800	Runner	flutter: pushAudioFrame failed: AnyhowException(sender is not active; call start_sankaku_sender first

Stack backtrace:
   0: std::backtrace::Backtrace::create
   1: std::backtrace::Backtrace::capture
   2: rust_lib_nomikai::api::simple::push_audio_frame
   3: flutter_rust_bridge::misc::panic_backtrace::PanicBacktrace::catch_unwind
   4: <F as threadpool::FnBox>::call_box
   5: std::sys::backtrace::__rust_begin_short_backtrace
   6: core::ops::function::FnOnce::call_once{{vtable.shim}}
   7: std::sys::thread::unix::Thread::new::thread_start
   8: <unknown>)
default	16:19:46.243279-0800	Runner	flutter: [2026-02-28T16:19:46.243042] pushAudioFrame failed: AnyhowException(sender is not active; call start_sankaku_sender first

Stack backtrace:
   0: std::backtrace::Backtrace::create
   1: std::backtrace::Backtrace::capture
   2: rust_lib_nomikai::api::simple::push_audio_frame
   3: flutter_rust_bridge::misc::panic_backtrace::PanicBacktrace::catch_unwind
   4: <F as threadpool::FnBox>::call_box
   5: std::sys::backtrace::__rust_begin_short_backtrace
   6: core::ops::function::FnOnce::call_once{{vtable.shim}}
   7: std::sys::thread::unix::Thread::new::thread_start
   8: <unknown>)
default	16:19:46.256570-0800	Runner	flutter: DEBUG: Dart received VIDEO chunk: 10696 bytes (Keyframe: false, pts_us=476414406824, codec=0x01)
default	16:19:46.256586-0800	Runner	flutter: [2026-02-28T16:19:46.255940] DEBUG: Dart received VIDEO chunk: 10696 bytes (Keyframe: false, pts_us=476414406824, codec=0x01)
default	16:19:46.260016-0800	Runner	flutter: pushVideoFrame failed: AnyhowException(sender is not active; call start_sankaku_sender first

Stack backtrace:
   0: std::backtrace::Backtrace::create
   1: std::backtrace::Backtrace::capture
   2: rust_lib_nomikai::api::simple::push_video_frame
   3: flutter_rust_bridge::misc::panic_backtrace::PanicBacktrace::catch_unwind
   4: <F as threadpool::FnBox>::call_box
   5: std::sys::backtrace::__rust_begin_short_backtrace
   6: core::ops::function::FnOnce::call_once{{vtable.shim}}
   7: std::sys::thread::unix::Thread::new::thread_start
   8: <unknown>)
default	16:19:46.260085-0800	Runner	flutter: [2026-02-28T16:19:46.259293] pushVideoFrame failed: AnyhowException(sender is not active; call start_sankaku_sender first

Stack backtrace:
   0: std::backtrace::Backtrace::create
   1: std::backtrace::Backtrace::capture
   2: rust_lib_nomikai::api::simple::push_video_frame
   3: flutter_rust_bridge::misc::panic_backtrace::PanicBacktrace::catch_unwind
   4: <F as threadpool::FnBox>::call_box
   5: std::sys::backtrace::__rust_begin_short_backtrace
   6: core::ops::function::FnOnce::call_once{{vtable.shim}}
   7: std::sys::thread::unix::Thread::new::thread_start
   8: <unknown>)
default	16:19:46.263804-0800	Runner	<private>
default	16:19:46.264194-0800	Runner	flutter: DEBUG: Dart received AUDIO chunk: 102 bytes (pts_us=476414428708, frames_per_packet=960, codec=0x03)
default	16:19:46.264386-0800	Runner	flutter: [2026-02-28T16:19:46.263990] DEBUG: Dart received AUDIO chunk: 102 bytes (pts_us=476414428708, frames_per_packet=960, codec=0x03)
default	16:19:46.264590-0800	Runner	flutter: DEBUG: Dart received AUDIO chunk: 102 bytes (pts_us=476414448708, frames_per_packet=960, codec=0x03)
default	16:19:46.264611-0800	Runner	flutter: [2026-02-28T16:19:46.264282] DEBUG: Dart received AUDIO chunk: 102 bytes (pts_us=476414448708, frames_per_packet=960, codec=0x03)
default	16:19:46.265260-0800	Runner	flutter: pushAudioFrame failed: AnyhowException(sender is not active; call start_sankaku_sender first

Stack backtrace:
   0: std::backtrace::Backtrace::create
   1: std::backtrace::Backtrace::capture
   2: rust_lib_nomikai::api::simple::push_audio_frame
   3: flutter_rust_bridge::misc::panic_backtrace::PanicBacktrace::catch_unwind
   4: <F as threadpool::FnBox>::call_box
   5: std::sys::backtrace::__rust_begin_short_backtrace
   6: core::ops::function::FnOnce::call_once{{vtable.shim}}
   7: std::sys::thread::unix::Thread::new::thread_start
   8: <unknown>)
default	16:19:46.265295-0800	Runner	flutter: [2026-02-28T16:19:46.265124] pushAudioFrame failed: AnyhowException(sender is not active; call start_sankaku_sender first

Stack backtrace:
   0: std::backtrace::Backtrace::create
   1: std::backtrace::Backtrace::capture
   2: rust_lib_nomikai::api::simple::push_audio_frame
   3: flutter_rust_bridge::misc::panic_backtrace::PanicBacktrace::catch_unwind
   4: <F as threadpool::FnBox>::call_box
   5: std::sys::backtrace::__rust_begin_short_backtrace
   6: core::ops::function::FnOnce::call_once{{vtable.shim}}
   7: std::sys::thread::unix::Thread::new::thread_start
   8: <unknown>)
default	16:19:46.267807-0800	Runner	flutter: pushAudioFrame failed: AnyhowException(sender is not active; call start_sankaku_sender first

Stack backtrace:
   0: std::backtrace::Backtrace::create
   1: std::backtrace::Backtrace::capture
   2: rust_lib_nomikai::api::simple::push_audio_frame
   3: flutter_rust_bridge::misc::panic_backtrace::PanicBacktrace::catch_unwind
   4: <F as threadpool::FnBox>::call_box
   5: std::sys::backtrace::__rust_begin_short_backtrace
   6: core::ops::function::FnOnce::call_once{{vtable.shim}}
   7: std::sys::thread::unix::Thread::new::thread_start
   8: <unknown>)
default	16:19:46.267874-0800	Runner	flutter: [2026-02-28T16:19:46.267631] pushAudioFrame failed: AnyhowException(sender is not active; call start_sankaku_sender first

Stack backtrace:
   0: std::backtrace::Backtrace::create
   1: std::backtrace::Backtrace::capture
   2: rust_lib_nomikai::api::simple::push_audio_frame
   3: flutter_rust_bridge::misc::panic_backtrace::PanicBacktrace::catch_unwind
   4: <F as threadpool::FnBox>::call_box
   5: std::sys::backtrace::__rust_begin_short_backtrace
   6: core::ops::function::FnOnce::call_once{{vtable.shim}}
   7: std::sys::thread::unix::Thread::new::thread_start
   8: <unknown>)
default	16:19:46.285465-0800	Runner	flutter: DEBUG: Dart received AUDIO chunk: 102 bytes (pts_us=476414451708, frames_per_packet=960, codec=0x03)
default	16:19:46.285564-0800	Runner	flutter: [2026-02-28T16:19:46.285326] DEBUG: Dart received AUDIO chunk: 102 bytes (pts_us=476414451708, frames_per_packet=960, codec=0x03)
default	16:19:46.286391-0800	Runner	flutter: pushAudioFrame failed: AnyhowException(sender is not active; call start_sankaku_sender first

Stack backtrace:
   0: std::backtrace::Backtrace::create
   1: std::backtrace::Backtrace::capture
   2: rust_lib_nomikai::api::simple::push_audio_frame
   3: flutter_rust_bridge::misc::panic_backtrace::PanicBacktrace::catch_unwind
   4: <F as threadpool::FnBox>::call_box
   5: std::sys::backtrace::__rust_begin_short_backtrace
   6: core::ops::function::FnOnce::call_once{{vtable.shim}}
   7: std::sys::thread::unix::Thread::new::thread_start
   8: <unknown>)
default	16:19:46.286427-0800	Runner	flutter: [2026-02-28T16:19:46.286282] pushAudioFrame failed: AnyhowException(sender is not active; call start_sankaku_sender first

Stack backtrace:
   0: std::backtrace::Backtrace::create
   1: std::backtrace::Backtrace::capture
   2: rust_lib_nomikai::api::simple::push_audio_frame
   3: flutter_rust_bridge::misc::panic_backtrace::PanicBacktrace::catch_unwind
   4: <F as threadpool::FnBox>::call_box
   5: std::sys::backtrace::__rust_begin_short_backtrace
   6: core::ops::function::FnOnce::call_once{{vtable.shim}}
   7: std::sys::thread::unix::Thread::new::thread_start
   8: <unknown>)
default	16:19:46.289171-0800	Runner	flutter: DEBUG: Dart received VIDEO chunk: 11955 bytes (Keyframe: false, pts_us=476414440149, codec=0x01)
default	16:19:46.289185-0800	Runner	flutter: [2026-02-28T16:19:46.288624] DEBUG: Dart received VIDEO chunk: 11955 bytes (Keyframe: false, pts_us=476414440149, codec=0x01)
default	16:19:46.289638-0800	Runner	flutter: pushVideoFrame failed: AnyhowException(sender is not active; call start_sankaku_sender first

Stack backtrace:
   0: std::backtrace::Backtrace::create
   1: std::backtrace::Backtrace::capture
   2: rust_lib_nomikai::api::simple::push_video_frame
   3: flutter_rust_bridge::misc::panic_backtrace::PanicBacktrace::catch_unwind
   4: <F as threadpool::FnBox>::call_box
   5: std::sys::backtrace::__rust_begin_short_backtrace
   6: core::ops::function::FnOnce::call_once{{vtable.shim}}
   7: std::sys::thread::unix::Thread::new::thread_start
   8: <unknown>)
default	16:19:46.289665-0800	Runner	flutter: [2026-02-28T16:19:46.289511] pushVideoFrame failed: AnyhowException(sender is not active; call start_sankaku_sender first

Stack backtrace:
   0: std::backtrace::Backtrace::create
   1: std::backtrace::Backtrace::capture
   2: rust_lib_nomikai::api::simple::push_video_frame
   3: flutter_rust_bridge::misc::panic_backtrace::PanicBacktrace::catch_unwind
   4: <F as threadpool::FnBox>::call_box
   5: std::sys::backtrace::__rust_begin_short_backtrace
   6: core::ops::function::FnOnce::call_once{{vtable.shim}}
   7: std::sys::thread::unix::Thread::new::thread_start
   8: <unknown>)
default	16:19:46.308641-0800	Runner	flutter: DEBUG: Dart received AUDIO chunk: 102 bytes (pts_us=476414474708, frames_per_packet=960, codec=0x03)
default	16:19:46.308698-0800	Runner	flutter: [2026-02-28T16:19:46.308505] DEBUG: Dart received AUDIO chunk: 102 bytes (pts_us=476414474708, frames_per_packet=960, codec=0x03)
default	16:19:46.310030-0800	Runner	flutter: pushAudioFrame failed: AnyhowException(sender is not active; call start_sankaku_sender first

Stack backtrace:
   0: std::backtrace::Backtrace::create
   1: std::backtrace::Backtrace::capture
   2: rust_lib_nomikai::api::simple::push_audio_frame
   3: flutter_rust_bridge::misc::panic_backtrace::PanicBacktrace::catch_unwind
   4: <F as threadpool::FnBox>::call_box
   5: std::sys::backtrace::__rust_begin_short_backtrace
   6: core::ops::function::FnOnce::call_once{{vtable.shim}}
   7: std::sys::thread::unix::Thread::new::thread_start
   8: <unknown>)
default	16:19:46.310046-0800	Runner	flutter: [2026-02-28T16:19:46.309909] pushAudioFrame failed: AnyhowException(sender is not active; call start_sankaku_sender first

Stack backtrace:
   0: std::backtrace::Backtrace::create
   1: std::backtrace::Backtrace::capture
   2: rust_lib_nomikai::api::simple::push_audio_frame
   3: flutter_rust_bridge::misc::panic_backtrace::PanicBacktrace::catch_unwind
   4: <F as threadpool::FnBox>::call_box
   5: std::sys::backtrace::__rust_begin_short_backtrace
   6: core::ops::function::FnOnce::call_once{{vtable.shim}}
   7: std::sys::thread::unix::Thread::new::thread_start
   8: <unknown>)
default	16:19:46.325998-0800	Runner	flutter: DEBUG: Dart received VIDEO chunk: 12661 bytes (Keyframe: false, pts_us=476414473464, codec=0x01)
default	16:19:46.326029-0800	Runner	flutter: [2026-02-28T16:19:46.321558] DEBUG: Dart received VIDEO chunk: 12661 bytes (Keyframe: false, pts_us=476414473464, codec=0x01)
default	16:19:46.326560-0800	Runner	flutter: pushVideoFrame failed: AnyhowException(sender is not active; call start_sankaku_sender first

Stack backtrace:
   0: std::backtrace::Backtrace::create
   1: std::backtrace::Backtrace::capture
   2: rust_lib_nomikai::api::simple::push_video_frame
   3: flutter_rust_bridge::misc::panic_backtrace::PanicBacktrace::catch_unwind
   4: <F as threadpool::FnBox>::call_box
   5: std::sys::backtrace::__rust_begin_short_backtrace
   6: core::ops::function::FnOnce::call_once{{vtable.shim}}
   7: std::sys::thread::unix::Thread::new::thread_start
   8: <unknown>)
default	16:19:46.326622-0800	Runner	flutter: [2026-02-28T16:19:46.325940] pushVideoFrame failed: AnyhowException(sender is not active; call start_sankaku_sender first

Stack backtrace:
   0: std::backtrace::Backtrace::create
   1: std::backtrace::Backtrace::capture
   2: rust_lib_nomikai::api::simple::push_video_frame
   3: flutter_rust_bridge::misc::panic_backtrace::PanicBacktrace::catch_unwind
   4: <F as threadpool::FnBox>::call_box
   5: std::sys::backtrace::__rust_begin_short_backtrace
   6: core::ops::function::FnOnce::call_once{{vtable.shim}}
   7: std::sys::thread::unix::Thread::new::thread_start
   8: <unknown>)
default	16:19:46.332362-0800	Runner	flutter: DEBUG: Dart received AUDIO chunk: 103 bytes (pts_us=476414497708, frames_per_packet=960, codec=0x03)
default	16:19:46.332479-0800	Runner	flutter: [2026-02-28T16:19:46.332285] DEBUG: Dart received AUDIO chunk: 103 bytes (pts_us=476414497708, frames_per_packet=960, codec=0x03)
default	16:19:46.335273-0800	Runner	flutter: pushAudioFrame failed: AnyhowException(sender is not active; call start_sankaku_sender first

Stack backtrace:
   0: std::backtrace::Backtrace::create
   1: std::backtrace::Backtrace::capture
   2: rust_lib_nomikai::api::simple::push_audio_frame
   3: flutter_rust_bridge::misc::panic_backtrace::PanicBacktrace::catch_unwind
   4: <F as threadpool::FnBox>::call_box
   5: std::sys::backtrace::__rust_begin_short_backtrace
   6: core::ops::function::FnOnce::call_once{{vtable.shim}}
   7: std::sys::thread::unix::Thread::new::thread_start
   8: <unknown>)
default	16:19:46.335338-0800	Runner	flutter: [2026-02-28T16:19:46.334470] pushAudioFrame failed: AnyhowException(sender is not active; call start_sankaku_sender first

Stack backtrace:
   0: std::backtrace::Backtrace::create
   1: std::backtrace::Backtrace::capture
   2: rust_lib_nomikai::api::simple::push_audio_frame
   3: flutter_rust_bridge::misc::panic_backtrace::PanicBacktrace::catch_unwind
   4: <F as threadpool::FnBox>::call_box
   5: std::sys::backtrace::__rust_begin_short_backtrace
   6: core::ops::function::FnOnce::call_once{{vtable.shim}}
   7: std::sys::thread::unix::Thread::new::thread_start
   8: <unknown>)
default	16:19:46.354275-0800	Runner	flutter: DEBUG: Dart received VIDEO chunk: 13244 bytes (Keyframe: false, pts_us=476414506808, codec=0x01)
default	16:19:46.354304-0800	Runner	flutter: [2026-02-28T16:19:46.354166] DEBUG: Dart received VIDEO chunk: 13244 bytes (Keyframe: false, pts_us=476414506808, codec=0x01)
default	16:19:46.354778-0800	Runner	flutter: DEBUG: Dart received AUDIO chunk: 101 bytes (pts_us=476414520708, frames_per_packet=960, codec=0x03)
default	16:19:46.354794-0800	Runner	flutter: [2026-02-28T16:19:46.354627] DEBUG: Dart received AUDIO chunk: 101 bytes (pts_us=476414520708, frames_per_packet=960, codec=0x03)
default	16:19:46.355230-0800	Runner	flutter: pushVideoFrame failed: AnyhowException(sender is not active; call start_sankaku_sender first

Stack backtrace:
   0: std::backtrace::Backtrace::create
   1: std::backtrace::Backtrace::capture
   2: rust_lib_nomikai::api::simple::push_video_frame
   3: flutter_rust_bridge::misc::panic_backtrace::PanicBacktrace::catch_unwind
   4: <F as threadpool::FnBox>::call_box
   5: std::sys::backtrace::__rust_begin_short_backtrace
   6: core::ops::function::FnOnce::call_once{{vtable.shim}}
   7: std::sys::thread::unix::Thread::new::thread_start
   8: <unknown>)
default	16:19:46.355269-0800	Runner	flutter: [2026-02-28T16:19:46.355133] pushVideoFrame failed: AnyhowException(sender is not active; call start_sankaku_sender first

Stack backtrace:
   0: std::backtrace::Backtrace::create
   1: std::backtrace::Backtrace::capture
   2: rust_lib_nomikai::api::simple::push_video_frame
   3: flutter_rust_bridge::misc::panic_backtrace::PanicBacktrace::catch_unwind
   4: <F as threadpool::FnBox>::call_box
   5: std::sys::backtrace::__rust_begin_short_backtrace
   6: core::ops::function::FnOnce::call_once{{vtable.shim}}
   7: std::sys::thread::unix::Thread::new::thread_start
   8: <unknown>)
default	16:19:46.355473-0800	Runner	flutter: pushAudioFrame failed: AnyhowException(sender is not active; call start_sankaku_sender first

Stack backtrace:
   0: std::backtrace::Backtrace::create
   1: std::backtrace::Backtrace::capture
   2: rust_lib_nomikai::api::simple::push_audio_frame
   3: flutter_rust_bridge::misc::panic_backtrace::PanicBacktrace::catch_unwind
   4: <F as threadpool::FnBox>::call_box
   5: std::sys::backtrace::__rust_begin_short_backtrace
   6: core::ops::function::FnOnce::call_once{{vtable.shim}}
   7: std::sys::thread::unix::Thread::new::thread_start
   8: <unknown>)
default	16:19:46.355498-0800	Runner	flutter: [2026-02-28T16:19:46.355299] pushAudioFrame failed: AnyhowException(sender is not active; call start_sankaku_sender first

Stack backtrace:
   0: std::backtrace::Backtrace::create
   1: std::backtrace::Backtrace::capture
   2: rust_lib_nomikai::api::simple::push_audio_frame
   3: flutter_rust_bridge::misc::panic_backtrace::PanicBacktrace::catch_unwind
   4: <F as threadpool::FnBox>::call_box
   5: std::sys::backtrace::__rust_begin_short_backtrace
   6: core::ops::function::FnOnce::call_once{{vtable.shim}}
   7: std::sys::thread::unix::Thread::new::thread_start
   8: <unknown>)
default	16:19:46.377717-0800	Runner	flutter: DEBUG: Dart received AUDIO chunk: 101 bytes (pts_us=476414543708, frames_per_packet=960, codec=0x03)
default	16:19:46.377834-0800	Runner	flutter: [2026-02-28T16:19:46.377447] DEBUG: Dart received AUDIO chunk: 101 bytes (pts_us=476414543708, frames_per_packet=960, codec=0x03)
default	16:19:46.378700-0800	Runner	flutter: pushAudioFrame failed: AnyhowException(sender is not active; call start_sankaku_sender first

Stack backtrace:
   0: std::backtrace::Backtrace::create
   1: std::backtrace::Backtrace::capture
   2: rust_lib_nomikai::api::simple::push_audio_frame
   3: flutter_rust_bridge::misc::panic_backtrace::PanicBacktrace::catch_unwind
   4: <F as threadpool::FnBox>::call_box
   5: std::sys::backtrace::__rust_begin_short_backtrace
   6: core::ops::function::FnOnce::call_once{{vtable.shim}}
   7: std::sys::thread::unix::Thread::new::thread_start
   8: <unknown>)
default	16:19:46.378878-0800	Runner	flutter: [2026-02-28T16:19:46.378583] pushAudioFrame failed: AnyhowException(sender is not active; call start_sankaku_sender first

Stack backtrace:
   0: std::backtrace::Backtrace::create
   1: std::backtrace::Backtrace::capture
   2: rust_lib_nomikai::api::simple::push_audio_frame
   3: flutter_rust_bridge::misc::panic_backtrace::PanicBacktrace::catch_unwind
   4: <F as threadpool::FnBox>::call_box
   5: std::sys::backtrace::__rust_begin_short_backtrace
   6: core::ops::function::FnOnce::call_once{{vtable.shim}}
   7: std::sys::thread::unix::Thread::new::thread_start
   8: <unknown>)
default	16:19:46.387319-0800	Runner	flutter: DEBUG: Dart received VIDEO chunk: 14130 bytes (Keyframe: false, pts_us=476414540129, codec=0x01)
default	16:19:46.387367-0800	Runner	flutter: [2026-02-28T16:19:46.387149] DEBUG: Dart received VIDEO chunk: 14130 bytes (Keyframe: false, pts_us=476414540129, codec=0x01)
default	16:19:46.388999-0800	Runner	flutter: pushVideoFrame failed: AnyhowException(sender is not active; call start_sankaku_sender first

Stack backtrace:
   0: std::backtrace::Backtrace::create
   1: std::backtrace::Backtrace::capture
   2: rust_lib_nomikai::api::simple::push_video_frame
   3: flutter_rust_bridge::misc::panic_backtrace::PanicBacktrace::catch_unwind
   4: <F as threadpool::FnBox>::call_box
   5: std::sys::backtrace::__rust_begin_short_backtrace
   6: core::ops::function::FnOnce::call_once{{vtable.shim}}
   7: std::sys::thread::unix::Thread::new::thread_start
   8: <unknown>)
default	16:19:46.389074-0800	Runner	flutter: [2026-02-28T16:19:46.388808] pushVideoFrame failed: AnyhowException(sender is not active; call start_sankaku_sender first

Stack backtrace:
   0: std::backtrace::Backtrace::create
   1: std::backtrace::Backtrace::capture
   2: rust_lib_nomikai::api::simple::push_video_frame
   3: flutter_rust_bridge::misc::panic_backtrace::PanicBacktrace::catch_unwind
   4: <F as threadpool::FnBox>::call_box
   5: std::sys::backtrace::__rust_begin_short_backtrace
   6: core::ops::function::FnOnce::call_once{{vtable.shim}}
   7: std::sys::thread::unix::Thread::new::thread_start
   8: <unknown>)
default	16:19:46.400959-0800	Runner	<private>
default	16:19:46.401621-0800	Runner	flutter: DEBUG: Dart received AUDIO chunk: 102 bytes (pts_us=476414566708, frames_per_packet=960, codec=0x03)
default	16:19:46.401647-0800	Runner	flutter: [2026-02-28T16:19:46.401481] DEBUG: Dart received AUDIO chunk: 102 bytes (pts_us=476414566708, frames_per_packet=960, codec=0x03)
default	16:19:46.402086-0800	Runner	flutter: DEBUG: Dart received AUDIO chunk: 102 bytes (pts_us=476414586708, frames_per_packet=960, codec=0x03)
default	16:19:46.402107-0800	Runner	flutter: [2026-02-28T16:19:46.401678] DEBUG: Dart received AUDIO chunk: 102 bytes (pts_us=476414586708, frames_per_packet=960, codec=0x03)
default	16:19:46.404131-0800	Runner	flutter: pushAudioFrame failed: AnyhowException(sender is not active; call start_sankaku_sender first

Stack backtrace:
   0: std::backtrace::Backtrace::create
   1: std::backtrace::Backtrace::capture
   2: rust_lib_nomikai::api::simple::push_audio_frame
   3: flutter_rust_bridge::misc::panic_backtrace::PanicBacktrace::catch_unwind
   4: <F as threadpool::FnBox>::call_box
   5: std::sys::backtrace::__rust_begin_short_backtrace
   6: core::ops::function::FnOnce::call_once{{vtable.shim}}
   7: std::sys::thread::unix::Thread::new::thread_start
   8: <unknown>)
default	16:19:46.404335-0800	Runner	flutter: [2026-02-28T16:19:46.402469] pushAudioFrame failed: AnyhowException(sender is not active; call start_sankaku_sender first

Stack backtrace:
   0: std::backtrace::Backtrace::create
   1: std::backtrace::Backtrace::capture
   2: rust_lib_nomikai::api::simple::push_audio_frame
   3: flutter_rust_bridge::misc::panic_backtrace::PanicBacktrace::catch_unwind
   4: <F as threadpool::FnBox>::call_box
   5: std::sys::backtrace::__rust_begin_short_backtrace
   6: core::ops::function::FnOnce::call_once{{vtable.shim}}
   7: std::sys::thread::unix::Thread::new::thread_start
   8: <unknown>)
default	16:19:46.404515-0800	Runner	flutter: pushAudioFrame failed: AnyhowException(sender is not active; call start_sankaku_sender first

Stack backtrace:
   0: std::backtrace::Backtrace::create
   1: std::backtrace::Backtrace::capture
   2: rust_lib_nomikai::api::simple::push_audio_frame
   3: flutter_rust_bridge::misc::panic_backtrace::PanicBacktrace::catch_unwind
   4: <F as threadpool::FnBox>::call_box
   5: std::sys::backtrace::__rust_begin_short_backtrace
   6: core::ops::function::FnOnce::call_once{{vtable.shim}}
   7: std::sys::thread::unix::Thread::new::thread_start
   8: <unknown>)
default	16:19:46.404544-0800	Runner	flutter: [2026-02-28T16:19:46.403705] pushAudioFrame failed: AnyhowException(sender is not active; call start_sankaku_sender first

Stack backtrace:
   0: std::backtrace::Backtrace::create
   1: std::backtrace::Backtrace::capture
   2: rust_lib_nomikai::api::simple::push_audio_frame
   3: flutter_rust_bridge::misc::panic_backtrace::PanicBacktrace::catch_unwind
   4: <F as threadpool::FnBox>::call_box
   5: std::sys::backtrace::__rust_begin_short_backtrace
   6: core::ops::function::FnOnce::call_once{{vtable.shim}}
   7: std::sys::thread::unix::Thread::new::thread_start
   8: <unknown>)
default	16:19:46.422986-0800	Runner	flutter: DEBUG: Dart received VIDEO chunk: 13581 bytes (Keyframe: false, pts_us=476414573451, codec=0x01)
default	16:19:46.423122-0800	Runner	flutter: [2026-02-28T16:19:46.422887] DEBUG: Dart received VIDEO chunk: 13581 bytes (Keyframe: false, pts_us=476414573451, codec=0x01)
default	16:19:46.423752-0800	Runner	flutter: DEBUG: Dart received AUDIO chunk: 102 bytes (pts_us=476414589708, frames_per_packet=960, codec=0x03)
default	16:19:46.423768-0800	Runner	flutter: [2026-02-28T16:19:46.423615] DEBUG: Dart received AUDIO chunk: 102 bytes (pts_us=476414589708, frames_per_packet=960, codec=0x03)
default	16:19:46.425631-0800	Runner	flutter: pushVideoFrame failed: AnyhowException(sender is not active; call start_sankaku_sender first

Stack backtrace:
   0: std::backtrace::Backtrace::create
   1: std::backtrace::Backtrace::capture
   2: rust_lib_nomikai::api::simple::push_video_frame
   3: flutter_rust_bridge::misc::panic_backtrace::PanicBacktrace::catch_unwind
   4: <F as threadpool::FnBox>::call_box
   5: std::sys::backtrace::__rust_begin_short_backtrace
   6: core::ops::function::FnOnce::call_once{{vtable.shim}}
   7: std::sys::thread::unix::Thread::new::thread_start
   8: <unknown>)
default	16:19:46.425688-0800	Runner	flutter: [2026-02-28T16:19:46.425504] pushVideoFrame failed: AnyhowException(sender is not active; call start_sankaku_sender first

Stack backtrace:
   0: std::backtrace::Backtrace::create
   1: std::backtrace::Backtrace::capture
   2: rust_lib_nomikai::api::simple::push_video_frame
   3: flutter_rust_bridge::misc::panic_backtrace::PanicBacktrace::catch_unwind
   4: <F as threadpool::FnBox>::call_box
   5: std::sys::backtrace::__rust_begin_short_backtrace
   6: core::ops::function::FnOnce::call_once{{vtable.shim}}
   7: std::sys::thread::unix::Thread::new::thread_start
   8: <unknown>)
default	16:19:46.425776-0800	Runner	flutter: pushAudioFrame failed: AnyhowException(sender is not active; call start_sankaku_sender first

Stack backtrace:
   0: std::backtrace::Backtrace::create
   1: std::backtrace::Backtrace::capture
   2: rust_lib_nomikai::api::simple::push_audio_frame
   3: flutter_rust_bridge::misc::panic_backtrace::PanicBacktrace::catch_unwind
   4: <F as threadpool::FnBox>::call_box
   5: std::sys::backtrace::__rust_begin_short_backtrace
   6: core::ops::function::FnOnce::call_once{{vtable.shim}}
   7: std::sys::thread::unix::Thread::new::thread_start
   8: <unknown>)
default	16:19:46.425803-0800	Runner	flutter: [2026-02-28T16:19:46.425700] pushAudioFrame failed: AnyhowException(sender is not active; call start_sankaku_sender first

Stack backtrace:
   0: std::backtrace::Backtrace::create
   1: std::backtrace::Backtrace::capture
   2: rust_lib_nomikai::api::simple::push_audio_frame
   3: flutter_rust_bridge::misc::panic_backtrace::PanicBacktrace::catch_unwind
   4: <F as threadpool::FnBox>::call_box
   5: std::sys::backtrace::__rust_begin_short_backtrace
   6: core::ops::function::FnOnce::call_once{{vtable.shim}}
   7: std::sys::thread::unix::Thread::new::thread_start
   8: <unknown>)
default	16:19:46.448546-0800	Runner	flutter: DEBUG: Dart received AUDIO chunk: 101 bytes (pts_us=476414612708, frames_per_packet=960, codec=0x03)
default	16:19:46.448649-0800	Runner	flutter: [2026-02-28T16:19:46.448427] DEBUG: Dart received AUDIO chunk: 101 bytes (pts_us=476414612708, frames_per_packet=960, codec=0x03)
default	16:19:46.449821-0800	Runner	flutter: pushAudioFrame failed: AnyhowException(sender is not active; call start_sankaku_sender first

Stack backtrace:
   0: std::backtrace::Backtrace::create
   1: std::backtrace::Backtrace::capture
   2: rust_lib_nomikai::api::simple::push_audio_frame
   3: flutter_rust_bridge::misc::panic_backtrace::PanicBacktrace::catch_unwind
   4: <F as threadpool::FnBox>::call_box
   5: std::sys::backtrace::__rust_begin_short_backtrace
   6: core::ops::function::FnOnce::call_once{{vtable.shim}}
   7: std::sys::thread::unix::Thread::new::thread_start
   8: <unknown>)
default	16:19:46.449851-0800	Runner	flutter: [2026-02-28T16:19:46.449425] pushAudioFrame failed: AnyhowException(sender is not active; call start_sankaku_sender first

Stack backtrace:
   0: std::backtrace::Backtrace::create
   1: std::backtrace::Backtrace::capture
   2: rust_lib_nomikai::api::simple::push_audio_frame
   3: flutter_rust_bridge::misc::panic_backtrace::PanicBacktrace::catch_unwind
   4: <F as threadpool::FnBox>::call_box
   5: std::sys::backtrace::__rust_begin_short_backtrace
   6: core::ops::function::FnOnce::call_once{{vtable.shim}}
   7: std::sys::thread::unix::Thread::new::thread_start
   8: <unknown>)
default	16:19:46.454339-0800	Runner	flutter: DEBUG: Dart received VIDEO chunk: 13207 bytes (Keyframe: false, pts_us=476414606788, codec=0x01)
default	16:19:46.454351-0800	Runner	flutter: [2026-02-28T16:19:46.454195] DEBUG: Dart received VIDEO chunk: 13207 bytes (Keyframe: false, pts_us=476414606788, codec=0x01)
default	16:19:46.455455-0800	Runner	flutter: pushVideoFrame failed: AnyhowException(sender is not active; call start_sankaku_sender first

Stack backtrace:
   0: std::backtrace::Backtrace::create
   1: std::backtrace::Backtrace::capture
   2: rust_lib_nomikai::api::simple::push_video_frame
   3: flutter_rust_bridge::misc::panic_backtrace::PanicBacktrace::catch_unwind
   4: <F as threadpool::FnBox>::call_box
   5: std::sys::backtrace::__rust_begin_short_backtrace
   6: core::ops::function::FnOnce::call_once{{vtable.shim}}
   7: std::sys::thread::unix::Thread::new::thread_start
   8: <unknown>)
default	16:19:46.455647-0800	Runner	flutter: [2026-02-28T16:19:46.455308] pushVideoFrame failed: AnyhowException(sender is not active; call start_sankaku_sender first

Stack backtrace:
   0: std::backtrace::Backtrace::create
   1: std::backtrace::Backtrace::capture
   2: rust_lib_nomikai::api::simple::push_video_frame
   3: flutter_rust_bridge::misc::panic_backtrace::PanicBacktrace::catch_unwind
   4: <F as threadpool::FnBox>::call_box
   5: std::sys::backtrace::__rust_begin_short_backtrace
   6: core::ops::function::FnOnce::call_once{{vtable.shim}}
   7: std::sys::thread::unix::Thread::new::thread_start
   8: <unknown>)
default	16:19:46.459209-0800	Runner	TX focusApplication (peekAppEvent) stealKB:Y scene:dev.crux.nomikai.767J38S4C2-default
default	16:19:46.459240-0800	Runner	Evaluating dispatch of UIEvent: 0x10b098000; type: 0; subtype: 0; backing type: 11; shouldSend: 1; ignoreInteractionEvents: 0, systemGestureStateChange: 0
default	16:19:46.459260-0800	Runner	Sending UIEvent type: 0; subtype: 0; to windows: 1
default	16:19:46.459271-0800	Runner	Sending UIEvent type: 0; subtype: 0; to window: <UIWindow: 0x106ac3130>; contextId: 0x4B9606CB
default	16:19:46.465296-0800	Runner	Evaluating dispatch of UIEvent: 0x10b098000; type: 0; subtype: 0; backing type: 11; shouldSend: 0; ignoreInteractionEvents: 0, systemGestureStateChange: 0
default	16:19:46.469954-0800	Runner	flutter: DEBUG: Dart received AUDIO chunk: 118 bytes (pts_us=476414635708, frames_per_packet=960, codec=0x03)
default	16:19:46.470010-0800	Runner	flutter: [2026-02-28T16:19:46.469731] DEBUG: Dart received AUDIO chunk: 118 bytes (pts_us=476414635708, frames_per_packet=960, codec=0x03)
default	16:19:46.471030-0800	Runner	flutter: pushAudioFrame failed: AnyhowException(sender is not active; call start_sankaku_sender first

Stack backtrace:
   0: std::backtrace::Backtrace::create
   1: std::backtrace::Backtrace::capture
   2: rust_lib_nomikai::api::simple::push_audio_frame
   3: flutter_rust_bridge::misc::panic_backtrace::PanicBacktrace::catch_unwind
   4: <F as threadpool::FnBox>::call_box
   5: std::sys::backtrace::__rust_begin_short_backtrace
   6: core::ops::function::FnOnce::call_once{{vtable.shim}}
   7: std::sys::thread::unix::Thread::new::thread_start
   8: <unknown>)
default	16:19:46.471153-0800	Runner	flutter: [2026-02-28T16:19:46.470904] pushAudioFrame failed: AnyhowException(sender is not active; call start_sankaku_sender first

Stack backtrace:
   0: std::backtrace::Backtrace::create
   1: std::backtrace::Backtrace::capture
   2: rust_lib_nomikai::api::simple::push_audio_frame
   3: flutter_rust_bridge::misc::panic_backtrace::PanicBacktrace::catch_unwind
   4: <F as threadpool::FnBox>::call_box
   5: std::sys::backtrace::__rust_begin_short_backtrace
   6: core::ops::function::FnOnce::call_once{{vtable.shim}}
   7: std::sys::thread::unix::Thread::new::thread_start
   8: <unknown>)
default	16:19:46.487118-0800	Runner	flutter: DEBUG: Dart received VIDEO chunk: 12196 bytes (Keyframe: false, pts_us=476414640125, codec=0x01)
default	16:19:46.487133-0800	Runner	flutter: [2026-02-28T16:19:46.487002] DEBUG: Dart received VIDEO chunk: 12196 bytes (Keyframe: false, pts_us=476414640125, codec=0x01)
default	16:19:46.488609-0800	Runner	flutter: pushVideoFrame failed: AnyhowException(sender is not active; call start_sankaku_sender first

Stack backtrace:
   0: std::backtrace::Backtrace::create
   1: std::backtrace::Backtrace::capture
   2: rust_lib_nomikai::api::simple::push_video_frame
   3: flutter_rust_bridge::misc::panic_backtrace::PanicBacktrace::catch_unwind
   4: <F as threadpool::FnBox>::call_box
   5: std::sys::backtrace::__rust_begin_short_backtrace
   6: core::ops::function::FnOnce::call_once{{vtable.shim}}
   7: std::sys::thread::unix::Thread::new::thread_start
   8: <unknown>)
default	16:19:46.488681-0800	Runner	flutter: [2026-02-28T16:19:46.488437] pushVideoFrame failed: AnyhowException(sender is not active; call start_sankaku_sender first

Stack backtrace:
   0: std::backtrace::Backtrace::create
   1: std::backtrace::Backtrace::capture
   2: rust_lib_nomikai::api::simple::push_video_frame
   3: flutter_rust_bridge::misc::panic_backtrace::PanicBacktrace::catch_unwind
   4: <F as threadpool::FnBox>::call_box
   5: std::sys::backtrace::__rust_begin_short_backtrace
   6: core::ops::function::FnOnce::call_once{{vtable.shim}}
   7: std::sys::thread::unix::Thread::new::thread_start
   8: <unknown>)
default	16:19:46.492687-0800	Runner	flutter: DEBUG: Dart received AUDIO chunk: 97 bytes (pts_us=476414658708, frames_per_packet=960, codec=0x03)
default	16:19:46.492739-0800	Runner	flutter: [2026-02-28T16:19:46.492321] DEBUG: Dart received AUDIO chunk: 97 bytes (pts_us=476414658708, frames_per_packet=960, codec=0x03)
default	16:19:46.493566-0800	Runner	flutter: pushAudioFrame failed: AnyhowException(sender is not active; call start_sankaku_sender first

Stack backtrace:
   0: std::backtrace::Backtrace::create
   1: std::backtrace::Backtrace::capture
   2: rust_lib_nomikai::api::simple::push_audio_frame
   3: flutter_rust_bridge::misc::panic_backtrace::PanicBacktrace::catch_unwind
   4: <F as threadpool::FnBox>::call_box
   5: std::sys::backtrace::__rust_begin_short_backtrace
   6: core::ops::function::FnOnce::call_once{{vtable.shim}}
   7: std::sys::thread::unix::Thread::new::thread_start
   8: <unknown>)
default	16:19:46.493621-0800	Runner	flutter: [2026-02-28T16:19:46.493424] pushAudioFrame failed: AnyhowException(sender is not active; call start_sankaku_sender first

Stack backtrace:
   0: std::backtrace::Backtrace::create
   1: std::backtrace::Backtrace::capture
   2: rust_lib_nomikai::api::simple::push_audio_frame
   3: flutter_rust_bridge::misc::panic_backtrace::PanicBacktrace::catch_unwind
   4: <F as threadpool::FnBox>::call_box
   5: std::sys::backtrace::__rust_begin_short_backtrace
   6: core::ops::function::FnOnce::call_once{{vtable.shim}}
   7: std::sys::thread::unix::Thread::new::thread_start
   8: <unknown>)
default	16:19:46.515377-0800	Runner	flutter: DEBUG: Dart received AUDIO chunk: 102 bytes (pts_us=476414681708, frames_per_packet=960, codec=0x03)
default	16:19:46.515465-0800	Runner	flutter: [2026-02-28T16:19:46.515355] DEBUG: Dart received AUDIO chunk: 102 bytes (pts_us=476414681708, frames_per_packet=960, codec=0x03)
default	16:19:46.516403-0800	Runner	flutter: pushAudioFrame failed: AnyhowException(sender is not active; call start_sankaku_sender first

Stack backtrace:
   0: std::backtrace::Backtrace::create
   1: std::backtrace::Backtrace::capture
   2: rust_lib_nomikai::api::simple::push_audio_frame
   3: flutter_rust_bridge::misc::panic_backtrace::PanicBacktrace::catch_unwind
   4: <F as threadpool::FnBox>::call_box
   5: std::sys::backtrace::__rust_begin_short_backtrace
   6: core::ops::function::FnOnce::call_once{{vtable.shim}}
   7: std::sys::thread::unix::Thread::new::thread_start
   8: <unknown>)
default	16:19:46.516446-0800	Runner	flutter: [2026-02-28T16:19:46.516273] pushAudioFrame failed: AnyhowException(sender is not active; call start_sankaku_sender first

Stack backtrace:
   0: std::backtrace::Backtrace::create
   1: std::backtrace::Backtrace::capture
   2: rust_lib_nomikai::api::simple::push_audio_frame
   3: flutter_rust_bridge::misc::panic_backtrace::PanicBacktrace::catch_unwind
   4: <F as threadpool::FnBox>::call_box
   5: std::sys::backtrace::__rust_begin_short_backtrace
   6: core::ops::function::FnOnce::call_once{{vtable.shim}}
   7: std::sys::thread::unix::Thread::new::thread_start
   8: <unknown>)
default	16:19:46.521701-0800	Runner	flutter: DEBUG: Dart received VIDEO chunk: 14712 bytes (Keyframe: false, pts_us=476414673438, codec=0x01)
default	16:19:46.521794-0800	Runner	flutter: [2026-02-28T16:19:46.521592] DEBUG: Dart received VIDEO chunk: 14712 bytes (Keyframe: false, pts_us=476414673438, codec=0x01)
default	16:19:46.522644-0800	Runner	flutter: pushVideoFrame failed: AnyhowException(sender is not active; call start_sankaku_sender first

Stack backtrace:
   0: std::backtrace::Backtrace::create
   1: std::backtrace::Backtrace::capture
   2: rust_lib_nomikai::api::simple::push_video_frame
   3: flutter_rust_bridge::misc::panic_backtrace::PanicBacktrace::catch_unwind
   4: <F as threadpool::FnBox>::call_box
   5: std::sys::backtrace::__rust_begin_short_backtrace
   6: core::ops::function::FnOnce::call_once{{vtable.shim}}
   7: std::sys::thread::unix::Thread::new::thread_start
   8: <unknown>)
default	16:19:46.522718-0800	Runner	flutter: [2026-02-28T16:19:46.522457] pushVideoFrame failed: AnyhowException(sender is not active; call start_sankaku_sender first

Stack backtrace:
   0: std::backtrace::Backtrace::create
   1: std::backtrace::Backtrace::capture
   2: rust_lib_nomikai::api::simple::push_video_frame
   3: flutter_rust_bridge::misc::panic_backtrace::PanicBacktrace::catch_unwind
   4: <F as threadpool::FnBox>::call_box
   5: std::sys::backtrace::__rust_begin_short_backtrace
   6: core::ops::function::FnOnce::call_once{{vtable.shim}}
   7: std::sys::thread::unix::Thread::new::thread_start
   8: <unknown>)
default	16:19:46.538863-0800	Runner	flutter: DEBUG: Dart received AUDIO chunk: 103 bytes (pts_us=476414704708, frames_per_packet=960, codec=0x03)
default	16:19:46.538892-0800	Runner	flutter: [2026-02-28T16:19:46.538708] DEBUG: Dart received AUDIO chunk: 103 bytes (pts_us=476414704708, frames_per_packet=960, codec=0x03)
default	16:19:46.539736-0800	Runner	flutter: pushAudioFrame failed: AnyhowException(sender is not active; call start_sankaku_sender first

Stack backtrace:
   0: std::backtrace::Backtrace::create
   1: std::backtrace::Backtrace::capture
   2: rust_lib_nomikai::api::simple::push_audio_frame
   3: flutter_rust_bridge::misc::panic_backtrace::PanicBacktrace::catch_unwind
   4: <F as threadpool::FnBox>::call_box
   5: std::sys::backtrace::__rust_begin_short_backtrace
   6: core::ops::function::FnOnce::call_once{{vtable.shim}}
   7: std::sys::thread::unix::Thread::new::thread_start
   8: <unknown>)
default	16:19:46.539771-0800	Runner	flutter: [2026-02-28T16:19:46.539611] pushAudioFrame failed: AnyhowException(sender is not active; call start_sankaku_sender first

Stack backtrace:
   0: std::backtrace::Backtrace::create
   1: std::backtrace::Backtrace::capture
   2: rust_lib_nomikai::api::simple::push_audio_frame
   3: flutter_rust_bridge::misc::panic_backtrace::PanicBacktrace::catch_unwind
   4: <F as threadpool::FnBox>::call_box
   5: std::sys::backtrace::__rust_begin_short_backtrace
   6: core::ops::function::FnOnce::call_once{{vtable.shim}}
   7: std::sys::thread::unix::Thread::new::thread_start
   8: <unknown>)
default	16:19:46.541719-0800	Runner	Evaluating dispatch of UIEvent: 0x10b098000; type: 0; subtype: 0; backing type: 11; shouldSend: 1; ignoreInteractionEvents: 0, systemGestureStateChange: 0
default	16:19:46.541738-0800	Runner	Sending UIEvent type: 0; subtype: 0; to windows: 1
default	16:19:46.541749-0800	Runner	Sending UIEvent type: 0; subtype: 0; to window: <UIWindow: 0x106ac3130>; contextId: 0x4B9606CB
default	16:19:46.552110-0800	Runner	Evaluating dispatch of UIEvent: 0x10b098000; type: 0; subtype: 0; backing type: 11; shouldSend: 0; ignoreInteractionEvents: 0, systemGestureStateChange: 1
default	16:19:46.555816-0800	Runner	flutter: DEBUG: Dart received VIDEO chunk: 15645 bytes (Keyframe: false, pts_us=476414706768, codec=0x01)
default	16:19:46.555902-0800	Runner	flutter: [2026-02-28T16:19:46.555761] DEBUG: Dart received VIDEO chunk: 15645 bytes (Keyframe: false, pts_us=476414706768, codec=0x01)
default	16:19:46.557058-0800	Runner	flutter: pushVideoFrame failed: AnyhowException(sender is not active; call start_sankaku_sender first

Stack backtrace:
   0: std::backtrace::Backtrace::create
   1: std::backtrace::Backtrace::capture
   2: rust_lib_nomikai::api::simple::push_video_frame
   3: flutter_rust_bridge::misc::panic_backtrace::PanicBacktrace::catch_unwind
   4: <F as threadpool::FnBox>::call_box
   5: std::sys::backtrace::__rust_begin_short_backtrace
   6: core::ops::function::FnOnce::call_once{{vtable.shim}}
   7: std::sys::thread::unix::Thread::new::thread_start
   8: <unknown>)
default	16:19:46.557331-0800	Runner	flutter: [2026-02-28T16:19:46.556868] pushVideoFrame failed: AnyhowException(sender is not active; call start_sankaku_sender first

Stack backtrace:
   0: std::backtrace::Backtrace::create
   1: std::backtrace::Backtrace::capture
   2: rust_lib_nomikai::api::simple::push_video_frame
   3: flutter_rust_bridge::misc::panic_backtrace::PanicBacktrace::catch_unwind
   4: <F as threadpool::FnBox>::call_box
   5: std::sys::backtrace::__rust_begin_short_backtrace
   6: core::ops::function::FnOnce::call_once{{vtable.shim}}
   7: std::sys::thread::unix::Thread::new::thread_start
   8: <unknown>)
default	16:19:46.561635-0800	Runner	<private>
default	16:19:46.562303-0800	Runner	flutter: DEBUG: Dart received AUDIO chunk: 104 bytes (pts_us=476414727708, frames_per_packet=960, codec=0x03)
default	16:19:46.562340-0800	Runner	flutter: [2026-02-28T16:19:46.562169] DEBUG: Dart received AUDIO chunk: 104 bytes (pts_us=476414727708, frames_per_packet=960, codec=0x03)
default	16:19:46.562422-0800	Runner	flutter: DEBUG: Dart received AUDIO chunk: 105 bytes (pts_us=476414747708, frames_per_packet=960, codec=0x03)
default	16:19:46.562438-0800	Runner	flutter: [2026-02-28T16:19:46.562336] DEBUG: Dart received AUDIO chunk: 105 bytes (pts_us=476414747708, frames_per_packet=960, codec=0x03)
default	16:19:46.563236-0800	Runner	flutter: pushAudioFrame failed: AnyhowException(sender is not active; call start_sankaku_sender first

Stack backtrace:
   0: std::backtrace::Backtrace::create
   1: std::backtrace::Backtrace::capture
   2: rust_lib_nomikai::api::simple::push_audio_frame
   3: flutter_rust_bridge::misc::panic_backtrace::PanicBacktrace::catch_unwind
   4: <F as threadpool::FnBox>::call_box
   5: std::sys::backtrace::__rust_begin_short_backtrace
   6: core::ops::function::FnOnce::call_once{{vtable.shim}}
   7: std::sys::thread::unix::Thread::new::thread_start
   8: <unknown>)
default	16:19:46.563293-0800	Runner	flutter: [2026-02-28T16:19:46.562987] pushAudioFrame failed: AnyhowException(sender is not active; call start_sankaku_sender first

Stack backtrace:
   0: std::backtrace::Backtrace::create
   1: std::backtrace::Backtrace::capture
   2: rust_lib_nomikai::api::simple::push_audio_frame
   3: flutter_rust_bridge::misc::panic_backtrace::PanicBacktrace::catch_unwind
   4: <F as threadpool::FnBox>::call_box
   5: std::sys::backtrace::__rust_begin_short_backtrace
   6: core::ops::function::FnOnce::call_once{{vtable.shim}}
   7: std::sys::thread::unix::Thread::new::thread_start
   8: <unknown>)
default	16:19:46.563652-0800	Runner	flutter: pushAudioFrame failed: AnyhowException(sender is not active; call start_sankaku_sender first

Stack backtrace:
   0: std::backtrace::Backtrace::create
   1: std::backtrace::Backtrace::capture
   2: rust_lib_nomikai::api::simple::push_audio_frame
   3: flutter_rust_bridge::misc::panic_backtrace::PanicBacktrace::catch_unwind
   4: <F as threadpool::FnBox>::call_box
   5: std::sys::backtrace::__rust_begin_short_backtrace
   6: core::ops::function::FnOnce::call_once{{vtable.shim}}
   7: std::sys::thread::unix::Thread::new::thread_start
   8: <unknown>)
default	16:19:46.563669-0800	Runner	flutter: [2026-02-28T16:19:46.563535] pushAudioFrame failed: AnyhowException(sender is not active; call start_sankaku_sender first

Stack backtrace:
   0: std::backtrace::Backtrace::create
   1: std::backtrace::Backtrace::capture
   2: rust_lib_nomikai::api::simple::push_audio_frame
   3: flutter_rust_bridge::misc::panic_backtrace::PanicBacktrace::catch_unwind
   4: <F as threadpool::FnBox>::call_box
   5: std::sys::backtrace::__rust_begin_short_backtrace
   6: core::ops::function::FnOnce::call_once{{vtable.shim}}
   7: std::sys::thread::unix::Thread::new::thread_start
   8: <unknown>)
default	16:19:46.587594-0800	Runner	flutter: DEBUG: Dart received AUDIO chunk: 102 bytes (pts_us=476414750708, frames_per_packet=960, codec=0x03)
default	16:19:46.587658-0800	Runner	flutter: [2026-02-28T16:19:46.587571] DEBUG: Dart received AUDIO chunk: 102 bytes (pts_us=476414750708, frames_per_packet=960, codec=0x03)
default	16:19:46.588346-0800	Runner	flutter: pushAudioFrame failed: AnyhowException(sender is not active; call start_sankaku_sender first

Stack backtrace:
   0: std::backtrace::Backtrace::create
   1: std::backtrace::Backtrace::capture
   2: rust_lib_nomikai::api::simple::push_audio_frame
   3: flutter_rust_bridge::misc::panic_backtrace::PanicBacktrace::catch_unwind
   4: <F as threadpool::FnBox>::call_box
   5: std::sys::backtrace::__rust_begin_short_backtrace
   6: core::ops::function::FnOnce::call_once{{vtable.shim}}
   7: std::sys::thread::unix::Thread::new::thread_start
   8: <unknown>)
default	16:19:46.588402-0800	Runner	flutter: [2026-02-28T16:19:46.588304] pushAudioFrame failed: AnyhowException(sender is not active; call start_sankaku_sender first

Stack backtrace:
   0: std::backtrace::Backtrace::create
   1: std::backtrace::Backtrace::capture
   2: rust_lib_nomikai::api::simple::push_audio_frame
   3: flutter_rust_bridge::misc::panic_backtrace::PanicBacktrace::catch_unwind
   4: <F as threadpool::FnBox>::call_box
   5: std::sys::backtrace::__rust_begin_short_backtrace
   6: core::ops::function::FnOnce::call_once{{vtable.shim}}
   7: std::sys::thread::unix::Thread::new::thread_start
   8: <unknown>)
default	16:19:46.594620-0800	Runner	flutter: DEBUG: Dart received VIDEO chunk: 16747 bytes (Keyframe: false, pts_us=476414740100, codec=0x01)
default	16:19:46.594674-0800	Runner	flutter: [2026-02-28T16:19:46.594411] DEBUG: Dart received VIDEO chunk: 16747 bytes (Keyframe: false, pts_us=476414740100, codec=0x01)
default	16:19:46.595269-0800	Runner	flutter: pushVideoFrame failed: AnyhowException(sender is not active; call start_sankaku_sender first

Stack backtrace:
   0: std::backtrace::Backtrace::create
   1: std::backtrace::Backtrace::capture
   2: rust_lib_nomikai::api::simple::push_video_frame
   3: flutter_rust_bridge::misc::panic_backtrace::PanicBacktrace::catch_unwind
   4: <F as threadpool::FnBox>::call_box
   5: std::sys::backtrace::__rust_begin_short_backtrace
   6: core::ops::function::FnOnce::call_once{{vtable.shim}}
   7: std::sys::thread::unix::Thread::new::thread_start
   8: <unknown>)
default	16:19:46.595302-0800	Runner	flutter: [2026-02-28T16:19:46.595141] pushVideoFrame failed: AnyhowException(sender is not active; call start_sankaku_sender first

Stack backtrace:
   0: std::backtrace::Backtrace::create
   1: std::backtrace::Backtrace::capture
   2: rust_lib_nomikai::api::simple::push_video_frame
   3: flutter_rust_bridge::misc::panic_backtrace::PanicBacktrace::catch_unwind
   4: <F as threadpool::FnBox>::call_box
   5: std::sys::backtrace::__rust_begin_short_backtrace
   6: core::ops::function::FnOnce::call_once{{vtable.shim}}
   7: std::sys::thread::unix::Thread::new::thread_start
   8: <unknown>)
default	16:19:46.608819-0800	Runner	flutter: DEBUG: Dart received AUDIO chunk: 103 bytes (pts_us=476414773708, frames_per_packet=960, codec=0x03)
default	16:19:46.608853-0800	Runner	flutter: [2026-02-28T16:19:46.607177] DEBUG: Dart received AUDIO chunk: 103 bytes (pts_us=476414773708, frames_per_packet=960, codec=0x03)
default	16:19:46.609235-0800	Runner	flutter: pushAudioFrame failed: AnyhowException(sender is not active; call start_sankaku_sender first

Stack backtrace:
   0: std::backtrace::Backtrace::create
   1: std::backtrace::Backtrace::capture
   2: rust_lib_nomikai::api::simple::push_audio_frame
   3: flutter_rust_bridge::misc::panic_backtrace::PanicBacktrace::catch_unwind
   4: <F as threadpool::FnBox>::call_box
   5: std::sys::backtrace::__rust_begin_short_backtrace
   6: core::ops::function::FnOnce::call_once{{vtable.shim}}
   7: std::sys::thread::unix::Thread::new::thread_start
   8: <unknown>)
default	16:19:46.609477-0800	Runner	flutter: [2026-02-28T16:19:46.607777] pushAudioFrame failed: AnyhowException(sender is not active; call start_sankaku_sender first

Stack backtrace:
   0: std::backtrace::Backtrace::create
   1: std::backtrace::Backtrace::capture
   2: rust_lib_nomikai::api::simple::push_audio_frame
   3: flutter_rust_bridge::misc::panic_backtrace::PanicBacktrace::catch_unwind
   4: <F as threadpool::FnBox>::call_box
   5: std::sys::backtrace::__rust_begin_short_backtrace
   6: core::ops::function::FnOnce::call_once{{vtable.shim}}
   7: std::sys::thread::unix::Thread::new::thread_start
   8: <unknown>)
default	16:19:46.620001-0800	Runner	flutter: DEBUG: Dart received VIDEO chunk: 17811 bytes (Keyframe: false, pts_us=476414773428, codec=0x01)
default	16:19:46.620078-0800	Runner	flutter: [2026-02-28T16:19:46.619910] DEBUG: Dart received VIDEO chunk: 17811 bytes (Keyframe: false, pts_us=476414773428, codec=0x01)
default	16:19:46.620465-0800	Runner	flutter: pushVideoFrame failed: AnyhowException(sender is not active; call start_sankaku_sender first

Stack backtrace:
   0: std::backtrace::Backtrace::create
   1: std::backtrace::Backtrace::capture
   2: rust_lib_nomikai::api::simple::push_video_frame
   3: flutter_rust_bridge::misc::panic_backtrace::PanicBacktrace::catch_unwind
   4: <F as threadpool::FnBox>::call_box
   5: std::sys::backtrace::__rust_begin_short_backtrace
   6: core::ops::function::FnOnce::call_once{{vtable.shim}}
   7: std::sys::thread::unix::Thread::new::thread_start
   8: <unknown>)
default	16:19:46.620500-0800	Runner	flutter: [2026-02-28T16:19:46.620397] pushVideoFrame failed: AnyhowException(sender is not active; call start_sankaku_sender first

Stack backtrace:
   0: std::backtrace::Backtrace::create
   1: std::backtrace::Backtrace::capture
   2: rust_lib_nomikai::api::simple::push_video_frame
   3: flutter_rust_bridge::misc::panic_backtrace::PanicBacktrace::catch_unwind
   4: <F as threadpool::FnBox>::call_box
   5: std::sys::backtrace::__rust_begin_short_backtrace
   6: core::ops::function::FnOnce::call_once{{vtable.shim}}
   7: std::sys::thread::unix::Thread::new::thread_start
   8: <unknown>)
default	16:19:46.630084-0800	Runner	flutter: DEBUG: Dart received AUDIO chunk: 103 bytes (pts_us=476414796708, frames_per_packet=960, codec=0x03)
default	16:19:46.630101-0800	Runner	flutter: [2026-02-28T16:19:46.630032] DEBUG: Dart received AUDIO chunk: 103 bytes (pts_us=476414796708, frames_per_packet=960, codec=0x03)
default	16:19:46.630521-0800	Runner	flutter: pushAudioFrame failed: AnyhowException(sender is not active; call start_sankaku_sender first

Stack backtrace:
   0: std::backtrace::Backtrace::create
   1: std::backtrace::Backtrace::capture
   2: rust_lib_nomikai::api::simple::push_audio_frame
   3: flutter_rust_bridge::misc::panic_backtrace::PanicBacktrace::catch_unwind
   4: <F as threadpool::FnBox>::call_box
   5: std::sys::backtrace::__rust_begin_short_backtrace
   6: core::ops::function::FnOnce::call_once{{vtable.shim}}
   7: std::sys::thread::unix::Thread::new::thread_start
   8: <unknown>)
default	16:19:46.630539-0800	Runner	flutter: [2026-02-28T16:19:46.630441] pushAudioFrame failed: AnyhowException(sender is not active; call start_sankaku_sender first

Stack backtrace:
   0: std::backtrace::Backtrace::create
   1: std::backtrace::Backtrace::capture
   2: rust_lib_nomikai::api::simple::push_audio_frame
   3: flutter_rust_bridge::misc::panic_backtrace::PanicBacktrace::catch_unwind
   4: <F as threadpool::FnBox>::call_box
   5: std::sys::backtrace::__rust_begin_short_backtrace
   6: core::ops::function::FnOnce::call_once{{vtable.shim}}
   7: std::sys::thread::unix::Thread::new::thread_start
   8: <unknown>)
default	16:19:46.652811-0800	Runner	flutter: DEBUG: Dart received VIDEO chunk: 17548 bytes (Keyframe: false, pts_us=476414806760, codec=0x01)
default	16:19:46.652859-0800	Runner	flutter: [2026-02-28T16:19:46.652714] DEBUG: Dart received VIDEO chunk: 17548 bytes (Keyframe: false, pts_us=476414806760, codec=0x01)
default	16:19:46.653187-0800	Runner	flutter: DEBUG: Dart received AUDIO chunk: 104 bytes (pts_us=476414819708, frames_per_packet=960, codec=0x03)
default	16:19:46.653215-0800	Runner	flutter: [2026-02-28T16:19:46.653063] DEBUG: Dart received AUDIO chunk: 104 bytes (pts_us=476414819708, frames_per_packet=960, codec=0x03)
default	16:19:46.653722-0800	Runner	flutter: pushVideoFrame failed: AnyhowException(sender is not active; call start_sankaku_sender first

Stack backtrace:
   0: std::backtrace::Backtrace::create
   1: std::backtrace::Backtrace::capture
   2: rust_lib_nomikai::api::simple::push_video_frame
   3: flutter_rust_bridge::misc::panic_backtrace::PanicBacktrace::catch_unwind
   4: <F as threadpool::FnBox>::call_box
   5: std::sys::backtrace::__rust_begin_short_backtrace
   6: core::ops::function::FnOnce::call_once{{vtable.shim}}
   7: std::sys::thread::unix::Thread::new::thread_start
   8: <unknown>)
default	16:19:46.653763-0800	Runner	flutter: [2026-02-28T16:19:46.653620] pushVideoFrame failed: AnyhowException(sender is not active; call start_sankaku_sender first

Stack backtrace:
   0: std::backtrace::Backtrace::create
   1: std::backtrace::Backtrace::capture
   2: rust_lib_nomikai::api::simple::push_video_frame
   3: flutter_rust_bridge::misc::panic_backtrace::PanicBacktrace::catch_unwind
   4: <F as threadpool::FnBox>::call_box
   5: std::sys::backtrace::__rust_begin_short_backtrace
   6: core::ops::function::FnOnce::call_once{{vtable.shim}}
   7: std::sys::thread::unix::Thread::new::thread_start
   8: <unknown>)
default	16:19:46.653857-0800	Runner	flutter: pushAudioFrame failed: AnyhowException(sender is not active; call start_sankaku_sender first

Stack backtrace:
   0: std::backtrace::Backtrace::create
   1: std::backtrace::Backtrace::capture
   2: rust_lib_nomikai::api::simple::push_audio_frame
   3: flutter_rust_bridge::misc::panic_backtrace::PanicBacktrace::catch_unwind
   4: <F as threadpool::FnBox>::call_box
   5: std::sys::backtrace::__rust_begin_short_backtrace
   6: core::ops::function::FnOnce::call_once{{vtable.shim}}
   7: std::sys::thread::unix::Thread::new::thread_start
   8: <unknown>)
default	16:19:46.653872-0800	Runner	flutter: [2026-02-28T16:19:46.653763] pushAudioFrame failed: AnyhowException(sender is not active; call start_sankaku_sender first

Stack backtrace:
   0: std::backtrace::Backtrace::create
   1: std::backtrace::Backtrace::capture
   2: rust_lib_nomikai::api::simple::push_audio_frame
   3: flutter_rust_bridge::misc::panic_backtrace::PanicBacktrace::catch_unwind
   4: <F as threadpool::FnBox>::call_box
   5: std::sys::backtrace::__rust_begin_short_backtrace
   6: core::ops::function::FnOnce::call_once{{vtable.shim}}
   7: std::sys::thread::unix::Thread::new::thread_start
   8: <unknown>)
default	16:19:46.676342-0800	Runner	flutter: DEBUG: Dart received AUDIO chunk: 106 bytes (pts_us=476414842708, frames_per_packet=960, codec=0x03)
default	16:19:46.676405-0800	Runner	flutter: [2026-02-28T16:19:46.676191] DEBUG: Dart received AUDIO chunk: 106 bytes (pts_us=476414842708, frames_per_packet=960, codec=0x03)
default	16:19:46.676968-0800	Runner	flutter: pushAudioFrame failed: AnyhowException(sender is not active; call start_sankaku_sender first

Stack backtrace:
   0: std::backtrace::Backtrace::create
   1: std::backtrace::Backtrace::capture
   2: rust_lib_nomikai::api::simple::push_audio_frame
   3: flutter_rust_bridge::misc::panic_backtrace::PanicBacktrace::catch_unwind
   4: <F as threadpool::FnBox>::call_box
   5: std::sys::backtrace::__rust_begin_short_backtrace
   6: core::ops::function::FnOnce::call_once{{vtable.shim}}
   7: std::sys::thread::unix::Thread::new::thread_start
   8: <unknown>)
default	16:19:46.677012-0800	Runner	flutter: [2026-02-28T16:19:46.676897] pushAudioFrame failed: AnyhowException(sender is not active; call start_sankaku_sender first

Stack backtrace:
   0: std::backtrace::Backtrace::create
   1: std::backtrace::Backtrace::capture
   2: rust_lib_nomikai::api::simple::push_audio_frame
   3: flutter_rust_bridge::misc::panic_backtrace::PanicBacktrace::catch_unwind
   4: <F as threadpool::FnBox>::call_box
   5: std::sys::backtrace::__rust_begin_short_backtrace
   6: core::ops::function::FnOnce::call_once{{vtable.shim}}
   7: std::sys::thread::unix::Thread::new::thread_start
   8: <unknown>)
default	16:19:46.686892-0800	Runner	flutter: DEBUG: Dart received VIDEO chunk: 25232 bytes (Keyframe: true, pts_us=476414840084, codec=0x01)
default	16:19:46.686928-0800	Runner	flutter: [2026-02-28T16:19:46.686827] DEBUG: Dart received VIDEO chunk: 25232 bytes (Keyframe: true, pts_us=476414840084, codec=0x01)
default	16:19:46.687407-0800	Runner	flutter: pushVideoFrame failed: AnyhowException(sender is not active; call start_sankaku_sender first

Stack backtrace:
   0: std::backtrace::Backtrace::create
   1: std::backtrace::Backtrace::capture
   2: rust_lib_nomikai::api::simple::push_video_frame
   3: flutter_rust_bridge::misc::panic_backtrace::PanicBacktrace::catch_unwind
   4: <F as threadpool::FnBox>::call_box
   5: std::sys::backtrace::__rust_begin_short_backtrace
   6: core::ops::function::FnOnce::call_once{{vtable.shim}}
   7: std::sys::thread::unix::Thread::new::thread_start
   8: <unknown>)
default	16:19:46.687438-0800	Runner	flutter: [2026-02-28T16:19:46.687348] pushVideoFrame failed: AnyhowException(sender is not active; call start_sankaku_sender first

Stack backtrace:
   0: std::backtrace::Backtrace::create
   1: std::backtrace::Backtrace::capture
   2: rust_lib_nomikai::api::simple::push_video_frame
   3: flutter_rust_bridge::misc::panic_backtrace::PanicBacktrace::catch_unwind
   4: <F as threadpool::FnBox>::call_box
   5: std::sys::backtrace::__rust_begin_short_backtrace
   6: core::ops::function::FnOnce::call_once{{vtable.shim}}
   7: std::sys::thread::unix::Thread::new::thread_start
   8: <unknown>)
default	16:19:46.699206-0800	Runner	flutter: DEBUG: Dart received AUDIO chunk: 104 bytes (pts_us=476414865708, frames_per_packet=960, codec=0x03)
default	16:19:46.699354-0800	Runner	flutter: [2026-02-28T16:19:46.699084] DEBUG: Dart received AUDIO chunk: 104 bytes (pts_us=476414865708, frames_per_packet=960, codec=0x03)
default	16:19:46.700421-0800	Runner	flutter: pushAudioFrame failed: AnyhowException(sender is not active; call start_sankaku_sender first

Stack backtrace:
   0: std::backtrace::Backtrace::create
   1: std::backtrace::Backtrace::capture
   2: rust_lib_nomikai::api::simple::push_audio_frame
   3: flutter_rust_bridge::misc::panic_backtrace::PanicBacktrace::catch_unwind
   4: <F as threadpool::FnBox>::call_box
   5: std::sys::backtrace::__rust_begin_short_backtrace
   6: core::ops::function::FnOnce::call_once{{vtable.shim}}
   7: std::sys::thread::unix::Thread::new::thread_start
   8: <unknown>)
default	16:19:46.700464-0800	Runner	flutter: [2026-02-28T16:19:46.700220] pushAudioFrame failed: AnyhowException(sender is not active; call start_sankaku_sender first

Stack backtrace:
   0: std::backtrace::Backtrace::create
   1: std::backtrace::Backtrace::capture
   2: rust_lib_nomikai::api::simple::push_audio_frame
   3: flutter_rust_bridge::misc::panic_backtrace::PanicBacktrace::catch_unwind
   4: <F as threadpool::FnBox>::call_box
   5: std::sys::backtrace::__rust_begin_short_backtrace
   6: core::ops::function::FnOnce::call_once{{vtable.shim}}
   7: std::sys::thread::unix::Thread::new::thread_start
   8: <unknown>)
default	16:19:46.721023-0800	Runner	flutter: DEBUG: Dart received VIDEO chunk: 19534 bytes (Keyframe: false, pts_us=476414873414, codec=0x01)
default	16:19:46.721071-0800	Runner	flutter: [2026-02-28T16:19:46.720888] DEBUG: Dart received VIDEO chunk: 19534 bytes (Keyframe: false, pts_us=476414873414, codec=0x01)
default	16:19:46.721932-0800	Runner	flutter: pushVideoFrame failed: AnyhowException(sender is not active; call start_sankaku_sender first

Stack backtrace:
   0: std::backtrace::Backtrace::create
   1: std::backtrace::Backtrace::capture
   2: rust_lib_nomikai::api::simple::push_video_frame
   3: flutter_rust_bridge::misc::panic_backtrace::PanicBacktrace::catch_unwind
   4: <F as threadpool::FnBox>::call_box
   5: std::sys::backtrace::__rust_begin_short_backtrace
   6: core::ops::function::FnOnce::call_once{{vtable.shim}}
   7: std::sys::thread::unix::Thread::new::thread_start
   8: <unknown>)
default	16:19:46.721971-0800	Runner	flutter: [2026-02-28T16:19:46.721803] pushVideoFrame failed: AnyhowException(sender is not active; call start_sankaku_sender first

Stack backtrace:
   0: std::backtrace::Backtrace::create
   1: std::backtrace::Backtrace::capture
   2: rust_lib_nomikai::api::simple::push_video_frame
   3: flutter_rust_bridge::misc::panic_backtrace::PanicBacktrace::catch_unwind
   4: <F as threadpool::FnBox>::call_box
   5: std::sys::backtrace::__rust_begin_short_backtrace
   6: core::ops::function::FnOnce::call_once{{vtable.shim}}
   7: std::sys::thread::unix::Thread::new::thread_start
   8: <unknown>)
default	16:19:46.722183-0800	Runner	<private>
default	16:19:46.722430-0800	Runner	flutter: DEBUG: Dart received AUDIO chunk: 104 bytes (pts_us=476414888708, frames_per_packet=960, codec=0x03)
default	16:19:46.722449-0800	Runner	flutter: [2026-02-28T16:19:46.722379] DEBUG: Dart received AUDIO chunk: 104 bytes (pts_us=476414888708, frames_per_packet=960, codec=0x03)
default	16:19:46.722506-0800	Runner	flutter: DEBUG: Dart received AUDIO chunk: 105 bytes (pts_us=476414908708, frames_per_packet=960, codec=0x03)
default	16:19:46.722516-0800	Runner	flutter: [2026-02-28T16:19:46.722460] DEBUG: Dart received AUDIO chunk: 105 bytes (pts_us=476414908708, frames_per_packet=960, codec=0x03)
default	16:19:46.723083-0800	Runner	flutter: pushAudioFrame failed: AnyhowException(sender is not active; call start_sankaku_sender first

Stack backtrace:
   0: std::backtrace::Backtrace::create
   1: std::backtrace::Backtrace::capture
   2: rust_lib_nomikai::api::simple::push_audio_frame
   3: flutter_rust_bridge::misc::panic_backtrace::PanicBacktrace::catch_unwind
   4: <F as threadpool::FnBox>::call_box
   5: std::sys::backtrace::__rust_begin_short_backtrace
   6: core::ops::function::FnOnce::call_once{{vtable.shim}}
   7: std::sys::thread::unix::Thread::new::thread_start
   8: <unknown>)
default	16:19:46.723108-0800	Runner	flutter: [2026-02-28T16:19:46.723010] pushAudioFrame failed: AnyhowException(sender is not active; call start_sankaku_sender first

Stack backtrace:
   0: std::backtrace::Backtrace::create
   1: std::backtrace::Backtrace::capture
   2: rust_lib_nomikai::api::simple::push_audio_frame
   3: flutter_rust_bridge::misc::panic_backtrace::PanicBacktrace::catch_unwind
   4: <F as threadpool::FnBox>::call_box
   5: std::sys::backtrace::__rust_begin_short_backtrace
   6: core::ops::function::FnOnce::call_once{{vtable.shim}}
   7: std::sys::thread::unix::Thread::new::thread_start
   8: <unknown>)
default	16:19:46.723162-0800	Runner	flutter: pushAudioFrame failed: AnyhowException(sender is not active; call start_sankaku_sender first

Stack backtrace:
   0: std::backtrace::Backtrace::create
   1: std::backtrace::Backtrace::capture
   2: rust_lib_nomikai::api::simple::push_audio_frame
   3: flutter_rust_bridge::misc::panic_backtrace::PanicBacktrace::catch_unwind
   4: <F as threadpool::FnBox>::call_box
   5: std::sys::backtrace::__rust_begin_short_backtrace
   6: core::ops::function::FnOnce::call_once{{vtable.shim}}
   7: std::sys::thread::unix::Thread::new::thread_start
   8: <unknown>)
default	16:19:46.723176-0800	Runner	flutter: [2026-02-28T16:19:46.723110] pushAudioFrame failed: AnyhowException(sender is not active; call start_sankaku_sender first

Stack backtrace:
   0: std::backtrace::Backtrace::create
   1: std::backtrace::Backtrace::capture
   2: rust_lib_nomikai::api::simple::push_audio_frame
   3: flutter_rust_bridge::misc::panic_backtrace::PanicBacktrace::catch_unwind
   4: <F as threadpool::FnBox>::call_box
   5: std::sys::backtrace::__rust_begin_short_backtrace
   6: core::ops::function::FnOnce::call_once{{vtable.shim}}
   7: std::sys::thread::unix::Thread::new::thread_start
   8: <unknown>)
default	16:19:46.745527-0800	Runner	flutter: DEBUG: Dart received AUDIO chunk: 103 bytes (pts_us=476414911708, frames_per_packet=960, codec=0x03)
default	16:19:46.745625-0800	Runner	flutter: [2026-02-28T16:19:46.745400] DEBUG: Dart received AUDIO chunk: 103 bytes (pts_us=476414911708, frames_per_packet=960, codec=0x03)
default	16:19:46.746262-0800	Runner	flutter: pushAudioFrame failed: AnyhowException(sender is not active; call start_sankaku_sender first

Stack backtrace:
   0: std::backtrace::Backtrace::create
   1: std::backtrace::Backtrace::capture
   2: rust_lib_nomikai::api::simple::push_audio_frame
   3: flutter_rust_bridge::misc::panic_backtrace::PanicBacktrace::catch_unwind
   4: <F as threadpool::FnBox>::call_box
   5: std::sys::backtrace::__rust_begin_short_backtrace
   6: core::ops::function::FnOnce::call_once{{vtable.shim}}
   7: std::sys::thread::unix::Thread::new::thread_start
   8: <unknown>)
default	16:19:46.746288-0800	Runner	flutter: [2026-02-28T16:19:46.746147] pushAudioFrame failed: AnyhowException(sender is not active; call start_sankaku_sender first

Stack backtrace:
   0: std::backtrace::Backtrace::create
   1: std::backtrace::Backtrace::capture
   2: rust_lib_nomikai::api::simple::push_audio_frame
   3: flutter_rust_bridge::misc::panic_backtrace::PanicBacktrace::catch_unwind
   4: <F as threadpool::FnBox>::call_box
   5: std::sys::backtrace::__rust_begin_short_backtrace
   6: core::ops::function::FnOnce::call_once{{vtable.shim}}
   7: std::sys::thread::unix::Thread::new::thread_start
   8: <unknown>)
default	16:19:46.753062-0800	Runner	flutter: DEBUG: Dart received VIDEO chunk: 17603 bytes (Keyframe: false, pts_us=476414906741, codec=0x01)
default	16:19:46.753137-0800	Runner	flutter: [2026-02-28T16:19:46.752989] DEBUG: Dart received VIDEO chunk: 17603 bytes (Keyframe: false, pts_us=476414906741, codec=0x01)
default	16:19:46.753585-0800	Runner	flutter: pushVideoFrame failed: AnyhowException(sender is not active; call start_sankaku_sender first

Stack backtrace:
   0: std::backtrace::Backtrace::create
   1: std::backtrace::Backtrace::capture
   2: rust_lib_nomikai::api::simple::push_video_frame
   3: flutter_rust_bridge::misc::panic_backtrace::PanicBacktrace::catch_unwind
   4: <F as threadpool::FnBox>::call_box
   5: std::sys::backtrace::__rust_begin_short_backtrace
   6: core::ops::function::FnOnce::call_once{{vtable.shim}}
   7: std::sys::thread::unix::Thread::new::thread_start
   8: <unknown>)
default	16:19:46.753612-0800	Runner	flutter: [2026-02-28T16:19:46.753527] pushVideoFrame failed: AnyhowException(sender is not active; call start_sankaku_sender first

Stack backtrace:
   0: std::backtrace::Backtrace::create
   1: std::backtrace::Backtrace::capture
   2: rust_lib_nomikai::api::simple::push_video_frame
   3: flutter_rust_bridge::misc::panic_backtrace::PanicBacktrace::catch_unwind
   4: <F as threadpool::FnBox>::call_box
   5: std::sys::backtrace::__rust_begin_short_backtrace
   6: core::ops::function::FnOnce::call_once{{vtable.shim}}
   7: std::sys::thread::unix::Thread::new::thread_start
   8: <unknown>)
default	16:19:46.768615-0800	Runner	flutter: DEBUG: Dart received AUDIO chunk: 104 bytes (pts_us=476414934708, frames_per_packet=960, codec=0x03)
default	16:19:46.768699-0800	Runner	flutter: [2026-02-28T16:19:46.768568] DEBUG: Dart received AUDIO chunk: 104 bytes (pts_us=476414934708, frames_per_packet=960, codec=0x03)
default	16:19:46.769634-0800	Runner	flutter: pushAudioFrame failed: AnyhowException(sender is not active; call start_sankaku_sender first

Stack backtrace:
   0: std::backtrace::Backtrace::create
   1: std::backtrace::Backtrace::capture
   2: rust_lib_nomikai::api::simple::push_audio_frame
   3: flutter_rust_bridge::misc::panic_backtrace::PanicBacktrace::catch_unwind
   4: <F as threadpool::FnBox>::call_box
   5: std::sys::backtrace::__rust_begin_short_backtrace
   6: core::ops::function::FnOnce::call_once{{vtable.shim}}
   7: std::sys::thread::unix::Thread::new::thread_start
   8: <unknown>)
default	16:19:46.769675-0800	Runner	flutter: [2026-02-28T16:19:46.769502] pushAudioFrame failed: AnyhowException(sender is not active; call start_sankaku_sender first

Stack backtrace:
   0: std::backtrace::Backtrace::create
   1: std::backtrace::Backtrace::capture
   2: rust_lib_nomikai::api::simple::push_audio_frame
   3: flutter_rust_bridge::misc::panic_backtrace::PanicBacktrace::catch_unwind
   4: <F as threadpool::FnBox>::call_box
   5: std::sys::backtrace::__rust_begin_short_backtrace
   6: core::ops::function::FnOnce::call_once{{vtable.shim}}
   7: std::sys::thread::unix::Thread::new::thread_start
   8: <unknown>)
default	16:19:46.787863-0800	Runner	flutter: DEBUG: Dart received VIDEO chunk: 15901 bytes (Keyframe: false, pts_us=476414940070, codec=0x01)
default	16:19:46.787900-0800	Runner	flutter: [2026-02-28T16:19:46.787750] DEBUG: Dart received VIDEO chunk: 15901 bytes (Keyframe: false, pts_us=476414940070, codec=0x01)
default	16:19:46.788634-0800	Runner	flutter: pushVideoFrame failed: AnyhowException(sender is not active; call start_sankaku_sender first

Stack backtrace:
   0: std::backtrace::Backtrace::create
   1: std::backtrace::Backtrace::capture
   2: rust_lib_nomikai::api::simple::push_video_frame
   3: flutter_rust_bridge::misc::panic_backtrace::PanicBacktrace::catch_unwind
   4: <F as threadpool::FnBox>::call_box
   5: std::sys::backtrace::__rust_begin_short_backtrace
   6: core::ops::function::FnOnce::call_once{{vtable.shim}}
   7: std::sys::thread::unix::Thread::new::thread_start
   8: <unknown>)
default	16:19:46.788667-0800	Runner	flutter: [2026-02-28T16:19:46.788516] pushVideoFrame failed: AnyhowException(sender is not active; call start_sankaku_sender first

Stack backtrace:
   0: std::backtrace::Backtrace::create
   1: std::backtrace::Backtrace::capture
   2: rust_lib_nomikai::api::simple::push_video_frame
   3: flutter_rust_bridge::misc::panic_backtrace::PanicBacktrace::catch_unwind
   4: <F as threadpool::FnBox>::call_box
   5: std::sys::backtrace::__rust_begin_short_backtrace
   6: core::ops::function::FnOnce::call_once{{vtable.shim}}
   7: std::sys::thread::unix::Thread::new::thread_start
   8: <unknown>)
default	16:19:46.794231-0800	Runner	flutter: DEBUG: Dart received AUDIO chunk: 102 bytes (pts_us=476414957708, frames_per_packet=960, codec=0x03)
default	16:19:46.794286-0800	Runner	flutter: [2026-02-28T16:19:46.794082] DEBUG: Dart received AUDIO chunk: 102 bytes (pts_us=476414957708, frames_per_packet=960, codec=0x03)
default	16:19:46.794899-0800	Runner	flutter: pushAudioFrame failed: AnyhowException(sender is not active; call start_sankaku_sender first

Stack backtrace:
   0: std::backtrace::Backtrace::create
   1: std::backtrace::Backtrace::capture
   2: rust_lib_nomikai::api::simple::push_audio_frame
   3: flutter_rust_bridge::misc::panic_backtrace::PanicBacktrace::catch_unwind
   4: <F as threadpool::FnBox>::call_box
   5: std::sys::backtrace::__rust_begin_short_backtrace
   6: core::ops::function::FnOnce::call_once{{vtable.shim}}
   7: std::sys::thread::unix::Thread::new::thread_start
   8: <unknown>)
default	16:19:46.794934-0800	Runner	flutter: [2026-02-28T16:19:46.794832] pushAudioFrame failed: AnyhowException(sender is not active; call start_sankaku_sender first

Stack backtrace:
   0: std::backtrace::Backtrace::create
   1: std::backtrace::Backtrace::capture
   2: rust_lib_nomikai::api::simple::push_audio_frame
   3: flutter_rust_bridge::misc::panic_backtrace::PanicBacktrace::catch_unwind
   4: <F as threadpool::FnBox>::call_box
   5: std::sys::backtrace::__rust_begin_short_backtrace
   6: core::ops::function::FnOnce::call_once{{vtable.shim}}
   7: std::sys::thread::unix::Thread::new::thread_start
   8: <unknown>)
default	16:19:46.816766-0800	Runner	flutter: DEBUG: Dart received AUDIO chunk: 104 bytes (pts_us=476414980708, frames_per_packet=960, codec=0x03)
default	16:19:46.816806-0800	Runner	flutter: [2026-02-28T16:19:46.816388] DEBUG: Dart received AUDIO chunk: 104 bytes (pts_us=476414980708, frames_per_packet=960, codec=0x03)
default	16:19:46.818186-0800	Runner	flutter: pushAudioFrame failed: AnyhowException(sender is not active; call start_sankaku_sender first

Stack backtrace:
   0: std::backtrace::Backtrace::create
   1: std::backtrace::Backtrace::capture
   2: rust_lib_nomikai::api::simple::push_audio_frame
   3: flutter_rust_bridge::misc::panic_backtrace::PanicBacktrace::catch_unwind
   4: <F as threadpool::FnBox>::call_box
   5: std::sys::backtrace::__rust_begin_short_backtrace
   6: core::ops::function::FnOnce::call_once{{vtable.shim}}
   7: std::sys::thread::unix::Thread::new::thread_start
   8: <unknown>)
default	16:19:46.818252-0800	Runner	flutter: [2026-02-28T16:19:46.817534] pushAudioFrame failed: AnyhowException(sender is not active; call start_sankaku_sender first

Stack backtrace:
   0: std::backtrace::Backtrace::create
   1: std::backtrace::Backtrace::capture
   2: rust_lib_nomikai::api::simple::push_audio_frame
   3: flutter_rust_bridge::misc::panic_backtrace::PanicBacktrace::catch_unwind
   4: <F as threadpool::FnBox>::call_box
   5: std::sys::backtrace::__rust_begin_short_backtrace
   6: core::ops::function::FnOnce::call_once{{vtable.shim}}
   7: std::sys::thread::unix::Thread::new::thread_start
   8: <unknown>)
default	16:19:46.827176-0800	Runner	flutter: DEBUG: Dart received VIDEO chunk: 11875 bytes (Keyframe: false, pts_us=476414973401, codec=0x01)
default	16:19:46.827223-0800	Runner	flutter: [2026-02-28T16:19:46.827059] DEBUG: Dart received VIDEO chunk: 11875 bytes (Keyframe: false, pts_us=476414973401, codec=0x01)
default	16:19:46.827836-0800	Runner	flutter: pushVideoFrame failed: AnyhowException(sender is not active; call start_sankaku_sender first

Stack backtrace:
   0: std::backtrace::Backtrace::create
   1: std::backtrace::Backtrace::capture
   2: rust_lib_nomikai::api::simple::push_video_frame
   3: flutter_rust_bridge::misc::panic_backtrace::PanicBacktrace::catch_unwind
   4: <F as threadpool::FnBox>::call_box
   5: std::sys::backtrace::__rust_begin_short_backtrace
   6: core::ops::function::FnOnce::call_once{{vtable.shim}}
   7: std::sys::thread::unix::Thread::new::thread_start
   8: <unknown>)
default	16:19:46.827867-0800	Runner	flutter: [2026-02-28T16:19:46.827758] pushVideoFrame failed: AnyhowException(sender is not active; call start_sankaku_sender first

Stack backtrace:
   0: std::backtrace::Backtrace::create
   1: std::backtrace::Backtrace::capture
   2: rust_lib_nomikai::api::simple::push_video_frame
   3: flutter_rust_bridge::misc::panic_backtrace::PanicBacktrace::catch_unwind
   4: <F as threadpool::FnBox>::call_box
   5: std::sys::backtrace::__rust_begin_short_backtrace
   6: core::ops::function::FnOnce::call_once{{vtable.shim}}
   7: std::sys::thread::unix::Thread::new::thread_start
   8: <unknown>)
default	16:19:46.837404-0800	Runner	flutter: DEBUG: Dart received AUDIO chunk: 104 bytes (pts_us=476415003708, frames_per_packet=960, codec=0x03)
default	16:19:46.837438-0800	Runner	flutter: [2026-02-28T16:19:46.837288] DEBUG: Dart received AUDIO chunk: 104 bytes (pts_us=476415003708, frames_per_packet=960, codec=0x03)
default	16:19:46.837912-0800	Runner	flutter: pushAudioFrame failed: AnyhowException(sender is not active; call start_sankaku_sender first

Stack backtrace:
   0: std::backtrace::Backtrace::create
   1: std::backtrace::Backtrace::capture
   2: rust_lib_nomikai::api::simple::push_audio_frame
   3: flutter_rust_bridge::misc::panic_backtrace::PanicBacktrace::catch_unwind
   4: <F as threadpool::FnBox>::call_box
   5: std::sys::backtrace::__rust_begin_short_backtrace
   6: core::ops::function::FnOnce::call_once{{vtable.shim}}
   7: std::sys::thread::unix::Thread::new::thread_start
   8: <unknown>)
default	16:19:46.837948-0800	Runner	flutter: [2026-02-28T16:19:46.837820] pushAudioFrame failed: AnyhowException(sender is not active; call start_sankaku_sender first

Stack backtrace:
   0: std::backtrace::Backtrace::create
   1: std::backtrace::Backtrace::capture
   2: rust_lib_nomikai::api::simple::push_audio_frame
   3: flutter_rust_bridge::misc::panic_backtrace::PanicBacktrace::catch_unwind
   4: <F as threadpool::FnBox>::call_box
   5: std::sys::backtrace::__rust_begin_short_backtrace
   6: core::ops::function::FnOnce::call_once{{vtable.shim}}
   7: std::sys::thread::unix::Thread::new::thread_start
   8: <unknown>)
default	16:19:46.854527-0800	Runner	flutter: DEBUG: Dart received VIDEO chunk: 14772 bytes (Keyframe: false, pts_us=476415006727, codec=0x01)
default	16:19:46.854602-0800	Runner	flutter: [2026-02-28T16:19:46.854470] DEBUG: Dart received VIDEO chunk: 14772 bytes (Keyframe: false, pts_us=476415006727, codec=0x01)
default	16:19:46.854998-0800	Runner	flutter: pushVideoFrame failed: AnyhowException(sender is not active; call start_sankaku_sender first

Stack backtrace:
   0: std::backtrace::Backtrace::create
   1: std::backtrace::Backtrace::capture
   2: rust_lib_nomikai::api::simple::push_video_frame
   3: flutter_rust_bridge::misc::panic_backtrace::PanicBacktrace::catch_unwind
   4: <F as threadpool::FnBox>::call_box
   5: std::sys::backtrace::__rust_begin_short_backtrace
   6: core::ops::function::FnOnce::call_once{{vtable.shim}}
   7: std::sys::thread::unix::Thread::new::thread_start
   8: <unknown>)
default	16:19:46.855021-0800	Runner	flutter: [2026-02-28T16:19:46.854945] pushVideoFrame failed: AnyhowException(sender is not active; call start_sankaku_sender first

Stack backtrace:
   0: std::backtrace::Backtrace::create
   1: std::backtrace::Backtrace::capture
   2: rust_lib_nomikai::api::simple::push_video_frame
   3: flutter_rust_bridge::misc::panic_backtrace::PanicBacktrace::catch_unwind
   4: <F as threadpool::FnBox>::call_box
   5: std::sys::backtrace::__rust_begin_short_backtrace
   6: core::ops::function::FnOnce::call_once{{vtable.shim}}
   7: std::sys::thread::unix::Thread::new::thread_start
   8: <unknown>)
default	16:19:46.860261-0800	Runner	<private>
default	16:19:46.860522-0800	Runner	flutter: DEBUG: Dart received AUDIO chunk: 104 bytes (pts_us=476415026708, frames_per_packet=960, codec=0x03)
default	16:19:46.860543-0800	Runner	flutter: [2026-02-28T16:19:46.860436] DEBUG: Dart received AUDIO chunk: 104 bytes (pts_us=476415026708, frames_per_packet=960, codec=0x03)
default	16:19:46.860586-0800	Runner	flutter: DEBUG: Dart received AUDIO chunk: 102 bytes (pts_us=476415046708, frames_per_packet=960, codec=0x03)
default	16:19:46.860640-0800	Runner	flutter: [2026-02-28T16:19:46.860503] DEBUG: Dart received AUDIO chunk: 102 bytes (pts_us=476415046708, frames_per_packet=960, codec=0x03)
default	16:19:46.861213-0800	Runner	flutter: pushAudioFrame failed: AnyhowException(sender is not active; call start_sankaku_sender first

Stack backtrace:
   0: std::backtrace::Backtrace::create
   1: std::backtrace::Backtrace::capture
   2: rust_lib_nomikai::api::simple::push_audio_frame
   3: flutter_rust_bridge::misc::panic_backtrace::PanicBacktrace::catch_unwind
   4: <F as threadpool::FnBox>::call_box
   5: std::sys::backtrace::__rust_begin_short_backtrace
   6: core::ops::function::FnOnce::call_once{{vtable.shim}}
   7: std::sys::thread::unix::Thread::new::thread_start
   8: <unknown>)
default	16:19:46.861242-0800	Runner	flutter: [2026-02-28T16:19:46.861155] pushAudioFrame failed: AnyhowException(sender is not active; call start_sankaku_sender first

Stack backtrace:
   0: std::backtrace::Backtrace::create
   1: std::backtrace::Backtrace::capture
   2: rust_lib_nomikai::api::simple::push_audio_frame
   3: flutter_rust_bridge::misc::panic_backtrace::PanicBacktrace::catch_unwind
   4: <F as threadpool::FnBox>::call_box
   5: std::sys::backtrace::__rust_begin_short_backtrace
   6: core::ops::function::FnOnce::call_once{{vtable.shim}}
   7: std::sys::thread::unix::Thread::new::thread_start
   8: <unknown>)
default	16:19:46.861341-0800	Runner	flutter: pushAudioFrame failed: AnyhowException(sender is not active; call start_sankaku_sender first

Stack backtrace:
   0: std::backtrace::Backtrace::create
   1: std::backtrace::Backtrace::capture
   2: rust_lib_nomikai::api::simple::push_audio_frame
   3: flutter_rust_bridge::misc::panic_backtrace::PanicBacktrace::catch_unwind
   4: <F as threadpool::FnBox>::call_box
   5: std::sys::backtrace::__rust_begin_short_backtrace
   6: core::ops::function::FnOnce::call_once{{vtable.shim}}
   7: std::sys::thread::unix::Thread::new::thread_start
   8: <unknown>)
default	16:19:46.861351-0800	Runner	flutter: [2026-02-28T16:19:46.861292] pushAudioFrame failed: AnyhowException(sender is not active; call start_sankaku_sender first

Stack backtrace:
   0: std::backtrace::Backtrace::create
   1: std::backtrace::Backtrace::capture
   2: rust_lib_nomikai::api::simple::push_audio_frame
   3: flutter_rust_bridge::misc::panic_backtrace::PanicBacktrace::catch_unwind
   4: <F as threadpool::FnBox>::call_box
   5: std::sys::backtrace::__rust_begin_short_backtrace
   6: core::ops::function::FnOnce::call_once{{vtable.shim}}
   7: std::sys::thread::unix::Thread::new::thread_start
   8: <unknown>)
default	16:19:46.886708-0800	Runner	flutter: DEBUG: Dart received AUDIO chunk: 104 bytes (pts_us=476415049708, frames_per_packet=960, codec=0x03)
default	16:19:46.886734-0800	Runner	flutter: [2026-02-28T16:19:46.886573] DEBUG: Dart received AUDIO chunk: 104 bytes (pts_us=476415049708, frames_per_packet=960, codec=0x03)
default	16:19:46.887556-0800	Runner	flutter: pushAudioFrame failed: AnyhowException(sender is not active; call start_sankaku_sender first

Stack backtrace:
   0: std::backtrace::Backtrace::create
   1: std::backtrace::Backtrace::capture
   2: rust_lib_nomikai::api::simple::push_audio_frame
   3: flutter_rust_bridge::misc::panic_backtrace::PanicBacktrace::catch_unwind
   4: <F as threadpool::FnBox>::call_box
   5: std::sys::backtrace::__rust_begin_short_backtrace
   6: core::ops::function::FnOnce::call_once{{vtable.shim}}
   7: std::sys::thread::unix::Thread::new::thread_start
   8: <unknown>)
default	16:19:46.887654-0800	Runner	flutter: [2026-02-28T16:19:46.887407] pushAudioFrame failed: AnyhowException(sender is not active; call start_sankaku_sender first

Stack backtrace:
   0: std::backtrace::Backtrace::create
   1: std::backtrace::Backtrace::capture
   2: rust_lib_nomikai::api::simple::push_audio_frame
   3: flutter_rust_bridge::misc::panic_backtrace::PanicBacktrace::catch_unwind
   4: <F as threadpool::FnBox>::call_box
   5: std::sys::backtrace::__rust_begin_short_backtrace
   6: core::ops::function::FnOnce::call_once{{vtable.shim}}
   7: std::sys::thread::unix::Thread::new::thread_start
   8: <unknown>)
default	16:19:46.887983-0800	Runner	flutter: DEBUG: Dart received VIDEO chunk: 10334 bytes (Keyframe: false, pts_us=476415040057, codec=0x01)
default	16:19:46.888025-0800	Runner	flutter: [2026-02-28T16:19:46.887954] DEBUG: Dart received VIDEO chunk: 10334 bytes (Keyframe: false, pts_us=476415040057, codec=0x01)
default	16:19:46.888622-0800	Runner	flutter: pushVideoFrame failed: AnyhowException(sender is not active; call start_sankaku_sender first

Stack backtrace:
   0: std::backtrace::Backtrace::create
   1: std::backtrace::Backtrace::capture
   2: rust_lib_nomikai::api::simple::push_video_frame
   3: flutter_rust_bridge::misc::panic_backtrace::PanicBacktrace::catch_unwind
   4: <F as threadpool::FnBox>::call_box
   5: std::sys::backtrace::__rust_begin_short_backtrace
   6: core::ops::function::FnOnce::call_once{{vtable.shim}}
   7: std::sys::thread::unix::Thread::new::thread_start
   8: <unknown>)
default	16:19:46.888638-0800	Runner	flutter: [2026-02-28T16:19:46.888550] pushVideoFrame failed: AnyhowException(sender is not active; call start_sankaku_sender first

Stack backtrace:
   0: std::backtrace::Backtrace::create
   1: std::backtrace::Backtrace::capture
   2: rust_lib_nomikai::api::simple::push_video_frame
   3: flutter_rust_bridge::misc::panic_backtrace::PanicBacktrace::catch_unwind
   4: <F as threadpool::FnBox>::call_box
   5: std::sys::backtrace::__rust_begin_short_backtrace
   6: core::ops::function::FnOnce::call_once{{vtable.shim}}
   7: std::sys::thread::unix::Thread::new::thread_start
   8: <unknown>)
default	16:19:46.906860-0800	Runner	flutter: DEBUG: Dart received AUDIO chunk: 106 bytes (pts_us=476415072708, frames_per_packet=960, codec=0x03)
default	16:19:46.906874-0800	Runner	flutter: [2026-02-28T16:19:46.906734] DEBUG: Dart received AUDIO chunk: 106 bytes (pts_us=476415072708, frames_per_packet=960, codec=0x03)
default	16:19:46.912477-0800	Runner	flutter: pushAudioFrame failed: AnyhowException(sender is not active; call start_sankaku_sender first

Stack backtrace:
   0: std::backtrace::Backtrace::create
   1: std::backtrace::Backtrace::capture
   2: rust_lib_nomikai::api::simple::push_audio_frame
   3: flutter_rust_bridge::misc::panic_backtrace::PanicBacktrace::catch_unwind
   4: <F as threadpool::FnBox>::call_box
   5: std::sys::backtrace::__rust_begin_short_backtrace
   6: core::ops::function::FnOnce::call_once{{vtable.shim}}
   7: std::sys::thread::unix::Thread::new::thread_start
   8: <unknown>)
default	16:19:46.912523-0800	Runner	flutter: [2026-02-28T16:19:46.912367] pushAudioFrame failed: AnyhowException(sender is not active; call start_sankaku_sender first

Stack backtrace:
   0: std::backtrace::Backtrace::create
   1: std::backtrace::Backtrace::capture
   2: rust_lib_nomikai::api::simple::push_audio_frame
   3: flutter_rust_bridge::misc::panic_backtrace::PanicBacktrace::catch_unwind
   4: <F as threadpool::FnBox>::call_box
   5: std::sys::backtrace::__rust_begin_short_backtrace
   6: core::ops::function::FnOnce::call_once{{vtable.shim}}
   7: std::sys::thread::unix::Thread::new::thread_start
   8: <unknown>)
default	16:19:46.922548-0800	Runner	flutter: DEBUG: Dart received VIDEO chunk: 9160 bytes (Keyframe: false, pts_us=476415073395, codec=0x01)
default	16:19:46.922655-0800	Runner	flutter: [2026-02-28T16:19:46.922354] DEBUG: Dart received VIDEO chunk: 9160 bytes (Keyframe: false, pts_us=476415073395, codec=0x01)
default	16:19:46.922986-0800	Runner	flutter: pushVideoFrame failed: AnyhowException(sender is not active; call start_sankaku_sender first

Stack backtrace:
   0: std::backtrace::Backtrace::create
   1: std::backtrace::Backtrace::capture
   2: rust_lib_nomikai::api::simple::push_video_frame
   3: flutter_rust_bridge::misc::panic_backtrace::PanicBacktrace::catch_unwind
   4: <F as threadpool::FnBox>::call_box
   5: std::sys::backtrace::__rust_begin_short_backtrace
   6: core::ops::function::FnOnce::call_once{{vtable.shim}}
   7: std::sys::thread::unix::Thread::new::thread_start
   8: <unknown>)
default	16:19:46.923047-0800	Runner	flutter: [2026-02-28T16:19:46.922941] pushVideoFrame failed: AnyhowException(sender is not active; call start_sankaku_sender first

Stack backtrace:
   0: std::backtrace::Backtrace::create
   1: std::backtrace::Backtrace::capture
   2: rust_lib_nomikai::api::simple::push_video_frame
   3: flutter_rust_bridge::misc::panic_backtrace::PanicBacktrace::catch_unwind
   4: <F as threadpool::FnBox>::call_box
   5: std::sys::backtrace::__rust_begin_short_backtrace
   6: core::ops::function::FnOnce::call_once{{vtable.shim}}
   7: std::sys::thread::unix::Thread::new::thread_start
   8: <unknown>)
default	16:19:46.929678-0800	Runner	flutter: DEBUG: Dart received AUDIO chunk: 104 bytes (pts_us=476415095708, frames_per_packet=960, codec=0x03)
default	16:19:46.929691-0800	Runner	flutter: [2026-02-28T16:19:46.929634] DEBUG: Dart received AUDIO chunk: 104 bytes (pts_us=476415095708, frames_per_packet=960, codec=0x03)
default	16:19:46.930207-0800	Runner	flutter: pushAudioFrame failed: AnyhowException(sender is not active; call start_sankaku_sender first

Stack backtrace:
   0: std::backtrace::Backtrace::create
   1: std::backtrace::Backtrace::capture
   2: rust_lib_nomikai::api::simple::push_audio_frame
   3: flutter_rust_bridge::misc::panic_backtrace::PanicBacktrace::catch_unwind
   4: <F as threadpool::FnBox>::call_box
   5: std::sys::backtrace::__rust_begin_short_backtrace
   6: core::ops::function::FnOnce::call_once{{vtable.shim}}
   7: std::sys::thread::unix::Thread::new::thread_start
   8: <unknown>)
default	16:19:46.930246-0800	Runner	flutter: [2026-02-28T16:19:46.930105] pushAudioFrame failed: AnyhowException(sender is not active; call start_sankaku_sender first

Stack backtrace:
   0: std::backtrace::Backtrace::create
   1: std::backtrace::Backtrace::capture
   2: rust_lib_nomikai::api::simple::push_audio_frame
   3: flutter_rust_bridge::misc::panic_backtrace::PanicBacktrace::catch_unwind
   4: <F as threadpool::FnBox>::call_box
   5: std::sys::backtrace::__rust_begin_short_backtrace
   6: core::ops::function::FnOnce::call_once{{vtable.shim}}
   7: std::sys::thread::unix::Thread::new::thread_start
   8: <unknown>)
default	16:19:46.952255-0800	Runner	flutter: DEBUG: Dart received AUDIO chunk: 102 bytes (pts_us=476415118708, frames_per_packet=960, codec=0x03)
default	16:19:46.952282-0800	Runner	flutter: [2026-02-28T16:19:46.952114] DEBUG: Dart received AUDIO chunk: 102 bytes (pts_us=476415118708, frames_per_packet=960, codec=0x03)
default	16:19:46.953052-0800	Runner	flutter: pushAudioFrame failed: AnyhowException(sender is not active; call start_sankaku_sender first

Stack backtrace:
   0: std::backtrace::Backtrace::create
   1: std::backtrace::Backtrace::capture
   2: rust_lib_nomikai::api::simple::push_audio_frame
   3: flutter_rust_bridge::misc::panic_backtrace::PanicBacktrace::catch_unwind
   4: <F as threadpool::FnBox>::call_box
   5: std::sys::backtrace::__rust_begin_short_backtrace
   6: core::ops::function::FnOnce::call_once{{vtable.shim}}
   7: std::sys::thread::unix::Thread::new::thread_start
   8: <unknown>)
default	16:19:46.953084-0800	Runner	flutter: [2026-02-28T16:19:46.952922] pushAudioFrame failed: AnyhowException(sender is not active; call start_sankaku_sender first

Stack backtrace:
   0: std::backtrace::Backtrace::create
   1: std::backtrace::Backtrace::capture
   2: rust_lib_nomikai::api::simple::push_audio_frame
   3: flutter_rust_bridge::misc::panic_backtrace::PanicBacktrace::catch_unwind
   4: <F as threadpool::FnBox>::call_box
   5: std::sys::backtrace::__rust_begin_short_backtrace
   6: core::ops::function::FnOnce::call_once{{vtable.shim}}
   7: std::sys::thread::unix::Thread::new::thread_start
   8: <unknown>)
default	16:19:46.955084-0800	Runner	flutter: DEBUG: Dart received VIDEO chunk: 9262 bytes (Keyframe: false, pts_us=476415106722, codec=0x01)
default	16:19:46.955101-0800	Runner	flutter: [2026-02-28T16:19:46.954968] DEBUG: Dart received VIDEO chunk: 9262 bytes (Keyframe: false, pts_us=476415106722, codec=0x01)
default	16:19:46.955661-0800	Runner	flutter: pushVideoFrame failed: AnyhowException(sender is not active; call start_sankaku_sender first

Stack backtrace:
   0: std::backtrace::Backtrace::create
   1: std::backtrace::Backtrace::capture
   2: rust_lib_nomikai::api::simple::push_video_frame
   3: flutter_rust_bridge::misc::panic_backtrace::PanicBacktrace::catch_unwind
   4: <F as threadpool::FnBox>::call_box
   5: std::sys::backtrace::__rust_begin_short_backtrace
   6: core::ops::function::FnOnce::call_once{{vtable.shim}}
   7: std::sys::thread::unix::Thread::new::thread_start
   8: <unknown>)
default	16:19:46.955689-0800	Runner	flutter: [2026-02-28T16:19:46.955552] pushVideoFrame failed: AnyhowException(sender is not active; call start_sankaku_sender first

Stack backtrace:
   0: std::backtrace::Backtrace::create
   1: std::backtrace::Backtrace::capture
   2: rust_lib_nomikai::api::simple::push_video_frame
   3: flutter_rust_bridge::misc::panic_backtrace::PanicBacktrace::catch_unwind
   4: <F as threadpool::FnBox>::call_box
   5: std::sys::backtrace::__rust_begin_short_backtrace
   6: core::ops::function::FnOnce::call_once{{vtable.shim}}
   7: std::sys::thread::unix::Thread::new::thread_start
   8: <unknown>)
default	16:19:46.975837-0800	Runner	flutter: DEBUG: Dart received AUDIO chunk: 105 bytes (pts_us=476415141708, frames_per_packet=960, codec=0x03)
default	16:19:46.975867-0800	Runner	flutter: [2026-02-28T16:19:46.975624] DEBUG: Dart received AUDIO chunk: 105 bytes (pts_us=476415141708, frames_per_packet=960, codec=0x03)
default	16:19:46.976660-0800	Runner	flutter: pushAudioFrame failed: AnyhowException(sender is not active; call start_sankaku_sender first

Stack backtrace:
   0: std::backtrace::Backtrace::create
   1: std::backtrace::Backtrace::capture
   2: rust_lib_nomikai::api::simple::push_audio_frame
   3: flutter_rust_bridge::misc::panic_backtrace::PanicBacktrace::catch_unwind
   4: <F as threadpool::FnBox>::call_box
   5: std::sys::backtrace::__rust_begin_short_backtrace
   6: core::ops::function::FnOnce::call_once{{vtable.shim}}
   7: std::sys::thread::unix::Thread::new::thread_start
   8: <unknown>)
default	16:19:46.976701-0800	Runner	flutter: [2026-02-28T16:19:46.976509] pushAudioFrame failed: AnyhowException(sender is not active; call start_sankaku_sender first

Stack backtrace:
   0: std::backtrace::Backtrace::create
   1: std::backtrace::Backtrace::capture
   2: rust_lib_nomikai::api::simple::push_audio_frame
   3: flutter_rust_bridge::misc::panic_backtrace::PanicBacktrace::catch_unwind
   4: <F as threadpool::FnBox>::call_box
   5: std::sys::backtrace::__rust_begin_short_backtrace
   6: core::ops::function::FnOnce::call_once{{vtable.shim}}
   7: std::sys::thread::unix::Thread::new::thread_start
   8: <unknown>)
default	16:19:46.989615-0800	Runner	flutter: DEBUG: Dart received VIDEO chunk: 7963 bytes (Keyframe: false, pts_us=476415140040, codec=0x01)
default	16:19:46.989640-0800	Runner	flutter: [2026-02-28T16:19:46.989513] DEBUG: Dart received VIDEO chunk: 7963 bytes (Keyframe: false, pts_us=476415140040, codec=0x01)
default	16:19:46.994396-0800	Runner	flutter: pushVideoFrame failed: AnyhowException(sender is not active; call start_sankaku_sender first

Stack backtrace:
   0: std::backtrace::Backtrace::create
   1: std::backtrace::Backtrace::capture
   2: rust_lib_nomikai::api::simple::push_video_frame
   3: flutter_rust_bridge::misc::panic_backtrace::PanicBacktrace::catch_unwind
   4: <F as threadpool::FnBox>::call_box
   5: std::sys::backtrace::__rust_begin_short_backtrace
   6: core::ops::function::FnOnce::call_once{{vtable.shim}}
   7: std::sys::thread::unix::Thread::new::thread_start
   8: <unknown>)
default	16:19:46.994524-0800	Runner	flutter: [2026-02-28T16:19:46.994297] pushVideoFrame failed: AnyhowException(sender is not active; call start_sankaku_sender first

Stack backtrace:
   0: std::backtrace::Backtrace::create
   1: std::backtrace::Backtrace::capture
   2: rust_lib_nomikai::api::simple::push_video_frame
   3: flutter_rust_bridge::misc::panic_backtrace::PanicBacktrace::catch_unwind
   4: <F as threadpool::FnBox>::call_box
   5: std::sys::backtrace::__rust_begin_short_backtrace
   6: core::ops::function::FnOnce::call_once{{vtable.shim}}
   7: std::sys::thread::unix::Thread::new::thread_start
   8: <unknown>)
default	16:19:46.998115-0800	Runner	flutter: DEBUG: Dart received AUDIO chunk: 103 bytes (pts_us=476415164708, frames_per_packet=960, codec=0x03)
default	16:19:46.998143-0800	Runner	flutter: [2026-02-28T16:19:46.998061] DEBUG: Dart received AUDIO chunk: 103 bytes (pts_us=476415164708, frames_per_packet=960, codec=0x03)
default	16:19:47.001496-0800	Runner	flutter: pushAudioFrame failed: AnyhowException(sender is not active; call start_sankaku_sender first

Stack backtrace:
   0: std::backtrace::Backtrace::create
   1: std::backtrace::Backtrace::capture
   2: rust_lib_nomikai::api::simple::push_audio_frame
   3: flutter_rust_bridge::misc::panic_backtrace::PanicBacktrace::catch_unwind
   4: <F as threadpool::FnBox>::call_box
   5: std::sys::backtrace::__rust_begin_short_backtrace
   6: core::ops::function::FnOnce::call_once{{vtable.shim}}
   7: std::sys::thread::unix::Thread::new::thread_start
   8: <unknown>)
default	16:19:47.001544-0800	Runner	flutter: [2026-02-28T16:19:47.001346] pushAudioFrame failed: AnyhowException(sender is not active; call start_sankaku_sender first

Stack backtrace:
   0: std::backtrace::Backtrace::create
   1: std::backtrace::Backtrace::capture
   2: rust_lib_nomikai::api::simple::push_audio_frame
   3: flutter_rust_bridge::misc::panic_backtrace::PanicBacktrace::catch_unwind
   4: <F as threadpool::FnBox>::call_box
   5: std::sys::backtrace::__rust_begin_short_backtrace
   6: core::ops::function::FnOnce::call_once{{vtable.shim}}
   7: std::sys::thread::unix::Thread::new::thread_start
   8: <unknown>)
default	16:19:47.023252-0800	Runner	flutter: DEBUG: Dart received VIDEO chunk: 8523 bytes (Keyframe: false, pts_us=476415173376, codec=0x01)
default	16:19:47.023261-0800	Runner	flutter: [2026-02-28T16:19:47.022374] DEBUG: Dart received VIDEO chunk: 8523 bytes (Keyframe: false, pts_us=476415173376, codec=0x01)
default	16:19:47.023272-0800	Runner	<private>
default	16:19:47.023288-0800	Runner	flutter: DEBUG: Dart received AUDIO chunk: 103 bytes (pts_us=476415187708, frames_per_packet=960, codec=0x03)
default	16:19:47.023318-0800	Runner	flutter: [2026-02-28T16:19:47.023087] DEBUG: Dart received AUDIO chunk: 103 bytes (pts_us=476415187708, frames_per_packet=960, codec=0x03)
default	16:19:47.023490-0800	Runner	flutter: DEBUG: Dart received AUDIO chunk: 104 bytes (pts_us=476415207708, frames_per_packet=960, codec=0x03)
default	16:19:47.023503-0800	Runner	flutter: [2026-02-28T16:19:47.023280] DEBUG: Dart received AUDIO chunk: 104 bytes (pts_us=476415207708, frames_per_packet=960, codec=0x03)
default	16:19:47.023514-0800	Runner	flutter: pushVideoFrame failed: AnyhowException(sender is not active; call start_sankaku_sender first

Stack backtrace:
   0: std::backtrace::Backtrace::create
   1: std::backtrace::Backtrace::capture
   2: rust_lib_nomikai::api::simple::push_video_frame
   3: flutter_rust_bridge::misc::panic_backtrace::PanicBacktrace::catch_unwind
   4: <F as threadpool::FnBox>::call_box
   5: std::sys::backtrace::__rust_begin_short_backtrace
   6: core::ops::function::FnOnce::call_once{{vtable.shim}}
   7: std::sys::thread::unix::Thread::new::thread_start
   8: <unknown>)
default	16:19:47.023617-0800	Runner	flutter: [2026-02-28T16:19:47.023433] pushVideoFrame failed: AnyhowException(sender is not active; call start_sankaku_sender first

Stack backtrace:
   0: std::backtrace::Backtrace::create
   1: std::backtrace::Backtrace::capture
   2: rust_lib_nomikai::api::simple::push_video_frame
   3: flutter_rust_bridge::misc::panic_backtrace::PanicBacktrace::catch_unwind
   4: <F as threadpool::FnBox>::call_box
   5: std::sys::backtrace::__rust_begin_short_backtrace
   6: core::ops::function::FnOnce::call_once{{vtable.shim}}
   7: std::sys::thread::unix::Thread::new::thread_start
   8: <unknown>)
default	16:19:47.027898-0800	Runner	flutter: pushAudioFrame failed: AnyhowException(sender is not active; call start_sankaku_sender first

Stack backtrace:
   0: std::backtrace::Backtrace::create
   1: std::backtrace::Backtrace::capture
   2: rust_lib_nomikai::api::simple::push_audio_frame
   3: flutter_rust_bridge::misc::panic_backtrace::PanicBacktrace::catch_unwind
   4: <F as threadpool::FnBox>::call_box
   5: std::sys::backtrace::__rust_begin_short_backtrace
   6: core::ops::function::FnOnce::call_once{{vtable.shim}}
   7: std::sys::thread::unix::Thread::new::thread_start
   8: <unknown>)
default	16:19:47.027946-0800	Runner	flutter: [2026-02-28T16:19:47.027756] pushAudioFrame failed: AnyhowException(sender is not active; call start_sankaku_sender first

Stack backtrace:
   0: std::backtrace::Backtrace::create
   1: std::backtrace::Backtrace::capture
   2: rust_lib_nomikai::api::simple::push_audio_frame
   3: flutter_rust_bridge::misc::panic_backtrace::PanicBacktrace::catch_unwind
   4: <F as threadpool::FnBox>::call_box
   5: std::sys::backtrace::__rust_begin_short_backtrace
   6: core::ops::function::FnOnce::call_once{{vtable.shim}}
   7: std::sys::thread::unix::Thread::new::thread_start
   8: <unknown>)
default	16:19:47.028136-0800	Runner	flutter: pushAudioFrame failed: AnyhowException(sender is not active; call start_sankaku_sender first

Stack backtrace:
   0: std::backtrace::Backtrace::create
   1: std::backtrace::Backtrace::capture
   2: rust_lib_nomikai::api::simple::push_audio_frame
   3: flutter_rust_bridge::misc::panic_backtrace::PanicBacktrace::catch_unwind
   4: <F as threadpool::FnBox>::call_box
   5: std::sys::backtrace::__rust_begin_short_backtrace
   6: core::ops::function::FnOnce::call_once{{vtable.shim}}
   7: std::sys::thread::unix::Thread::new::thread_start
   8: <unknown>)
default	16:19:47.028156-0800	Runner	flutter: [2026-02-28T16:19:47.028040] pushAudioFrame failed: AnyhowException(sender is not active; call start_sankaku_sender first

Stack backtrace:
   0: std::backtrace::Backtrace::create
   1: std::backtrace::Backtrace::capture
   2: rust_lib_nomikai::api::simple::push_audio_frame
   3: flutter_rust_bridge::misc::panic_backtrace::PanicBacktrace::catch_unwind
   4: <F as threadpool::FnBox>::call_box
   5: std::sys::backtrace::__rust_begin_short_backtrace
   6: core::ops::function::FnOnce::call_once{{vtable.shim}}
   7: std::sys::thread::unix::Thread::new::thread_start
   8: <unknown>)
default	16:19:47.044760-0800	Runner	flutter: DEBUG: Dart received AUDIO chunk: 104 bytes (pts_us=476415210708, frames_per_packet=960, codec=0x03)
default	16:19:47.044814-0800	Runner	flutter: [2026-02-28T16:19:47.044608] DEBUG: Dart received AUDIO chunk: 104 bytes (pts_us=476415210708, frames_per_packet=960, codec=0x03)
default	16:19:47.045587-0800	Runner	flutter: pushAudioFrame failed: AnyhowException(sender is not active; call start_sankaku_sender first

Stack backtrace:
   0: std::backtrace::Backtrace::create
   1: std::backtrace::Backtrace::capture
   2: rust_lib_nomikai::api::simple::push_audio_frame
   3: flutter_rust_bridge::misc::panic_backtrace::PanicBacktrace::catch_unwind
   4: <F as threadpool::FnBox>::call_box
   5: std::sys::backtrace::__rust_begin_short_backtrace
   6: core::ops::function::FnOnce::call_once{{vtable.shim}}
   7: std::sys::thread::unix::Thread::new::thread_start
   8: <unknown>)
default	16:19:47.045624-0800	Runner	flutter: [2026-02-28T16:19:47.045473] pushAudioFrame failed: AnyhowException(sender is not active; call start_sankaku_sender first

Stack backtrace:
   0: std::backtrace::Backtrace::create
   1: std::backtrace::Backtrace::capture
   2: rust_lib_nomikai::api::simple::push_audio_frame
   3: flutter_rust_bridge::misc::panic_backtrace::PanicBacktrace::catch_unwind
   4: <F as threadpool::FnBox>::call_box
   5: std::sys::backtrace::__rust_begin_short_backtrace
   6: core::ops::function::FnOnce::call_once{{vtable.shim}}
   7: std::sys::thread::unix::Thread::new::thread_start
   8: <unknown>)
default	16:19:47.053478-0800	Runner	flutter: DEBUG: Dart received VIDEO chunk: 10620 bytes (Keyframe: false, pts_us=476415206708, codec=0x01)
default	16:19:47.053541-0800	Runner	flutter: [2026-02-28T16:19:47.053404] DEBUG: Dart received VIDEO chunk: 10620 bytes (Keyframe: false, pts_us=476415206708, codec=0x01)
default	16:19:47.054012-0800	Runner	flutter: pushVideoFrame failed: AnyhowException(sender is not active; call start_sankaku_sender first

Stack backtrace:
   0: std::backtrace::Backtrace::create
   1: std::backtrace::Backtrace::capture
   2: rust_lib_nomikai::api::simple::push_video_frame
   3: flutter_rust_bridge::misc::panic_backtrace::PanicBacktrace::catch_unwind
   4: <F as threadpool::FnBox>::call_box
   5: std::sys::backtrace::__rust_begin_short_backtrace
   6: core::ops::function::FnOnce::call_once{{vtable.shim}}
   7: std::sys::thread::unix::Thread::new::thread_start
   8: <unknown>)
default	16:19:47.054043-0800	Runner	flutter: [2026-02-28T16:19:47.053932] pushVideoFrame failed: AnyhowException(sender is not active; call start_sankaku_sender first

Stack backtrace:
   0: std::backtrace::Backtrace::create
   1: std::backtrace::Backtrace::capture
   2: rust_lib_nomikai::api::simple::push_video_frame
   3: flutter_rust_bridge::misc::panic_backtrace::PanicBacktrace::catch_unwind
   4: <F as threadpool::FnBox>::call_box
   5: std::sys::backtrace::__rust_begin_short_backtrace
   6: core::ops::function::FnOnce::call_once{{vtable.shim}}
   7: std::sys::thread::unix::Thread::new::thread_start
   8: <unknown>)
default	16:19:47.067388-0800	Runner	flutter: DEBUG: Dart received AUDIO chunk: 103 bytes (pts_us=476415233708, frames_per_packet=960, codec=0x03)
default	16:19:47.067452-0800	Runner	flutter: [2026-02-28T16:19:47.067252] DEBUG: Dart received AUDIO chunk: 103 bytes (pts_us=476415233708, frames_per_packet=960, codec=0x03)
default	16:19:47.068169-0800	Runner	flutter: pushAudioFrame failed: AnyhowException(sender is not active; call start_sankaku_sender first

Stack backtrace:
   0: std::backtrace::Backtrace::create
   1: std::backtrace::Backtrace::capture
   2: rust_lib_nomikai::api::simple::push_audio_frame
   3: flutter_rust_bridge::misc::panic_backtrace::PanicBacktrace::catch_unwind
   4: <F as threadpool::FnBox>::call_box
   5: std::sys::backtrace::__rust_begin_short_backtrace
   6: core::ops::function::FnOnce::call_once{{vtable.shim}}
   7: std::sys::thread::unix::Thread::new::thread_start
   8: <unknown>)
default	16:19:47.068208-0800	Runner	flutter: [2026-02-28T16:19:47.068070] pushAudioFrame failed: AnyhowException(sender is not active; call start_sankaku_sender first

Stack backtrace:
   0: std::backtrace::Backtrace::create
   1: std::backtrace::Backtrace::capture
   2: rust_lib_nomikai::api::simple::push_audio_frame
   3: flutter_rust_bridge::misc::panic_backtrace::PanicBacktrace::catch_unwind
   4: <F as threadpool::FnBox>::call_box
   5: std::sys::backtrace::__rust_begin_short_backtrace
   6: core::ops::function::FnOnce::call_once{{vtable.shim}}
   7: std::sys::thread::unix::Thread::new::thread_start
   8: <unknown>)
default	16:19:47.088787-0800	Runner	flutter: DEBUG: Dart received VIDEO chunk: 11638 bytes (Keyframe: false, pts_us=476415240031, codec=0x01)
default	16:19:47.088819-0800	Runner	flutter: [2026-02-28T16:19:47.088603] DEBUG: Dart received VIDEO chunk: 11638 bytes (Keyframe: false, pts_us=476415240031, codec=0x01)
default	16:19:47.089734-0800	Runner	flutter: pushVideoFrame failed: AnyhowException(sender is not active; call start_sankaku_sender first

Stack backtrace:
   0: std::backtrace::Backtrace::create
   1: std::backtrace::Backtrace::capture
   2: rust_lib_nomikai::api::simple::push_video_frame
   3: flutter_rust_bridge::misc::panic_backtrace::PanicBacktrace::catch_unwind
   4: <F as threadpool::FnBox>::call_box
   5: std::sys::backtrace::__rust_begin_short_backtrace
   6: core::ops::function::FnOnce::call_once{{vtable.shim}}
   7: std::sys::thread::unix::Thread::new::thread_start
   8: <unknown>)
default	16:19:47.089757-0800	Runner	flutter: [2026-02-28T16:19:47.089605] pushVideoFrame failed: AnyhowException(sender is not active; call start_sankaku_sender first

Stack backtrace:
   0: std::backtrace::Backtrace::create
   1: std::backtrace::Backtrace::capture
   2: rust_lib_nomikai::api::simple::push_video_frame
   3: flutter_rust_bridge::misc::panic_backtrace::PanicBacktrace::catch_unwind
   4: <F as threadpool::FnBox>::call_box
   5: std::sys::backtrace::__rust_begin_short_backtrace
   6: core::ops::function::FnOnce::call_once{{vtable.shim}}
   7: std::sys::thread::unix::Thread::new::thread_start
   8: <unknown>)
default	16:19:47.093914-0800	Runner	flutter: DEBUG: Dart received AUDIO chunk: 105 bytes (pts_us=476415256708, frames_per_packet=960, codec=0x03)
default	16:19:47.093926-0800	Runner	flutter: [2026-02-28T16:19:47.090309] DEBUG: Dart received AUDIO chunk: 105 bytes (pts_us=476415256708, frames_per_packet=960, codec=0x03)
default	16:19:47.095288-0800	Runner	flutter: pushAudioFrame failed: AnyhowException(sender is not active; call start_sankaku_sender first

Stack backtrace:
   0: std::backtrace::Backtrace::create
   1: std::backtrace::Backtrace::capture
   2: rust_lib_nomikai::api::simple::push_audio_frame
   3: flutter_rust_bridge::misc::panic_backtrace::PanicBacktrace::catch_unwind
   4: <F as threadpool::FnBox>::call_box
   5: std::sys::backtrace::__rust_begin_short_backtrace
   6: core::ops::function::FnOnce::call_once{{vtable.shim}}
   7: std::sys::thread::unix::Thread::new::thread_start
   8: <unknown>)
default	16:19:47.095309-0800	Runner	flutter: [2026-02-28T16:19:47.095209] pushAudioFrame failed: AnyhowException(sender is not active; call start_sankaku_sender first

Stack backtrace:
   0: std::backtrace::Backtrace::create
   1: std::backtrace::Backtrace::capture
   2: rust_lib_nomikai::api::simple::push_audio_frame
   3: flutter_rust_bridge::misc::panic_backtrace::PanicBacktrace::catch_unwind
   4: <F as threadpool::FnBox>::call_box
   5: std::sys::backtrace::__rust_begin_short_backtrace
   6: core::ops::function::FnOnce::call_once{{vtable.shim}}
   7: std::sys::thread::unix::Thread::new::thread_start
   8: <unknown>)
default	16:19:47.114142-0800	Runner	flutter: DEBUG: Dart received AUDIO chunk: 98 bytes (pts_us=476415279708, frames_per_packet=960, codec=0x03)
default	16:19:47.114156-0800	Runner	flutter: [2026-02-28T16:19:47.113969] DEBUG: Dart received AUDIO chunk: 98 bytes (pts_us=476415279708, frames_per_packet=960, codec=0x03)
default	16:19:47.114823-0800	Runner	flutter: pushAudioFrame failed: AnyhowException(sender is not active; call start_sankaku_sender first

Stack backtrace:
   0: std::backtrace::Backtrace::create
   1: std::backtrace::Backtrace::capture
   2: rust_lib_nomikai::api::simple::push_audio_frame
   3: flutter_rust_bridge::misc::panic_backtrace::PanicBacktrace::catch_unwind
   4: <F as threadpool::FnBox>::call_box
   5: std::sys::backtrace::__rust_begin_short_backtrace
   6: core::ops::function::FnOnce::call_once{{vtable.shim}}
   7: std::sys::thread::unix::Thread::new::thread_start
   8: <unknown>)
default	16:19:47.114851-0800	Runner	flutter: [2026-02-28T16:19:47.114706] pushAudioFrame failed: AnyhowException(sender is not active; call start_sankaku_sender first

Stack backtrace:
   0: std::backtrace::Backtrace::create
   1: std::backtrace::Backtrace::capture
   2: rust_lib_nomikai::api::simple::push_audio_frame
   3: flutter_rust_bridge::misc::panic_backtrace::PanicBacktrace::catch_unwind
   4: <F as threadpool::FnBox>::call_box
   5: std::sys::backtrace::__rust_begin_short_backtrace
   6: core::ops::function::FnOnce::call_once{{vtable.shim}}
   7: std::sys::thread::unix::Thread::new::thread_start
   8: <unknown>)
default	16:19:47.122247-0800	Runner	flutter: DEBUG: Dart received VIDEO chunk: 9175 bytes (Keyframe: false, pts_us=476415273372, codec=0x01)
default	16:19:47.122356-0800	Runner	flutter: [2026-02-28T16:19:47.122190] DEBUG: Dart received VIDEO chunk: 9175 bytes (Keyframe: false, pts_us=476415273372, codec=0x01)
default	16:19:47.123011-0800	Runner	flutter: pushVideoFrame failed: AnyhowException(sender is not active; call start_sankaku_sender first

Stack backtrace:
   0: std::backtrace::Backtrace::create
   1: std::backtrace::Backtrace::capture
   2: rust_lib_nomikai::api::simple::push_video_frame
   3: flutter_rust_bridge::misc::panic_backtrace::PanicBacktrace::catch_unwind
   4: <F as threadpool::FnBox>::call_box
   5: std::sys::backtrace::__rust_begin_short_backtrace
   6: core::ops::function::FnOnce::call_once{{vtable.shim}}
   7: std::sys::thread::unix::Thread::new::thread_start
   8: <unknown>)
default	16:19:47.123037-0800	Runner	flutter: [2026-02-28T16:19:47.122900] pushVideoFrame failed: AnyhowException(sender is not active; call start_sankaku_sender first

Stack backtrace:
   0: std::backtrace::Backtrace::create
   1: std::backtrace::Backtrace::capture
   2: rust_lib_nomikai::api::simple::push_video_frame
   3: flutter_rust_bridge::misc::panic_backtrace::PanicBacktrace::catch_unwind
   4: <F as threadpool::FnBox>::call_box
   5: std::sys::backtrace::__rust_begin_short_backtrace
   6: core::ops::function::FnOnce::call_once{{vtable.shim}}
   7: std::sys::thread::unix::Thread::new::thread_start
   8: <unknown>)
default	16:19:47.136976-0800	Runner	flutter: DEBUG: Dart received AUDIO chunk: 100 bytes (pts_us=476415302708, frames_per_packet=960, codec=0x03)
default	16:19:47.137028-0800	Runner	flutter: [2026-02-28T16:19:47.136841] DEBUG: Dart received AUDIO chunk: 100 bytes (pts_us=476415302708, frames_per_packet=960, codec=0x03)
default	16:19:47.137768-0800	Runner	flutter: pushAudioFrame failed: AnyhowException(sender is not active; call start_sankaku_sender first

Stack backtrace:
   0: std::backtrace::Backtrace::create
   1: std::backtrace::Backtrace::capture
   2: rust_lib_nomikai::api::simple::push_audio_frame
   3: flutter_rust_bridge::misc::panic_backtrace::PanicBacktrace::catch_unwind
   4: <F as threadpool::FnBox>::call_box
   5: std::sys::backtrace::__rust_begin_short_backtrace
   6: core::ops::function::FnOnce::call_once{{vtable.shim}}
   7: std::sys::thread::unix::Thread::new::thread_start
   8: <unknown>)
default	16:19:47.137813-0800	Runner	flutter: [2026-02-28T16:19:47.137645] pushAudioFrame failed: AnyhowException(sender is not active; call start_sankaku_sender first

Stack backtrace:
   0: std::backtrace::Backtrace::create
   1: std::backtrace::Backtrace::capture
   2: rust_lib_nomikai::api::simple::push_audio_frame
   3: flutter_rust_bridge::misc::panic_backtrace::PanicBacktrace::catch_unwind
   4: <F as threadpool::FnBox>::call_box
   5: std::sys::backtrace::__rust_begin_short_backtrace
   6: core::ops::function::FnOnce::call_once{{vtable.shim}}
   7: std::sys::thread::unix::Thread::new::thread_start
   8: <unknown>)
default	16:19:47.155462-0800	Runner	flutter: DEBUG: Dart received VIDEO chunk: 8630 bytes (Keyframe: false, pts_us=476415306697, codec=0x01)
default	16:19:47.155491-0800	Runner	flutter: [2026-02-28T16:19:47.155312] DEBUG: Dart received VIDEO chunk: 8630 bytes (Keyframe: false, pts_us=476415306697, codec=0x01)
default	16:19:47.156182-0800	Runner	flutter: pushVideoFrame failed: AnyhowException(sender is not active; call start_sankaku_sender first

Stack backtrace:
   0: std::backtrace::Backtrace::create
   1: std::backtrace::Backtrace::capture
   2: rust_lib_nomikai::api::simple::push_video_frame
   3: flutter_rust_bridge::misc::panic_backtrace::PanicBacktrace::catch_unwind
   4: <F as threadpool::FnBox>::call_box
   5: std::sys::backtrace::__rust_begin_short_backtrace
   6: core::ops::function::FnOnce::call_once{{vtable.shim}}
   7: std::sys::thread::unix::Thread::new::thread_start
   8: <unknown>)
default	16:19:47.156213-0800	Runner	flutter: [2026-02-28T16:19:47.156065] pushVideoFrame failed: AnyhowException(sender is not active; call start_sankaku_sender first

Stack backtrace:
   0: std::backtrace::Backtrace::create
   1: std::backtrace::Backtrace::capture
   2: rust_lib_nomikai::api::simple::push_video_frame
   3: flutter_rust_bridge::misc::panic_backtrace::PanicBacktrace::catch_unwind
   4: <F as threadpool::FnBox>::call_box
   5: std::sys::backtrace::__rust_begin_short_backtrace
   6: core::ops::function::FnOnce::call_once{{vtable.shim}}
   7: std::sys::thread::unix::Thread::new::thread_start
   8: <unknown>)
default	16:19:47.160933-0800	Runner	flutter: DEBUG: Dart received AUDIO chunk: 99 bytes (pts_us=476415325708, frames_per_packet=960, codec=0x03)
default	16:19:47.160953-0800	Runner	flutter: [2026-02-28T16:19:47.160808] DEBUG: Dart received AUDIO chunk: 99 bytes (pts_us=476415325708, frames_per_packet=960, codec=0x03)
default	16:19:47.162133-0800	Runner	flutter: pushAudioFrame failed: AnyhowException(sender is not active; call start_sankaku_sender first

Stack backtrace:
   0: std::backtrace::Backtrace::create
   1: std::backtrace::Backtrace::capture
   2: rust_lib_nomikai::api::simple::push_audio_frame
   3: flutter_rust_bridge::misc::panic_backtrace::PanicBacktrace::catch_unwind
   4: <F as threadpool::FnBox>::call_box
   5: std::sys::backtrace::__rust_begin_short_backtrace
   6: core::ops::function::FnOnce::call_once{{vtable.shim}}
   7: std::sys::thread::unix::Thread::new::thread_start
   8: <unknown>)
default	16:19:47.162198-0800	Runner	flutter: [2026-02-28T16:19:47.162088] pushAudioFrame failed: AnyhowException(sender is not active; call start_sankaku_sender first

Stack backtrace:
   0: std::backtrace::Backtrace::create
   1: std::backtrace::Backtrace::capture
   2: rust_lib_nomikai::api::simple::push_audio_frame
   3: flutter_rust_bridge::misc::panic_backtrace::PanicBacktrace::catch_unwind
   4: <F as threadpool::FnBox>::call_box
   5: std::sys::backtrace::__rust_begin_short_backtrace
   6: core::ops::function::FnOnce::call_once{{vtable.shim}}
   7: std::sys::thread::unix::Thread::new::thread_start
   8: <unknown>)
default	16:19:47.182774-0800	Runner	<private>
default	16:19:47.183350-0800	Runner	flutter: DEBUG: Dart received AUDIO chunk: 100 bytes (pts_us=476415348708, frames_per_packet=960, codec=0x03)
default	16:19:47.183443-0800	Runner	flutter: [2026-02-28T16:19:47.183231] DEBUG: Dart received AUDIO chunk: 100 bytes (pts_us=476415348708, frames_per_packet=960, codec=0x03)
default	16:19:47.183501-0800	Runner	flutter: DEBUG: Dart received AUDIO chunk: 100 bytes (pts_us=476415368708, frames_per_packet=960, codec=0x03)
default	16:19:47.183512-0800	Runner	flutter: [2026-02-28T16:19:47.183424] DEBUG: Dart received AUDIO chunk: 100 bytes (pts_us=476415368708, frames_per_packet=960, codec=0x03)
default	16:19:47.184659-0800	Runner	flutter: pushAudioFrame failed: AnyhowException(sender is not active; call start_sankaku_sender first

Stack backtrace:
   0: std::backtrace::Backtrace::create
   1: std::backtrace::Backtrace::capture
   2: rust_lib_nomikai::api::simple::push_audio_frame
   3: flutter_rust_bridge::misc::panic_backtrace::PanicBacktrace::catch_unwind
   4: <F as threadpool::FnBox>::call_box
   5: std::sys::backtrace::__rust_begin_short_backtrace
   6: core::ops::function::FnOnce::call_once{{vtable.shim}}
   7: std::sys::thread::unix::Thread::new::thread_start
   8: <unknown>)
default	16:19:47.184726-0800	Runner	flutter: [2026-02-28T16:19:47.184313] pushAudioFrame failed: AnyhowException(sender is not active; call start_sankaku_sender first

Stack backtrace:
   0: std::backtrace::Backtrace::create
   1: std::backtrace::Backtrace::capture
   2: rust_lib_nomikai::api::simple::push_audio_frame
   3: flutter_rust_bridge::misc::panic_backtrace::PanicBacktrace::catch_unwind
   4: <F as threadpool::FnBox>::call_box
   5: std::sys::backtrace::__rust_begin_short_backtrace
   6: core::ops::function::FnOnce::call_once{{vtable.shim}}
   7: std::sys::thread::unix::Thread::new::thread_start
   8: <unknown>)
default	16:19:47.184742-0800	Runner	flutter: pushAudioFrame failed: AnyhowException(sender is not active; call start_sankaku_sender first

Stack backtrace:
   0: std::backtrace::Backtrace::create
   1: std::backtrace::Backtrace::capture
   2: rust_lib_nomikai::api::simple::push_audio_frame
   3: flutter_rust_bridge::misc::panic_backtrace::PanicBacktrace::catch_unwind
   4: <F as threadpool::FnBox>::call_box
   5: std::sys::backtrace::__rust_begin_short_backtrace
   6: core::ops::function::FnOnce::call_once{{vtable.shim}}
   7: std::sys::thread::unix::Thread::new::thread_start
   8: <unknown>)
default	16:19:47.184751-0800	Runner	flutter: [2026-02-28T16:19:47.184488] pushAudioFrame failed: AnyhowException(sender is not active; call start_sankaku_sender first

Stack backtrace:
   0: std::backtrace::Backtrace::create
   1: std::backtrace::Backtrace::capture
   2: rust_lib_nomikai::api::simple::push_audio_frame
   3: flutter_rust_bridge::misc::panic_backtrace::PanicBacktrace::catch_unwind
   4: <F as threadpool::FnBox>::call_box
   5: std::sys::backtrace::__rust_begin_short_backtrace
   6: core::ops::function::FnOnce::call_once{{vtable.shim}}
   7: std::sys::thread::unix::Thread::new::thread_start
   8: <unknown>)
default	16:19:47.195074-0800	Runner	flutter: DEBUG: Dart received VIDEO chunk: 7516 bytes (Keyframe: false, pts_us=476415340012, codec=0x01)
default	16:19:47.195116-0800	Runner	flutter: [2026-02-28T16:19:47.194942] DEBUG: Dart received VIDEO chunk: 7516 bytes (Keyframe: false, pts_us=476415340012, codec=0x01)
default	16:19:47.197470-0800	Runner	flutter: pushVideoFrame failed: AnyhowException(sender is not active; call start_sankaku_sender first

Stack backtrace:
   0: std::backtrace::Backtrace::create
   1: std::backtrace::Backtrace::capture
   2: rust_lib_nomikai::api::simple::push_video_frame
   3: flutter_rust_bridge::misc::panic_backtrace::PanicBacktrace::catch_unwind
   4: <F as threadpool::FnBox>::call_box
   5: std::sys::backtrace::__rust_begin_short_backtrace
   6: core::ops::function::FnOnce::call_once{{vtable.shim}}
   7: std::sys::thread::unix::Thread::new::thread_start
   8: <unknown>)
default	16:19:47.197482-0800	Runner	flutter: [2026-02-28T16:19:47.196583] pushVideoFrame failed: AnyhowException(sender is not active; call start_sankaku_sender first

Stack backtrace:
   0: std::backtrace::Backtrace::create
   1: std::backtrace::Backtrace::capture
   2: rust_lib_nomikai::api::simple::push_video_frame
   3: flutter_rust_bridge::misc::panic_backtrace::PanicBacktrace::catch_unwind
   4: <F as threadpool::FnBox>::call_box
   5: std::sys::backtrace::__rust_begin_short_backtrace
   6: core::ops::function::FnOnce::call_once{{vtable.shim}}
   7: std::sys::thread::unix::Thread::new::thread_start
   8: <unknown>)
default	16:19:47.206059-0800	Runner	flutter: DEBUG: Dart received AUDIO chunk: 105 bytes (pts_us=476415371708, frames_per_packet=960, codec=0x03)
default	16:19:47.206096-0800	Runner	flutter: [2026-02-28T16:19:47.205930] DEBUG: Dart received AUDIO chunk: 105 bytes (pts_us=476415371708, frames_per_packet=960, codec=0x03)
default	16:19:47.206765-0800	Runner	flutter: pushAudioFrame failed: AnyhowException(sender is not active; call start_sankaku_sender first

Stack backtrace:
   0: std::backtrace::Backtrace::create
   1: std::backtrace::Backtrace::capture
   2: rust_lib_nomikai::api::simple::push_audio_frame
   3: flutter_rust_bridge::misc::panic_backtrace::PanicBacktrace::catch_unwind
   4: <F as threadpool::FnBox>::call_box
   5: std::sys::backtrace::__rust_begin_short_backtrace
   6: core::ops::function::FnOnce::call_once{{vtable.shim}}
   7: std::sys::thread::unix::Thread::new::thread_start
   8: <unknown>)
default	16:19:47.206815-0800	Runner	flutter: [2026-02-28T16:19:47.206694] pushAudioFrame failed: AnyhowException(sender is not active; call start_sankaku_sender first

Stack backtrace:
   0: std::backtrace::Backtrace::create
   1: std::backtrace::Backtrace::capture
   2: rust_lib_nomikai::api::simple::push_audio_frame
   3: flutter_rust_bridge::misc::panic_backtrace::PanicBacktrace::catch_unwind
   4: <F as threadpool::FnBox>::call_box
   5: std::sys::backtrace::__rust_begin_short_backtrace
   6: core::ops::function::FnOnce::call_once{{vtable.shim}}
   7: std::sys::thread::unix::Thread::new::thread_start
   8: <unknown>)
default	16:19:47.223902-0800	Runner	flutter: DEBUG: Dart received VIDEO chunk: 9569 bytes (Keyframe: false, pts_us=476415373353, codec=0x01)
default	16:19:47.223999-0800	Runner	flutter: [2026-02-28T16:19:47.223852] DEBUG: Dart received VIDEO chunk: 9569 bytes (Keyframe: false, pts_us=476415373353, codec=0x01)
default	16:19:47.225020-0800	Runner	flutter: pushVideoFrame failed: AnyhowException(sender is not active; call start_sankaku_sender first

Stack backtrace:
   0: std::backtrace::Backtrace::create
   1: std::backtrace::Backtrace::capture
   2: rust_lib_nomikai::api::simple::push_video_frame
   3: flutter_rust_bridge::misc::panic_backtrace::PanicBacktrace::catch_unwind
   4: <F as threadpool::FnBox>::call_box
   5: std::sys::backtrace::__rust_begin_short_backtrace
   6: core::ops::function::FnOnce::call_once{{vtable.shim}}
   7: std::sys::thread::unix::Thread::new::thread_start
   8: <unknown>)
default	16:19:47.225059-0800	Runner	flutter: [2026-02-28T16:19:47.224789] pushVideoFrame failed: AnyhowException(sender is not active; call start_sankaku_sender first

Stack backtrace:
   0: std::backtrace::Backtrace::create
   1: std::backtrace::Backtrace::capture
   2: rust_lib_nomikai::api::simple::push_video_frame
   3: flutter_rust_bridge::misc::panic_backtrace::PanicBacktrace::catch_unwind
   4: <F as threadpool::FnBox>::call_box
   5: std::sys::backtrace::__rust_begin_short_backtrace
   6: core::ops::function::FnOnce::call_once{{vtable.shim}}
   7: std::sys::thread::unix::Thread::new::thread_start
   8: <unknown>)
default	16:19:47.228827-0800	Runner	flutter: DEBUG: Dart received AUDIO chunk: 106 bytes (pts_us=476415394708, frames_per_packet=960, codec=0x03)
default	16:19:47.228877-0800	Runner	flutter: [2026-02-28T16:19:47.228756] DEBUG: Dart received AUDIO chunk: 106 bytes (pts_us=476415394708, frames_per_packet=960, codec=0x03)
default	16:19:47.229480-0800	Runner	flutter: pushAudioFrame failed: AnyhowException(sender is not active; call start_sankaku_sender first

Stack backtrace:
   0: std::backtrace::Backtrace::create
   1: std::backtrace::Backtrace::capture
   2: rust_lib_nomikai::api::simple::push_audio_frame
   3: flutter_rust_bridge::misc::panic_backtrace::PanicBacktrace::catch_unwind
   4: <F as threadpool::FnBox>::call_box
   5: std::sys::backtrace::__rust_begin_short_backtrace
   6: core::ops::function::FnOnce::call_once{{vtable.shim}}
   7: std::sys::thread::unix::Thread::new::thread_start
   8: <unknown>)
default	16:19:47.229510-0800	Runner	flutter: [2026-02-28T16:19:47.229431] pushAudioFrame failed: AnyhowException(sender is not active; call start_sankaku_sender first

Stack backtrace:
   0: std::backtrace::Backtrace::create
   1: std::backtrace::Backtrace::capture
   2: rust_lib_nomikai::api::simple::push_audio_frame
   3: flutter_rust_bridge::misc::panic_backtrace::PanicBacktrace::catch_unwind
   4: <F as threadpool::FnBox>::call_box
   5: std::sys::backtrace::__rust_begin_short_backtrace
   6: core::ops::function::FnOnce::call_once{{vtable.shim}}
   7: std::sys::thread::unix::Thread::new::thread_start
   8: <unknown>)
default	16:19:47.253288-0800	Runner	flutter: DEBUG: Dart received AUDIO chunk: 104 bytes (pts_us=476415417708, frames_per_packet=960, codec=0x03)
default	16:19:47.253312-0800	Runner	flutter: [2026-02-28T16:19:47.253187] DEBUG: Dart received AUDIO chunk: 104 bytes (pts_us=476415417708, frames_per_packet=960, codec=0x03)
default	16:19:47.254132-0800	Runner	flutter: pushAudioFrame failed: AnyhowException(sender is not active; call start_sankaku_sender first

Stack backtrace:
   0: std::backtrace::Backtrace::create
   1: std::backtrace::Backtrace::capture
   2: rust_lib_nomikai::api::simple::push_audio_frame
   3: flutter_rust_bridge::misc::panic_backtrace::PanicBacktrace::catch_unwind
   4: <F as threadpool::FnBox>::call_box
   5: std::sys::backtrace::__rust_begin_short_backtrace
   6: core::ops::function::FnOnce::call_once{{vtable.shim}}
   7: std::sys::thread::unix::Thread::new::thread_start
   8: <unknown>)
default	16:19:47.254168-0800	Runner	flutter: [2026-02-28T16:19:47.254001] pushAudioFrame failed: AnyhowException(sender is not active; call start_sankaku_sender first

Stack backtrace:
   0: std::backtrace::Backtrace::create
   1: std::backtrace::Backtrace::capture
   2: rust_lib_nomikai::api::simple::push_audio_frame
   3: flutter_rust_bridge::misc::panic_backtrace::PanicBacktrace::catch_unwind
   4: <F as threadpool::FnBox>::call_box
   5: std::sys::backtrace::__rust_begin_short_backtrace
   6: core::ops::function::FnOnce::call_once{{vtable.shim}}
   7: std::sys::thread::unix::Thread::new::thread_start
   8: <unknown>)
default	16:19:47.255865-0800	Runner	flutter: DEBUG: Dart received VIDEO chunk: 7615 bytes (Keyframe: false, pts_us=476415406680, codec=0x01)
default	16:19:47.255903-0800	Runner	flutter: [2026-02-28T16:19:47.255747] DEBUG: Dart received VIDEO chunk: 7615 bytes (Keyframe: false, pts_us=476415406680, codec=0x01)
default	16:19:47.256365-0800	Runner	flutter: pushVideoFrame failed: AnyhowException(sender is not active; call start_sankaku_sender first

Stack backtrace:
   0: std::backtrace::Backtrace::create
   1: std::backtrace::Backtrace::capture
   2: rust_lib_nomikai::api::simple::push_video_frame
   3: flutter_rust_bridge::misc::panic_backtrace::PanicBacktrace::catch_unwind
   4: <F as threadpool::FnBox>::call_box
   5: std::sys::backtrace::__rust_begin_short_backtrace
   6: core::ops::function::FnOnce::call_once{{vtable.shim}}
   7: std::sys::thread::unix::Thread::new::thread_start
   8: <unknown>)
default	16:19:47.256400-0800	Runner	flutter: [2026-02-28T16:19:47.256288] pushVideoFrame failed: AnyhowException(sender is not active; call start_sankaku_sender first

Stack backtrace:
   0: std::backtrace::Backtrace::create
   1: std::backtrace::Backtrace::capture
   2: rust_lib_nomikai::api::simple::push_video_frame
   3: flutter_rust_bridge::misc::panic_backtrace::PanicBacktrace::catch_unwind
   4: <F as threadpool::FnBox>::call_box
   5: std::sys::backtrace::__rust_begin_short_backtrace
   6: core::ops::function::FnOnce::call_once{{vtable.shim}}
   7: std::sys::thread::unix::Thread::new::thread_start
   8: <unknown>)
default	16:19:47.274806-0800	Runner	flutter: DEBUG: Dart received AUDIO chunk: 105 bytes (pts_us=476415440708, frames_per_packet=960, codec=0x03)
default	16:19:47.274867-0800	Runner	flutter: [2026-02-28T16:19:47.274749] DEBUG: Dart received AUDIO chunk: 105 bytes (pts_us=476415440708, frames_per_packet=960, codec=0x03)
default	16:19:47.275896-0800	Runner	flutter: pushAudioFrame failed: AnyhowException(sender is not active; call start_sankaku_sender first

Stack backtrace:
   0: std::backtrace::Backtrace::create
   1: std::backtrace::Backtrace::capture
   2: rust_lib_nomikai::api::simple::push_audio_frame
   3: flutter_rust_bridge::misc::panic_backtrace::PanicBacktrace::catch_unwind
   4: <F as threadpool::FnBox>::call_box
   5: std::sys::backtrace::__rust_begin_short_backtrace
   6: core::ops::function::FnOnce::call_once{{vtable.shim}}
   7: std::sys::thread::unix::Thread::new::thread_start
   8: <unknown>)
default	16:19:47.275940-0800	Runner	flutter: [2026-02-28T16:19:47.275780] pushAudioFrame failed: AnyhowException(sender is not active; call start_sankaku_sender first

Stack backtrace:
   0: std::backtrace::Backtrace::create
   1: std::backtrace::Backtrace::capture
   2: rust_lib_nomikai::api::simple::push_audio_frame
   3: flutter_rust_bridge::misc::panic_backtrace::PanicBacktrace::catch_unwind
   4: <F as threadpool::FnBox>::call_box
   5: std::sys::backtrace::__rust_begin_short_backtrace
   6: core::ops::function::FnOnce::call_once{{vtable.shim}}
   7: std::sys::thread::unix::Thread::new::thread_start
   8: <unknown>)
default	16:19:47.290669-0800	Runner	flutter: DEBUG: Dart received VIDEO chunk: 7930 bytes (Keyframe: false, pts_us=476415440005, codec=0x01)
default	16:19:47.290807-0800	Runner	flutter: [2026-02-28T16:19:47.290545] DEBUG: Dart received VIDEO chunk: 7930 bytes (Keyframe: false, pts_us=476415440005, codec=0x01)
default	16:19:47.291897-0800	Runner	flutter: pushVideoFrame failed: AnyhowException(sender is not active; call start_sankaku_sender first

Stack backtrace:
   0: std::backtrace::Backtrace::create
   1: std::backtrace::Backtrace::capture
   2: rust_lib_nomikai::api::simple::push_video_frame
   3: flutter_rust_bridge::misc::panic_backtrace::PanicBacktrace::catch_unwind
   4: <F as threadpool::FnBox>::call_box
   5: std::sys::backtrace::__rust_begin_short_backtrace
   6: core::ops::function::FnOnce::call_once{{vtable.shim}}
   7: std::sys::thread::unix::Thread::new::thread_start
   8: <unknown>)
default	16:19:47.291912-0800	Runner	flutter: [2026-02-28T16:19:47.291770] pushVideoFrame failed: AnyhowException(sender is not active; call start_sankaku_sender first

Stack backtrace:
   0: std::backtrace::Backtrace::create
   1: std::backtrace::Backtrace::capture
   2: rust_lib_nomikai::api::simple::push_video_frame
   3: flutter_rust_bridge::misc::panic_backtrace::PanicBacktrace::catch_unwind
   4: <F as threadpool::FnBox>::call_box
   5: std::sys::backtrace::__rust_begin_short_backtrace
   6: core::ops::function::FnOnce::call_once{{vtable.shim}}
   7: std::sys::thread::unix::Thread::new::thread_start
   8: <unknown>)
default	16:19:47.298006-0800	Runner	flutter: DEBUG: Dart received AUDIO chunk: 105 bytes (pts_us=476415463708, frames_per_packet=960, codec=0x03)
default	16:19:47.298041-0800	Runner	flutter: [2026-02-28T16:19:47.297875] DEBUG: Dart received AUDIO chunk: 105 bytes (pts_us=476415463708, frames_per_packet=960, codec=0x03)
default	16:19:47.304804-0800	Runner	flutter: pushAudioFrame failed: AnyhowException(sender is not active; call start_sankaku_sender first

Stack backtrace:
   0: std::backtrace::Backtrace::create
   1: std::backtrace::Backtrace::capture
   2: rust_lib_nomikai::api::simple::push_audio_frame
   3: flutter_rust_bridge::misc::panic_backtrace::PanicBacktrace::catch_unwind
   4: <F as threadpool::FnBox>::call_box
   5: std::sys::backtrace::__rust_begin_short_backtrace
   6: core::ops::function::FnOnce::call_once{{vtable.shim}}
   7: std::sys::thread::unix::Thread::new::thread_start
   8: <unknown>)
default	16:19:47.304999-0800	Runner	flutter: [2026-02-28T16:19:47.304609] pushAudioFrame failed: AnyhowException(sender is not active; call start_sankaku_sender first

Stack backtrace:
   0: std::backtrace::Backtrace::create
   1: std::backtrace::Backtrace::capture
   2: rust_lib_nomikai::api::simple::push_audio_frame
   3: flutter_rust_bridge::misc::panic_backtrace::PanicBacktrace::catch_unwind
   4: <F as threadpool::FnBox>::call_box
   5: std::sys::backtrace::__rust_begin_short_backtrace
   6: core::ops::function::FnOnce::call_once{{vtable.shim}}
   7: std::sys::thread::unix::Thread::new::thread_start
   8: <unknown>)
default	16:19:47.321049-0800	Runner	<private>
default	16:19:47.321602-0800	Runner	flutter: DEBUG: Dart received AUDIO chunk: 105 bytes (pts_us=476415486708, frames_per_packet=960, codec=0x03)
default	16:19:47.321620-0800	Runner	flutter: [2026-02-28T16:19:47.321487] DEBUG: Dart received AUDIO chunk: 105 bytes (pts_us=476415486708, frames_per_packet=960, codec=0x03)
default	16:19:47.321713-0800	Runner	flutter: DEBUG: Dart received AUDIO chunk: 105 bytes (pts_us=476415506708, frames_per_packet=960, codec=0x03)
default	16:19:47.321780-0800	Runner	flutter: [2026-02-28T16:19:47.321681] DEBUG: Dart received AUDIO chunk: 105 bytes (pts_us=476415506708, frames_per_packet=960, codec=0x03)
default	16:19:47.322455-0800	Runner	flutter: pushAudioFrame failed: AnyhowException(sender is not active; call start_sankaku_sender first

Stack backtrace:
   0: std::backtrace::Backtrace::create
   1: std::backtrace::Backtrace::capture
   2: rust_lib_nomikai::api::simple::push_audio_frame
   3: flutter_rust_bridge::misc::panic_backtrace::PanicBacktrace::catch_unwind
   4: <F as threadpool::FnBox>::call_box
   5: std::sys::backtrace::__rust_begin_short_backtrace
   6: core::ops::function::FnOnce::call_once{{vtable.shim}}
   7: std::sys::thread::unix::Thread::new::thread_start
   8: <unknown>)
default	16:19:47.322485-0800	Runner	flutter: [2026-02-28T16:19:47.322370] pushAudioFrame failed: AnyhowException(sender is not active; call start_sankaku_sender first

Stack backtrace:
   0: std::backtrace::Backtrace::create
   1: std::backtrace::Backtrace::capture
   2: rust_lib_nomikai::api::simple::push_audio_frame
   3: flutter_rust_bridge::misc::panic_backtrace::PanicBacktrace::catch_unwind
   4: <F as threadpool::FnBox>::call_box
   5: std::sys::backtrace::__rust_begin_short_backtrace
   6: core::ops::function::FnOnce::call_once{{vtable.shim}}
   7: std::sys::thread::unix::Thread::new::thread_start
   8: <unknown>)
default	16:19:47.322648-0800	Runner	flutter: DEBUG: Dart received VIDEO chunk: 9816 bytes (Keyframe: false, pts_us=476415473335, codec=0x01)
default	16:19:47.322660-0800	Runner	flutter: [2026-02-28T16:19:47.322610] DEBUG: Dart received VIDEO chunk: 9816 bytes (Keyframe: false, pts_us=476415473335, codec=0x01)
default	16:19:47.322829-0800	Runner	flutter: pushAudioFrame failed: AnyhowException(sender is not active; call start_sankaku_sender first

Stack backtrace:
   0: std::backtrace::Backtrace::create
   1: std::backtrace::Backtrace::capture
   2: rust_lib_nomikai::api::simple::push_audio_frame
   3: flutter_rust_bridge::misc::panic_backtrace::PanicBacktrace::catch_unwind
   4: <F as threadpool::FnBox>::call_box
   5: std::sys::backtrace::__rust_begin_short_backtrace
   6: core::ops::function::FnOnce::call_once{{vtable.shim}}
   7: std::sys::thread::unix::Thread::new::thread_start
   8: <unknown>)
default	16:19:47.322841-0800	Runner	flutter: [2026-02-28T16:19:47.322755] pushAudioFrame failed: AnyhowException(sender is not active; call start_sankaku_sender first

Stack backtrace:
   0: std::backtrace::Backtrace::create
   1: std::backtrace::Backtrace::capture
   2: rust_lib_nomikai::api::simple::push_audio_frame
   3: flutter_rust_bridge::misc::panic_backtrace::PanicBacktrace::catch_unwind
   4: <F as threadpool::FnBox>::call_box
   5: std::sys::backtrace::__rust_begin_short_backtrace
   6: core::ops::function::FnOnce::call_once{{vtable.shim}}
   7: std::sys::thread::unix::Thread::new::thread_start
   8: <unknown>)
default	16:19:47.323174-0800	Runner	flutter: pushVideoFrame failed: AnyhowException(sender is not active; call start_sankaku_sender first

Stack backtrace:
   0: std::backtrace::Backtrace::create
   1: std::backtrace::Backtrace::capture
   2: rust_lib_nomikai::api::simple::push_video_frame
   3: flutter_rust_bridge::misc::panic_backtrace::PanicBacktrace::catch_unwind
   4: <F as threadpool::FnBox>::call_box
   5: std::sys::backtrace::__rust_begin_short_backtrace
   6: core::ops::function::FnOnce::call_once{{vtable.shim}}
   7: std::sys::thread::unix::Thread::new::thread_start
   8: <unknown>)
default	16:19:47.323187-0800	Runner	flutter: [2026-02-28T16:19:47.323134] pushVideoFrame failed: AnyhowException(sender is not active; call start_sankaku_sender first

Stack backtrace:
   0: std::backtrace::Backtrace::create
   1: std::backtrace::Backtrace::capture
   2: rust_lib_nomikai::api::simple::push_video_frame
   3: flutter_rust_bridge::misc::panic_backtrace::PanicBacktrace::catch_unwind
   4: <F as threadpool::FnBox>::call_box
   5: std::sys::backtrace::__rust_begin_short_backtrace
   6: core::ops::function::FnOnce::call_once{{vtable.shim}}
   7: std::sys::thread::unix::Thread::new::thread_start
   8: <unknown>)
default	16:19:47.343569-0800	Runner	flutter: DEBUG: Dart received AUDIO chunk: 105 bytes (pts_us=476415509708, frames_per_packet=960, codec=0x03)
default	16:19:47.343636-0800	Runner	flutter: [2026-02-28T16:19:47.343535] DEBUG: Dart received AUDIO chunk: 105 bytes (pts_us=476415509708, frames_per_packet=960, codec=0x03)
default	16:19:47.344652-0800	Runner	flutter: pushAudioFrame failed: AnyhowException(sender is not active; call start_sankaku_sender first

Stack backtrace:
   0: std::backtrace::Backtrace::create
   1: std::backtrace::Backtrace::capture
   2: rust_lib_nomikai::api::simple::push_audio_frame
   3: flutter_rust_bridge::misc::panic_backtrace::PanicBacktrace::catch_unwind
   4: <F as threadpool::FnBox>::call_box
   5: std::sys::backtrace::__rust_begin_short_backtrace
   6: core::ops::function::FnOnce::call_once{{vtable.shim}}
   7: std::sys::thread::unix::Thread::new::thread_start
   8: <unknown>)
default	16:19:47.344688-0800	Runner	flutter: [2026-02-28T16:19:47.344444] pushAudioFrame failed: AnyhowException(sender is not active; call start_sankaku_sender first

Stack backtrace:
   0: std::backtrace::Backtrace::create
   1: std::backtrace::Backtrace::capture
   2: rust_lib_nomikai::api::simple::push_audio_frame
   3: flutter_rust_bridge::misc::panic_backtrace::PanicBacktrace::catch_unwind
   4: <F as threadpool::FnBox>::call_box
   5: std::sys::backtrace::__rust_begin_short_backtrace
   6: core::ops::function::FnOnce::call_once{{vtable.shim}}
   7: std::sys::thread::unix::Thread::new::thread_start
   8: <unknown>)
default	16:19:47.355669-0800	Runner	flutter: DEBUG: Dart received VIDEO chunk: 8998 bytes (Keyframe: false, pts_us=476415506669, codec=0x01)
default	16:19:47.355741-0800	Runner	flutter: [2026-02-28T16:19:47.355613] DEBUG: Dart received VIDEO chunk: 8998 bytes (Keyframe: false, pts_us=476415506669, codec=0x01)
default	16:19:47.356486-0800	Runner	flutter: pushVideoFrame failed: AnyhowException(sender is not active; call start_sankaku_sender first

Stack backtrace:
   0: std::backtrace::Backtrace::create
   1: std::backtrace::Backtrace::capture
   2: rust_lib_nomikai::api::simple::push_video_frame
   3: flutter_rust_bridge::misc::panic_backtrace::PanicBacktrace::catch_unwind
   4: <F as threadpool::FnBox>::call_box
   5: std::sys::backtrace::__rust_begin_short_backtrace
   6: core::ops::function::FnOnce::call_once{{vtable.shim}}
   7: std::sys::thread::unix::Thread::new::thread_start
   8: <unknown>)
default	16:19:47.356508-0800	Runner	flutter: [2026-02-28T16:19:47.356350] pushVideoFrame failed: AnyhowException(sender is not active; call start_sankaku_sender first

Stack backtrace:
   0: std::backtrace::Backtrace::create
   1: std::backtrace::Backtrace::capture
   2: rust_lib_nomikai::api::simple::push_video_frame
   3: flutter_rust_bridge::misc::panic_backtrace::PanicBacktrace::catch_unwind
   4: <F as threadpool::FnBox>::call_box
   5: std::sys::backtrace::__rust_begin_short_backtrace
   6: core::ops::function::FnOnce::call_once{{vtable.shim}}
   7: std::sys::thread::unix::Thread::new::thread_start
   8: <unknown>)
default	16:19:47.366698-0800	Runner	flutter: DEBUG: Dart received AUDIO chunk: 106 bytes (pts_us=476415532708, frames_per_packet=960, codec=0x03)
default	16:19:47.366741-0800	Runner	flutter: [2026-02-28T16:19:47.366545] DEBUG: Dart received AUDIO chunk: 106 bytes (pts_us=476415532708, frames_per_packet=960, codec=0x03)
default	16:19:47.367929-0800	Runner	flutter: pushAudioFrame failed: AnyhowException(sender is not active; call start_sankaku_sender first

Stack backtrace:
   0: std::backtrace::Backtrace::create
   1: std::backtrace::Backtrace::capture
   2: rust_lib_nomikai::api::simple::push_audio_frame
   3: flutter_rust_bridge::misc::panic_backtrace::PanicBacktrace::catch_unwind
   4: <F as threadpool::FnBox>::call_box
   5: std::sys::backtrace::__rust_begin_short_backtrace
   6: core::ops::function::FnOnce::call_once{{vtable.shim}}
   7: std::sys::thread::unix::Thread::new::thread_start
   8: <unknown>)
default	16:19:47.367975-0800	Runner	flutter: [2026-02-28T16:19:47.367340] pushAudioFrame failed: AnyhowException(sender is not active; call start_sankaku_sender first

Stack backtrace:
   0: std::backtrace::Backtrace::create
   1: std::backtrace::Backtrace::capture
   2: rust_lib_nomikai::api::simple::push_audio_frame
   3: flutter_rust_bridge::misc::panic_backtrace::PanicBacktrace::catch_unwind
   4: <F as threadpool::FnBox>::call_box
   5: std::sys::backtrace::__rust_begin_short_backtrace
   6: core::ops::function::FnOnce::call_once{{vtable.shim}}
   7: std::sys::thread::unix::Thread::new::thread_start
   8: <unknown>)
default	16:19:47.390144-0800	Runner	flutter: DEBUG: Dart received AUDIO chunk: 103 bytes (pts_us=476415555708, frames_per_packet=960, codec=0x03)
default	16:19:47.390306-0800	Runner	flutter: [2026-02-28T16:19:47.390010] DEBUG: Dart received AUDIO chunk: 103 bytes (pts_us=476415555708, frames_per_packet=960, codec=0x03)
default	16:19:47.390331-0800	Runner	flutter: DEBUG: Dart received VIDEO chunk: 8041 bytes (Keyframe: false, pts_us=476415539986, codec=0x01)
default	16:19:47.390341-0800	Runner	flutter: [2026-02-28T16:19:47.390170] DEBUG: Dart received VIDEO chunk: 8041 bytes (Keyframe: false, pts_us=476415539986, codec=0x01)
default	16:19:47.394610-0800	Runner	flutter: pushAudioFrame failed: AnyhowException(sender is not active; call start_sankaku_sender first

Stack backtrace:
   0: std::backtrace::Backtrace::create
   1: std::backtrace::Backtrace::capture
   2: rust_lib_nomikai::api::simple::push_audio_frame
   3: flutter_rust_bridge::misc::panic_backtrace::PanicBacktrace::catch_unwind
   4: <F as threadpool::FnBox>::call_box
   5: std::sys::backtrace::__rust_begin_short_backtrace
   6: core::ops::function::FnOnce::call_once{{vtable.shim}}
   7: std::sys::thread::unix::Thread::new::thread_start
   8: <unknown>)
default	16:19:47.394658-0800	Runner	flutter: [2026-02-28T16:19:47.394503] pushAudioFrame failed: AnyhowException(sender is not active; call start_sankaku_sender first

Stack backtrace:
   0: std::backtrace::Backtrace::create
   1: std::backtrace::Backtrace::capture
   2: rust_lib_nomikai::api::simple::push_audio_frame
   3: flutter_rust_bridge::misc::panic_backtrace::PanicBacktrace::catch_unwind
   4: <F as threadpool::FnBox>::call_box
   5: std::sys::backtrace::__rust_begin_short_backtrace
   6: core::ops::function::FnOnce::call_once{{vtable.shim}}
   7: std::sys::thread::unix::Thread::new::thread_start
   8: <unknown>)
default	16:19:47.394732-0800	Runner	flutter: pushVideoFrame failed: AnyhowException(sender is not active; call start_sankaku_sender first

Stack backtrace:
   0: std::backtrace::Backtrace::create
   1: std::backtrace::Backtrace::capture
   2: rust_lib_nomikai::api::simple::push_video_frame
   3: flutter_rust_bridge::misc::panic_backtrace::PanicBacktrace::catch_unwind
   4: <F as threadpool::FnBox>::call_box
   5: std::sys::backtrace::__rust_begin_short_backtrace
   6: core::ops::function::FnOnce::call_once{{vtable.shim}}
   7: std::sys::thread::unix::Thread::new::thread_start
   8: <unknown>)
default	16:19:47.394750-0800	Runner	flutter: [2026-02-28T16:19:47.394611] pushVideoFrame failed: AnyhowException(sender is not active; call start_sankaku_sender first

Stack backtrace:
   0: std::backtrace::Backtrace::create
   1: std::backtrace::Backtrace::capture
   2: rust_lib_nomikai::api::simple::push_video_frame
   3: flutter_rust_bridge::misc::panic_backtrace::PanicBacktrace::catch_unwind
   4: <F as threadpool::FnBox>::call_box
   5: std::sys::backtrace::__rust_begin_short_backtrace
   6: core::ops::function::FnOnce::call_once{{vtable.shim}}
   7: std::sys::thread::unix::Thread::new::thread_start
   8: <unknown>)
default	16:19:47.414330-0800	Runner	flutter: DEBUG: Dart received AUDIO chunk: 105 bytes (pts_us=476415578708, frames_per_packet=960, codec=0x03)
default	16:19:47.414385-0800	Runner	flutter: [2026-02-28T16:19:47.414251] DEBUG: Dart received AUDIO chunk: 105 bytes (pts_us=476415578708, frames_per_packet=960, codec=0x03)
default	16:19:47.415088-0800	Runner	flutter: pushAudioFrame failed: AnyhowException(sender is not active; call start_sankaku_sender first

Stack backtrace:
   0: std::backtrace::Backtrace::create
   1: std::backtrace::Backtrace::capture
   2: rust_lib_nomikai::api::simple::push_audio_frame
   3: flutter_rust_bridge::misc::panic_backtrace::PanicBacktrace::catch_unwind
   4: <F as threadpool::FnBox>::call_box
   5: std::sys::backtrace::__rust_begin_short_backtrace
   6: core::ops::function::FnOnce::call_once{{vtable.shim}}
   7: std::sys::thread::unix::Thread::new::thread_start
   8: <unknown>)
default	16:19:47.415155-0800	Runner	flutter: [2026-02-28T16:19:47.415052] pushAudioFrame failed: AnyhowException(sender is not active; call start_sankaku_sender first

Stack backtrace:
   0: std::backtrace::Backtrace::create
   1: std::backtrace::Backtrace::capture
   2: rust_lib_nomikai::api::simple::push_audio_frame
   3: flutter_rust_bridge::misc::panic_backtrace::PanicBacktrace::catch_unwind
   4: <F as threadpool::FnBox>::call_box
   5: std::sys::backtrace::__rust_begin_short_backtrace
   6: core::ops::function::FnOnce::call_once{{vtable.shim}}
   7: std::sys::thread::unix::Thread::new::thread_start
   8: <unknown>)
default	16:19:47.421690-0800	Runner	flutter: DEBUG: Dart received VIDEO chunk: 9176 bytes (Keyframe: false, pts_us=476415573325, codec=0x01)
default	16:19:47.421722-0800	Runner	flutter: [2026-02-28T16:19:47.421530] DEBUG: Dart received VIDEO chunk: 9176 bytes (Keyframe: false, pts_us=476415573325, codec=0x01)
default	16:19:47.422127-0800	Runner	flutter: pushVideoFrame failed: AnyhowException(sender is not active; call start_sankaku_sender first

Stack backtrace:
   0: std::backtrace::Backtrace::create
   1: std::backtrace::Backtrace::capture
   2: rust_lib_nomikai::api::simple::push_video_frame
   3: flutter_rust_bridge::misc::panic_backtrace::PanicBacktrace::catch_unwind
   4: <F as threadpool::FnBox>::call_box
   5: std::sys::backtrace::__rust_begin_short_backtrace
   6: core::ops::function::FnOnce::call_once{{vtable.shim}}
   7: std::sys::thread::unix::Thread::new::thread_start
   8: <unknown>)
default	16:19:47.422230-0800	Runner	flutter: [2026-02-28T16:19:47.422013] pushVideoFrame failed: AnyhowException(sender is not active; call start_sankaku_sender first

Stack backtrace:
   0: std::backtrace::Backtrace::create
   1: std::backtrace::Backtrace::capture
   2: rust_lib_nomikai::api::simple::push_video_frame
   3: flutter_rust_bridge::misc::panic_backtrace::PanicBacktrace::catch_unwind
   4: <F as threadpool::FnBox>::call_box
   5: std::sys::backtrace::__rust_begin_short_backtrace
   6: core::ops::function::FnOnce::call_once{{vtable.shim}}
   7: std::sys::thread::unix::Thread::new::thread_start
   8: <unknown>)
default	16:19:47.435787-0800	Runner	flutter: DEBUG: Dart received AUDIO chunk: 104 bytes (pts_us=476415601708, frames_per_packet=960, codec=0x03)
default	16:19:47.435797-0800	Runner	flutter: [2026-02-28T16:19:47.435377] DEBUG: Dart received AUDIO chunk: 104 bytes (pts_us=476415601708, frames_per_packet=960, codec=0x03)
default	16:19:47.436580-0800	Runner	flutter: pushAudioFrame failed: AnyhowException(sender is not active; call start_sankaku_sender first

Stack backtrace:
   0: std::backtrace::Backtrace::create
   1: std::backtrace::Backtrace::capture
   2: rust_lib_nomikai::api::simple::push_audio_frame
   3: flutter_rust_bridge::misc::panic_backtrace::PanicBacktrace::catch_unwind
   4: <F as threadpool::FnBox>::call_box
   5: std::sys::backtrace::__rust_begin_short_backtrace
   6: core::ops::function::FnOnce::call_once{{vtable.shim}}
   7: std::sys::thread::unix::Thread::new::thread_start
   8: <unknown>)
default	16:19:47.436620-0800	Runner	flutter: [2026-02-28T16:19:47.436474] pushAudioFrame failed: AnyhowException(sender is not active; call start_sankaku_sender first

Stack backtrace:
   0: std::backtrace::Backtrace::create
   1: std::backtrace::Backtrace::capture
   2: rust_lib_nomikai::api::simple::push_audio_frame
   3: flutter_rust_bridge::misc::panic_backtrace::PanicBacktrace::catch_unwind
   4: <F as threadpool::FnBox>::call_box
   5: std::sys::backtrace::__rust_begin_short_backtrace
   6: core::ops::function::FnOnce::call_once{{vtable.shim}}
   7: std::sys::thread::unix::Thread::new::thread_start
   8: <unknown>)
default	16:19:47.455140-0800	Runner	flutter: DEBUG: Dart received VIDEO chunk: 8708 bytes (Keyframe: false, pts_us=476415606659, codec=0x01)
default	16:19:47.455208-0800	Runner	flutter: [2026-02-28T16:19:47.455108] DEBUG: Dart received VIDEO chunk: 8708 bytes (Keyframe: false, pts_us=476415606659, codec=0x01)
default	16:19:47.456070-0800	Runner	flutter: pushVideoFrame failed: AnyhowException(sender is not active; call start_sankaku_sender first

Stack backtrace:
   0: std::backtrace::Backtrace::create
   1: std::backtrace::Backtrace::capture
   2: rust_lib_nomikai::api::simple::push_video_frame
   3: flutter_rust_bridge::misc::panic_backtrace::PanicBacktrace::catch_unwind
   4: <F as threadpool::FnBox>::call_box
   5: std::sys::backtrace::__rust_begin_short_backtrace
   6: core::ops::function::FnOnce::call_once{{vtable.shim}}
   7: std::sys::thread::unix::Thread::new::thread_start
   8: <unknown>)
default	16:19:47.456099-0800	Runner	flutter: [2026-02-28T16:19:47.455913] pushVideoFrame failed: AnyhowException(sender is not active; call start_sankaku_sender first

Stack backtrace:
   0: std::backtrace::Backtrace::create
   1: std::backtrace::Backtrace::capture
   2: rust_lib_nomikai::api::simple::push_video_frame
   3: flutter_rust_bridge::misc::panic_backtrace::PanicBacktrace::catch_unwind
   4: <F as threadpool::FnBox>::call_box
   5: std::sys::backtrace::__rust_begin_short_backtrace
   6: core::ops::function::FnOnce::call_once{{vtable.shim}}
   7: std::sys::thread::unix::Thread::new::thread_start
   8: <unknown>)
default	16:19:47.461390-0800	Runner	flutter: DEBUG: Dart received AUDIO chunk: 105 bytes (pts_us=476415624708, frames_per_packet=960, codec=0x03)
default	16:19:47.461447-0800	Runner	flutter: [2026-02-28T16:19:47.461128] DEBUG: Dart received AUDIO chunk: 105 bytes (pts_us=476415624708, frames_per_packet=960, codec=0x03)
default	16:19:47.462461-0800	Runner	flutter: pushAudioFrame failed: AnyhowException(sender is not active; call start_sankaku_sender first

Stack backtrace:
   0: std::backtrace::Backtrace::create
   1: std::backtrace::Backtrace::capture
   2: rust_lib_nomikai::api::simple::push_audio_frame
   3: flutter_rust_bridge::misc::panic_backtrace::PanicBacktrace::catch_unwind
   4: <F as threadpool::FnBox>::call_box
   5: std::sys::backtrace::__rust_begin_short_backtrace
   6: core::ops::function::FnOnce::call_once{{vtable.shim}}
   7: std::sys::thread::unix::Thread::new::thread_start
   8: <unknown>)
default	16:19:47.462502-0800	Runner	flutter: [2026-02-28T16:19:47.462338] pushAudioFrame failed: AnyhowException(sender is not active; call start_sankaku_sender first

Stack backtrace:
   0: std::backtrace::Backtrace::create
   1: std::backtrace::Backtrace::capture
   2: rust_lib_nomikai::api::simple::push_audio_frame
   3: flutter_rust_bridge::misc::panic_backtrace::PanicBacktrace::catch_unwind
   4: <F as threadpool::FnBox>::call_box
   5: std::sys::backtrace::__rust_begin_short_backtrace
   6: core::ops::function::FnOnce::call_once{{vtable.shim}}
   7: std::sys::thread::unix::Thread::new::thread_start
   8: <unknown>)
default	16:19:47.481673-0800	Runner	<private>
default	16:19:47.482156-0800	Runner	flutter: DEBUG: Dart received AUDIO chunk: 105 bytes (pts_us=476415647708, frames_per_packet=960, codec=0x03)
default	16:19:47.482166-0800	Runner	flutter: [2026-02-28T16:19:47.482023] DEBUG: Dart received AUDIO chunk: 105 bytes (pts_us=476415647708, frames_per_packet=960, codec=0x03)
default	16:19:47.482394-0800	Runner	flutter: DEBUG: Dart received AUDIO chunk: 104 bytes (pts_us=476415667708, frames_per_packet=960, codec=0x03)
default	16:19:47.482412-0800	Runner	flutter: [2026-02-28T16:19:47.482195] DEBUG: Dart received AUDIO chunk: 104 bytes (pts_us=476415667708, frames_per_packet=960, codec=0x03)
default	16:19:47.483062-0800	Runner	flutter: pushAudioFrame failed: AnyhowException(sender is not active; call start_sankaku_sender first

Stack backtrace:
   0: std::backtrace::Backtrace::create
   1: std::backtrace::Backtrace::capture
   2: rust_lib_nomikai::api::simple::push_audio_frame
   3: flutter_rust_bridge::misc::panic_backtrace::PanicBacktrace::catch_unwind
   4: <F as threadpool::FnBox>::call_box
   5: std::sys::backtrace::__rust_begin_short_backtrace
   6: core::ops::function::FnOnce::call_once{{vtable.shim}}
   7: std::sys::thread::unix::Thread::new::thread_start
   8: <unknown>)
default	16:19:47.483105-0800	Runner	flutter: [2026-02-28T16:19:47.482827] pushAudioFrame failed: AnyhowException(sender is not active; call start_sankaku_sender first

Stack backtrace:
   0: std::backtrace::Backtrace::create
   1: std::backtrace::Backtrace::capture
   2: rust_lib_nomikai::api::simple::push_audio_frame
   3: flutter_rust_bridge::misc::panic_backtrace::PanicBacktrace::catch_unwind
   4: <F as threadpool::FnBox>::call_box
   5: std::sys::backtrace::__rust_begin_short_backtrace
   6: core::ops::function::FnOnce::call_once{{vtable.shim}}
   7: std::sys::thread::unix::Thread::new::thread_start
   8: <unknown>)
default	16:19:47.483117-0800	Runner	flutter: pushAudioFrame failed: AnyhowException(sender is not active; call start_sankaku_sender first

Stack backtrace:
   0: std::backtrace::Backtrace::create
   1: std::backtrace::Backtrace::capture
   2: rust_lib_nomikai::api::simple::push_audio_frame
   3: flutter_rust_bridge::misc::panic_backtrace::PanicBacktrace::catch_unwind
   4: <F as threadpool::FnBox>::call_box
   5: std::sys::backtrace::__rust_begin_short_backtrace
   6: core::ops::function::FnOnce::call_once{{vtable.shim}}
   7: std::sys::thread::unix::Thread::new::thread_start
   8: <unknown>)
default	16:19:47.483124-0800	Runner	flutter: [2026-02-28T16:19:47.482973] pushAudioFrame failed: AnyhowException(sender is not active; call start_sankaku_sender first

Stack backtrace:
   0: std::backtrace::Backtrace::create
   1: std::backtrace::Backtrace::capture
   2: rust_lib_nomikai::api::simple::push_audio_frame
   3: flutter_rust_bridge::misc::panic_backtrace::PanicBacktrace::catch_unwind
   4: <F as threadpool::FnBox>::call_box
   5: std::sys::backtrace::__rust_begin_short_backtrace
   6: core::ops::function::FnOnce::call_once{{vtable.shim}}
   7: std::sys::thread::unix::Thread::new::thread_start
   8: <unknown>)
default	16:19:47.490272-0800	Runner	flutter: DEBUG: Dart received VIDEO chunk: 8991 bytes (Keyframe: false, pts_us=476415639971, codec=0x01)
default	16:19:47.490307-0800	Runner	flutter: [2026-02-28T16:19:47.490123] DEBUG: Dart received VIDEO chunk: 8991 bytes (Keyframe: false, pts_us=476415639971, codec=0x01)
default	16:19:47.494817-0800	Runner	flutter: pushVideoFrame failed: AnyhowException(sender is not active; call start_sankaku_sender first

Stack backtrace:
   0: std::backtrace::Backtrace::create
   1: std::backtrace::Backtrace::capture
   2: rust_lib_nomikai::api::simple::push_video_frame
   3: flutter_rust_bridge::misc::panic_backtrace::PanicBacktrace::catch_unwind
   4: <F as threadpool::FnBox>::call_box
   5: std::sys::backtrace::__rust_begin_short_backtrace
   6: core::ops::function::FnOnce::call_once{{vtable.shim}}
   7: std::sys::thread::unix::Thread::new::thread_start
   8: <unknown>)
default	16:19:47.494852-0800	Runner	flutter: [2026-02-28T16:19:47.494706] pushVideoFrame failed: AnyhowException(sender is not active; call start_sankaku_sender first

Stack backtrace:
   0: std::backtrace::Backtrace::create
   1: std::backtrace::Backtrace::capture
   2: rust_lib_nomikai::api::simple::push_video_frame
   3: flutter_rust_bridge::misc::panic_backtrace::PanicBacktrace::catch_unwind
   4: <F as threadpool::FnBox>::call_box
   5: std::sys::backtrace::__rust_begin_short_backtrace
   6: core::ops::function::FnOnce::call_once{{vtable.shim}}
   7: std::sys::thread::unix::Thread::new::thread_start
   8: <unknown>)
default	16:19:47.513451-0800	Runner	flutter: DEBUG: Dart received AUDIO chunk: 107 bytes (pts_us=476415670708, frames_per_packet=960, codec=0x03)
default	16:19:47.513463-0800	Runner	flutter: [2026-02-28T16:19:47.504799] DEBUG: Dart received AUDIO chunk: 107 bytes (pts_us=476415670708, frames_per_packet=960, codec=0x03)
default	16:19:47.513473-0800	Runner	flutter: pushAudioFrame failed: AnyhowException(sender is not active; call start_sankaku_sender first

Stack backtrace:
   0: std::backtrace::Backtrace::create
   1: std::backtrace::Backtrace::capture
   2: rust_lib_nomikai::api::simple::push_audio_frame
   3: flutter_rust_bridge::misc::panic_backtrace::PanicBacktrace::catch_unwind
   4: <F as threadpool::FnBox>::call_box
   5: std::sys::backtrace::__rust_begin_short_backtrace
   6: core::ops::function::FnOnce::call_once{{vtable.shim}}
   7: std::sys::thread::unix::Thread::new::thread_start
   8: <unknown>)
default	16:19:47.513488-0800	Runner	flutter: [2026-02-28T16:19:47.506652] pushAudioFrame failed: AnyhowException(sender is not active; call start_sankaku_sender first

Stack backtrace:
   0: std::backtrace::Backtrace::create
   1: std::backtrace::Backtrace::capture
   2: rust_lib_nomikai::api::simple::push_audio_frame
   3: flutter_rust_bridge::misc::panic_backtrace::PanicBacktrace::catch_unwind
   4: <F as threadpool::FnBox>::call_box
   5: std::sys::backtrace::__rust_begin_short_backtrace
   6: core::ops::function::FnOnce::call_once{{vtable.shim}}
   7: std::sys::thread::unix::Thread::new::thread_start
   8: <unknown>)
default	16:19:47.521020-0800	Runner	flutter: DEBUG: Dart received VIDEO chunk: 11329 bytes (Keyframe: false, pts_us=476415673301, codec=0x01)
default	16:19:47.521162-0800	Runner	flutter: [2026-02-28T16:19:47.520973] DEBUG: Dart received VIDEO chunk: 11329 bytes (Keyframe: false, pts_us=476415673301, codec=0x01)
default	16:19:47.522056-0800	Runner	flutter: pushVideoFrame failed: AnyhowException(sender is not active; call start_sankaku_sender first

Stack backtrace:
   0: std::backtrace::Backtrace::create
   1: std::backtrace::Backtrace::capture
   2: rust_lib_nomikai::api::simple::push_video_frame
   3: flutter_rust_bridge::misc::panic_backtrace::PanicBacktrace::catch_unwind
   4: <F as threadpool::FnBox>::call_box
   5: std::sys::backtrace::__rust_begin_short_backtrace
   6: core::ops::function::FnOnce::call_once{{vtable.shim}}
   7: std::sys::thread::unix::Thread::new::thread_start
   8: <unknown>)
default	16:19:47.522087-0800	Runner	flutter: [2026-02-28T16:19:47.521969] pushVideoFrame failed: AnyhowException(sender is not active; call start_sankaku_sender first

Stack backtrace:
   0: std::backtrace::Backtrace::create
   1: std::backtrace::Backtrace::capture
   2: rust_lib_nomikai::api::simple::push_video_frame
   3: flutter_rust_bridge::misc::panic_backtrace::PanicBacktrace::catch_unwind
   4: <F as threadpool::FnBox>::call_box
   5: std::sys::backtrace::__rust_begin_short_backtrace
   6: core::ops::function::FnOnce::call_once{{vtable.shim}}
   7: std::sys::thread::unix::Thread::new::thread_start
   8: <unknown>)
default	16:19:47.527086-0800	Runner	flutter: DEBUG: Dart received AUDIO chunk: 105 bytes (pts_us=476415693708, frames_per_packet=960, codec=0x03)
default	16:19:47.527113-0800	Runner	flutter: [2026-02-28T16:19:47.527018] DEBUG: Dart received AUDIO chunk: 105 bytes (pts_us=476415693708, frames_per_packet=960, codec=0x03)
default	16:19:47.527757-0800	Runner	flutter: pushAudioFrame failed: AnyhowException(sender is not active; call start_sankaku_sender first

Stack backtrace:
   0: std::backtrace::Backtrace::create
   1: std::backtrace::Backtrace::capture
   2: rust_lib_nomikai::api::simple::push_audio_frame
   3: flutter_rust_bridge::misc::panic_backtrace::PanicBacktrace::catch_unwind
   4: <F as threadpool::FnBox>::call_box
   5: std::sys::backtrace::__rust_begin_short_backtrace
   6: core::ops::function::FnOnce::call_once{{vtable.shim}}
   7: std::sys::thread::unix::Thread::new::thread_start
   8: <unknown>)
default	16:19:47.527957-0800	Runner	flutter: [2026-02-28T16:19:47.527527] pushAudioFrame failed: AnyhowException(sender is not active; call start_sankaku_sender first

Stack backtrace:
   0: std::backtrace::Backtrace::create
   1: std::backtrace::Backtrace::capture
   2: rust_lib_nomikai::api::simple::push_audio_frame
   3: flutter_rust_bridge::misc::panic_backtrace::PanicBacktrace::catch_unwind
   4: <F as threadpool::FnBox>::call_box
   5: std::sys::backtrace::__rust_begin_short_backtrace
   6: core::ops::function::FnOnce::call_once{{vtable.shim}}
   7: std::sys::thread::unix::Thread::new::thread_start
   8: <unknown>)
default	16:19:47.550359-0800	Runner	flutter: DEBUG: Dart received AUDIO chunk: 103 bytes (pts_us=476415716708, frames_per_packet=960, codec=0x03)
default	16:19:47.550404-0800	Runner	flutter: [2026-02-28T16:19:47.550234] DEBUG: Dart received AUDIO chunk: 103 bytes (pts_us=476415716708, frames_per_packet=960, codec=0x03)
default	16:19:47.551040-0800	Runner	flutter: pushAudioFrame failed: AnyhowException(sender is not active; call start_sankaku_sender first

Stack backtrace:
   0: std::backtrace::Backtrace::create
   1: std::backtrace::Backtrace::capture
   2: rust_lib_nomikai::api::simple::push_audio_frame
   3: flutter_rust_bridge::misc::panic_backtrace::PanicBacktrace::catch_unwind
   4: <F as threadpool::FnBox>::call_box
   5: std::sys::backtrace::__rust_begin_short_backtrace
   6: core::ops::function::FnOnce::call_once{{vtable.shim}}
   7: std::sys::thread::unix::Thread::new::thread_start
   8: <unknown>)
default	16:19:47.551196-0800	Runner	flutter: [2026-02-28T16:19:47.550935] pushAudioFrame failed: AnyhowException(sender is not active; call start_sankaku_sender first

Stack backtrace:
   0: std::backtrace::Backtrace::create
   1: std::backtrace::Backtrace::capture
   2: rust_lib_nomikai::api::simple::push_audio_frame
   3: flutter_rust_bridge::misc::panic_backtrace::PanicBacktrace::catch_unwind
   4: <F as threadpool::FnBox>::call_box
   5: std::sys::backtrace::__rust_begin_short_backtrace
   6: core::ops::function::FnOnce::call_once{{vtable.shim}}
   7: std::sys::thread::unix::Thread::new::thread_start
   8: <unknown>)
default	16:19:47.554301-0800	Runner	flutter: DEBUG: Dart received VIDEO chunk: 10917 bytes (Keyframe: false, pts_us=476415706638, codec=0x01)
default	16:19:47.554323-0800	Runner	flutter: [2026-02-28T16:19:47.554204] DEBUG: Dart received VIDEO chunk: 10917 bytes (Keyframe: false, pts_us=476415706638, codec=0x01)
default	16:19:47.554980-0800	Runner	flutter: pushVideoFrame failed: AnyhowException(sender is not active; call start_sankaku_sender first

Stack backtrace:
   0: std::backtrace::Backtrace::create
   1: std::backtrace::Backtrace::capture
   2: rust_lib_nomikai::api::simple::push_video_frame
   3: flutter_rust_bridge::misc::panic_backtrace::PanicBacktrace::catch_unwind
   4: <F as threadpool::FnBox>::call_box
   5: std::sys::backtrace::__rust_begin_short_backtrace
   6: core::ops::function::FnOnce::call_once{{vtable.shim}}
   7: std::sys::thread::unix::Thread::new::thread_start
   8: <unknown>)
default	16:19:47.555001-0800	Runner	flutter: [2026-02-28T16:19:47.554866] pushVideoFrame failed: AnyhowException(sender is not active; call start_sankaku_sender first

Stack backtrace:
   0: std::backtrace::Backtrace::create
   1: std::backtrace::Backtrace::capture
   2: rust_lib_nomikai::api::simple::push_video_frame
   3: flutter_rust_bridge::misc::panic_backtrace::PanicBacktrace::catch_unwind
   4: <F as threadpool::FnBox>::call_box
   5: std::sys::backtrace::__rust_begin_short_backtrace
   6: core::ops::function::FnOnce::call_once{{vtable.shim}}
   7: std::sys::thread::unix::Thread::new::thread_start
   8: <unknown>)
default	16:19:47.574155-0800	Runner	flutter: DEBUG: Dart received AUDIO chunk: 103 bytes (pts_us=476415739708, frames_per_packet=960, codec=0x03)
default	16:19:47.574237-0800	Runner	flutter: [2026-02-28T16:19:47.574070] DEBUG: Dart received AUDIO chunk: 103 bytes (pts_us=476415739708, frames_per_packet=960, codec=0x03)
default	16:19:47.575082-0800	Runner	flutter: pushAudioFrame failed: AnyhowException(sender is not active; call start_sankaku_sender first

Stack backtrace:
   0: std::backtrace::Backtrace::create
   1: std::backtrace::Backtrace::capture
   2: rust_lib_nomikai::api::simple::push_audio_frame
   3: flutter_rust_bridge::misc::panic_backtrace::PanicBacktrace::catch_unwind
   4: <F as threadpool::FnBox>::call_box
   5: std::sys::backtrace::__rust_begin_short_backtrace
   6: core::ops::function::FnOnce::call_once{{vtable.shim}}
   7: std::sys::thread::unix::Thread::new::thread_start
   8: <unknown>)
default	16:19:47.575145-0800	Runner	flutter: [2026-02-28T16:19:47.575034] pushAudioFrame failed: AnyhowException(sender is not active; call start_sankaku_sender first

Stack backtrace:
   0: std::backtrace::Backtrace::create
   1: std::backtrace::Backtrace::capture
   2: rust_lib_nomikai::api::simple::push_audio_frame
   3: flutter_rust_bridge::misc::panic_backtrace::PanicBacktrace::catch_unwind
   4: <F as threadpool::FnBox>::call_box
   5: std::sys::backtrace::__rust_begin_short_backtrace
   6: core::ops::function::FnOnce::call_once{{vtable.shim}}
   7: std::sys::thread::unix::Thread::new::thread_start
   8: <unknown>)
default	16:19:47.588061-0800	Runner	flutter: DEBUG: Dart received VIDEO chunk: 11096 bytes (Keyframe: false, pts_us=476415739972, codec=0x01)
default	16:19:47.588083-0800	Runner	flutter: [2026-02-28T16:19:47.587981] DEBUG: Dart received VIDEO chunk: 11096 bytes (Keyframe: false, pts_us=476415739972, codec=0x01)
default	16:19:47.588848-0800	Runner	flutter: pushVideoFrame failed: AnyhowException(sender is not active; call start_sankaku_sender first

Stack backtrace:
   0: std::backtrace::Backtrace::create
   1: std::backtrace::Backtrace::capture
   2: rust_lib_nomikai::api::simple::push_video_frame
   3: flutter_rust_bridge::misc::panic_backtrace::PanicBacktrace::catch_unwind
   4: <F as threadpool::FnBox>::call_box
   5: std::sys::backtrace::__rust_begin_short_backtrace
   6: core::ops::function::FnOnce::call_once{{vtable.shim}}
   7: std::sys::thread::unix::Thread::new::thread_start
   8: <unknown>)
default	16:19:47.588880-0800	Runner	flutter: [2026-02-28T16:19:47.588730] pushVideoFrame failed: AnyhowException(sender is not active; call start_sankaku_sender first

Stack backtrace:
   0: std::backtrace::Backtrace::create
   1: std::backtrace::Backtrace::capture
   2: rust_lib_nomikai::api::simple::push_video_frame
   3: flutter_rust_bridge::misc::panic_backtrace::PanicBacktrace::catch_unwind
   4: <F as threadpool::FnBox>::call_box
   5: std::sys::backtrace::__rust_begin_short_backtrace
   6: core::ops::function::FnOnce::call_once{{vtable.shim}}
   7: std::sys::thread::unix::Thread::new::thread_start
   8: <unknown>)
default	16:19:47.596319-0800	Runner	flutter: DEBUG: Dart received AUDIO chunk: 106 bytes (pts_us=476415762708, frames_per_packet=960, codec=0x03)
default	16:19:47.596338-0800	Runner	flutter: [2026-02-28T16:19:47.596205] DEBUG: Dart received AUDIO chunk: 106 bytes (pts_us=476415762708, frames_per_packet=960, codec=0x03)
default	16:19:47.596894-0800	Runner	flutter: pushAudioFrame failed: AnyhowException(sender is not active; call start_sankaku_sender first

Stack backtrace:
   0: std::backtrace::Backtrace::create
   1: std::backtrace::Backtrace::capture
   2: rust_lib_nomikai::api::simple::push_audio_frame
   3: flutter_rust_bridge::misc::panic_backtrace::PanicBacktrace::catch_unwind
   4: <F as threadpool::FnBox>::call_box
   5: std::sys::backtrace::__rust_begin_short_backtrace
   6: core::ops::function::FnOnce::call_once{{vtable.shim}}
   7: std::sys::thread::unix::Thread::new::thread_start
   8: <unknown>)
default	16:19:47.596923-0800	Runner	flutter: [2026-02-28T16:19:47.596831] pushAudioFrame failed: AnyhowException(sender is not active; call start_sankaku_sender first

Stack backtrace:
   0: std::backtrace::Backtrace::create
   1: std::backtrace::Backtrace::capture
   2: rust_lib_nomikai::api::simple::push_audio_frame
   3: flutter_rust_bridge::misc::panic_backtrace::PanicBacktrace::catch_unwind
   4: <F as threadpool::FnBox>::call_box
   5: std::sys::backtrace::__rust_begin_short_backtrace
   6: core::ops::function::FnOnce::call_once{{vtable.shim}}
   7: std::sys::thread::unix::Thread::new::thread_start
   8: <unknown>)
default	16:19:47.620039-0800	Runner	flutter: DEBUG: Dart received AUDIO chunk: 107 bytes (pts_us=476415785708, frames_per_packet=960, codec=0x03)
default	16:19:47.620384-0800	Runner	flutter: [2026-02-28T16:19:47.619985] DEBUG: Dart received AUDIO chunk: 107 bytes (pts_us=476415785708, frames_per_packet=960, codec=0x03)
default	16:19:47.621342-0800	Runner	flutter: pushAudioFrame failed: AnyhowException(sender is not active; call start_sankaku_sender first

Stack backtrace:
   0: std::backtrace::Backtrace::create
   1: std::backtrace::Backtrace::capture
   2: rust_lib_nomikai::api::simple::push_audio_frame
   3: flutter_rust_bridge::misc::panic_backtrace::PanicBacktrace::catch_unwind
   4: <F as threadpool::FnBox>::call_box
   5: std::sys::backtrace::__rust_begin_short_backtrace
   6: core::ops::function::FnOnce::call_once{{vtable.shim}}
   7: std::sys::thread::unix::Thread::new::thread_start
   8: <unknown>)
default	16:19:47.621377-0800	Runner	flutter: [2026-02-28T16:19:47.621214] pushAudioFrame failed: AnyhowException(sender is not active; call start_sankaku_sender first

Stack backtrace:
   0: std::backtrace::Backtrace::create
   1: std::backtrace::Backtrace::capture
   2: rust_lib_nomikai::api::simple::push_audio_frame
   3: flutter_rust_bridge::misc::panic_backtrace::PanicBacktrace::catch_unwind
   4: <F as threadpool::FnBox>::call_box
   5: std::sys::backtrace::__rust_begin_short_backtrace
   6: core::ops::function::FnOnce::call_once{{vtable.shim}}
   7: std::sys::thread::unix::Thread::new::thread_start
   8: <unknown>)
default	16:19:47.621665-0800	Runner	flutter: DEBUG: Dart received VIDEO chunk: 10544 bytes (Keyframe: false, pts_us=476415773296, codec=0x01)
default	16:19:47.621685-0800	Runner	flutter: [2026-02-28T16:19:47.621554] DEBUG: Dart received VIDEO chunk: 10544 bytes (Keyframe: false, pts_us=476415773296, codec=0x01)
default	16:19:47.622220-0800	Runner	flutter: pushVideoFrame failed: AnyhowException(sender is not active; call start_sankaku_sender first

Stack backtrace:
   0: std::backtrace::Backtrace::create
   1: std::backtrace::Backtrace::capture
   2: rust_lib_nomikai::api::simple::push_video_frame
   3: flutter_rust_bridge::misc::panic_backtrace::PanicBacktrace::catch_unwind
   4: <F as threadpool::FnBox>::call_box
   5: std::sys::backtrace::__rust_begin_short_backtrace
   6: core::ops::function::FnOnce::call_once{{vtable.shim}}
   7: std::sys::thread::unix::Thread::new::thread_start
   8: <unknown>)
default	16:19:47.622252-0800	Runner	flutter: [2026-02-28T16:19:47.622111] pushVideoFrame failed: AnyhowException(sender is not active; call start_sankaku_sender first

Stack backtrace:
   0: std::backtrace::Backtrace::create
   1: std::backtrace::Backtrace::capture
   2: rust_lib_nomikai::api::simple::push_video_frame
   3: flutter_rust_bridge::misc::panic_backtrace::PanicBacktrace::catch_unwind
   4: <F as threadpool::FnBox>::call_box
   5: std::sys::backtrace::__rust_begin_short_backtrace
   6: core::ops::function::FnOnce::call_once{{vtable.shim}}
   7: std::sys::thread::unix::Thread::new::thread_start
   8: <unknown>)
default	16:19:47.643062-0800	Runner	<private>
default	16:19:47.643532-0800	Runner	flutter: DEBUG: Dart received AUDIO chunk: 104 bytes (pts_us=476415808708, frames_per_packet=960, codec=0x03)
default	16:19:47.643615-0800	Runner	flutter: [2026-02-28T16:19:47.643462] DEBUG: Dart received AUDIO chunk: 104 bytes (pts_us=476415808708, frames_per_packet=960, codec=0x03)
default	16:19:47.643918-0800	Runner	flutter: DEBUG: Dart received AUDIO chunk: 105 bytes (pts_us=476415828708, frames_per_packet=960, codec=0x03)
default	16:19:47.643937-0800	Runner	flutter: [2026-02-28T16:19:47.643684] DEBUG: Dart received AUDIO chunk: 105 bytes (pts_us=476415828708, frames_per_packet=960, codec=0x03)
default	16:19:47.644828-0800	Runner	flutter: pushAudioFrame failed: AnyhowException(sender is not active; call start_sankaku_sender first

Stack backtrace:
   0: std::backtrace::Backtrace::create
   1: std::backtrace::Backtrace::capture
   2: rust_lib_nomikai::api::simple::push_audio_frame
   3: flutter_rust_bridge::misc::panic_backtrace::PanicBacktrace::catch_unwind
   4: <F as threadpool::FnBox>::call_box
   5: std::sys::backtrace::__rust_begin_short_backtrace
   6: core::ops::function::FnOnce::call_once{{vtable.shim}}
   7: std::sys::thread::unix::Thread::new::thread_start
   8: <unknown>)
default	16:19:47.644889-0800	Runner	flutter: [2026-02-28T16:19:47.644613] pushAudioFrame failed: AnyhowException(sender is not active; call start_sankaku_sender first

Stack backtrace:
   0: std::backtrace::Backtrace::create
   1: std::backtrace::Backtrace::capture
   2: rust_lib_nomikai::api::simple::push_audio_frame
   3: flutter_rust_bridge::misc::panic_backtrace::PanicBacktrace::catch_unwind
   4: <F as threadpool::FnBox>::call_box
   5: std::sys::backtrace::__rust_begin_short_backtrace
   6: core::ops::function::FnOnce::call_once{{vtable.shim}}
   7: std::sys::thread::unix::Thread::new::thread_start
   8: <unknown>)
default	16:19:47.644979-0800	Runner	flutter: pushAudioFrame failed: AnyhowException(sender is not active; call start_sankaku_sender first

Stack backtrace:
   0: std::backtrace::Backtrace::create
   1: std::backtrace::Backtrace::capture
   2: rust_lib_nomikai::api::simple::push_audio_frame
   3: flutter_rust_bridge::misc::panic_backtrace::PanicBacktrace::catch_unwind
   4: <F as threadpool::FnBox>::call_box
   5: std::sys::backtrace::__rust_begin_short_backtrace
   6: core::ops::function::FnOnce::call_once{{vtable.shim}}
   7: std::sys::thread::unix::Thread::new::thread_start
   8: <unknown>)
default	16:19:47.644994-0800	Runner	flutter: [2026-02-28T16:19:47.644835] pushAudioFrame failed: AnyhowException(sender is not active; call start_sankaku_sender first

Stack backtrace:
   0: std::backtrace::Backtrace::create
   1: std::backtrace::Backtrace::capture
   2: rust_lib_nomikai::api::simple::push_audio_frame
   3: flutter_rust_bridge::misc::panic_backtrace::PanicBacktrace::catch_unwind
   4: <F as threadpool::FnBox>::call_box
   5: std::sys::backtrace::__rust_begin_short_backtrace
   6: core::ops::function::FnOnce::call_once{{vtable.shim}}
   7: std::sys::thread::unix::Thread::new::thread_start
   8: <unknown>)
default	16:19:47.654218-0800	Runner	flutter: DEBUG: Dart received VIDEO chunk: 10790 bytes (Keyframe: false, pts_us=476415806617, codec=0x01)
default	16:19:47.654253-0800	Runner	flutter: [2026-02-28T16:19:47.654065] DEBUG: Dart received VIDEO chunk: 10790 bytes (Keyframe: false, pts_us=476415806617, codec=0x01)
default	16:19:47.654998-0800	Runner	flutter: pushVideoFrame failed: AnyhowException(sender is not active; call start_sankaku_sender first

Stack backtrace:
   0: std::backtrace::Backtrace::create
   1: std::backtrace::Backtrace::capture
   2: rust_lib_nomikai::api::simple::push_video_frame
   3: flutter_rust_bridge::misc::panic_backtrace::PanicBacktrace::catch_unwind
   4: <F as threadpool::FnBox>::call_box
   5: std::sys::backtrace::__rust_begin_short_backtrace
   6: core::ops::function::FnOnce::call_once{{vtable.shim}}
   7: std::sys::thread::unix::Thread::new::thread_start
   8: <unknown>)
default	16:19:47.655031-0800	Runner	flutter: [2026-02-28T16:19:47.654931] pushVideoFrame failed: AnyhowException(sender is not active; call start_sankaku_sender first

Stack backtrace:
   0: std::backtrace::Backtrace::create
   1: std::backtrace::Backtrace::capture
   2: rust_lib_nomikai::api::simple::push_video_frame
   3: flutter_rust_bridge::misc::panic_backtrace::PanicBacktrace::catch_unwind
   4: <F as threadpool::FnBox>::call_box
   5: std::sys::backtrace::__rust_begin_short_backtrace
   6: core::ops::function::FnOnce::call_once{{vtable.shim}}
   7: std::sys::thread::unix::Thread::new::thread_start
   8: <unknown>)
default	16:19:47.665636-0800	Runner	flutter: DEBUG: Dart received AUDIO chunk: 158 bytes (pts_us=476415831708, frames_per_packet=960, codec=0x03)
default	16:19:47.665653-0800	Runner	flutter: [2026-02-28T16:19:47.665582] DEBUG: Dart received AUDIO chunk: 158 bytes (pts_us=476415831708, frames_per_packet=960, codec=0x03)
default	16:19:47.666084-0800	Runner	flutter: pushAudioFrame failed: AnyhowException(sender is not active; call start_sankaku_sender first

Stack backtrace:
   0: std::backtrace::Backtrace::create
   1: std::backtrace::Backtrace::capture
   2: rust_lib_nomikai::api::simple::push_audio_frame
   3: flutter_rust_bridge::misc::panic_backtrace::PanicBacktrace::catch_unwind
   4: <F as threadpool::FnBox>::call_box
   5: std::sys::backtrace::__rust_begin_short_backtrace
   6: core::ops::function::FnOnce::call_once{{vtable.shim}}
   7: std::sys::thread::unix::Thread::new::thread_start
   8: <unknown>)
default	16:19:47.666104-0800	Runner	flutter: [2026-02-28T16:19:47.666030] pushAudioFrame failed: AnyhowException(sender is not active; call start_sankaku_sender first

Stack backtrace:
   0: std::backtrace::Backtrace::create
   1: std::backtrace::Backtrace::capture
   2: rust_lib_nomikai::api::simple::push_audio_frame
   3: flutter_rust_bridge::misc::panic_backtrace::PanicBacktrace::catch_unwind
   4: <F as threadpool::FnBox>::call_box
   5: std::sys::backtrace::__rust_begin_short_backtrace
   6: core::ops::function::FnOnce::call_once{{vtable.shim}}
   7: std::sys::thread::unix::Thread::new::thread_start
   8: <unknown>)
default	16:19:47.688429-0800	Runner	flutter: DEBUG: Dart received VIDEO chunk: 20737 bytes (Keyframe: true, pts_us=476415839951, codec=0x01)
default	16:19:47.688452-0800	Runner	flutter: [2026-02-28T16:19:47.688336] DEBUG: Dart received VIDEO chunk: 20737 bytes (Keyframe: true, pts_us=476415839951, codec=0x01)
default	16:19:47.688832-0800	Runner	flutter: DEBUG: Dart received AUDIO chunk: 108 bytes (pts_us=476415854708, frames_per_packet=960, codec=0x03)
default	16:19:47.688846-0800	Runner	flutter: [2026-02-28T16:19:47.688695] DEBUG: Dart received AUDIO chunk: 108 bytes (pts_us=476415854708, frames_per_packet=960, codec=0x03)
default	16:19:47.689038-0800	Runner	flutter: [2026-02-28T16:19:47.688868] DEBUG: Handshake timeout: no HandshakeComplete received within 5s for 192.168.0.191:9292
default	16:19:47.689053-0800	Runner	flutter: [2026-02-28T16:19:47.688919] DEBUG: Stopping sender broadcast...
default	16:19:47.689131-0800	Runner	flutter: [2026-02-28T16:19:47.688952] DEBUG: Stopping native capture...
default	16:19:47.689152-0800	Runner	<<<< AVCaptureSession >>>> -[AVCaptureSession stopRunning]: (0x10b1b8170) (pthread:0x16b237000)
default	16:19:47.689229-0800	Runner	flutter: pushVideoFrame failed: AnyhowException(sender is not active; call start_sankaku_sender first

Stack backtrace:
   0: std::backtrace::Backtrace::create
   1: std::backtrace::Backtrace::capture
   2: rust_lib_nomikai::api::simple::push_video_frame
   3: flutter_rust_bridge::misc::panic_backtrace::PanicBacktrace::catch_unwind
   4: <F as threadpool::FnBox>::call_box
   5: std::sys::backtrace::__rust_begin_short_backtrace
   6: core::ops::function::FnOnce::call_once{{vtable.shim}}
   7: std::sys::thread::unix::Thread::new::thread_start
   8: <unknown>)
default	16:19:47.689259-0800	Runner	flutter: [2026-02-28T16:19:47.689187] pushVideoFrame failed: AnyhowException(sender is not active; call start_sankaku_sender first

Stack backtrace:
   0: std::backtrace::Backtrace::create
   1: std::backtrace::Backtrace::capture
   2: rust_lib_nomikai::api::simple::push_video_frame
   3: flutter_rust_bridge::misc::panic_backtrace::PanicBacktrace::catch_unwind
   4: <F as threadpool::FnBox>::call_box
   5: std::sys::backtrace::__rust_begin_short_backtrace
   6: core::ops::function::FnOnce::call_once{{vtable.shim}}
   7: std::sys::thread::unix::Thread::new::thread_start
   8: <unknown>)
default	16:19:47.689352-0800	Runner	flutter: pushAudioFrame failed: AnyhowException(sender is not active; call start_sankaku_sender first

Stack backtrace:
   0: std::backtrace::Backtrace::create
   1: std::backtrace::Backtrace::capture
   2: rust_lib_nomikai::api::simple::push_audio_frame
   3: flutter_rust_bridge::misc::panic_backtrace::PanicBacktrace::catch_unwind
   4: <F as threadpool::FnBox>::call_box
   5: std::sys::backtrace::__rust_begin_short_backtrace
   6: core::ops::function::FnOnce::call_once{{vtable.shim}}
   7: std::sys::thread::unix::Thread::new::thread_start
   8: <unknown>)
default	16:19:47.689412-0800	Runner	flutter: [2026-02-28T16:19:47.689320] pushAudioFrame failed: AnyhowException(sender is not active; call start_sankaku_sender first

Stack backtrace:
   0: std::backtrace::Backtrace::create
   1: std::backtrace::Backtrace::capture
   2: rust_lib_nomikai::api::simple::push_audio_frame
   3: flutter_rust_bridge::misc::panic_backtrace::PanicBacktrace::catch_unwind
   4: <F as threadpool::FnBox>::call_box
   5: std::sys::backtrace::__rust_begin_short_backtrace
   6: core::ops::function::FnOnce::call_once{{vtable.shim}}
   7: std::sys::thread::unix::Thread::new::thread_start
   8: <unknown>)
default	16:19:47.690301-0800	audiomxd	 MEDeviceStreamClient.cpp:468   AQME Device-VirtualAudioDevice_DecoupledInput: client stopping: <RemoteIOClient@0xbe987b000(@0xbe987b038); input; sid:0x761f0, cameracaptured(77), 'sblg'; srcid:0x761ec, Runner(35319)>; running count now 0
default	16:19:47.690555-0800	audiomxd	 MEDeviceStreamClient.cpp:630   AQME Device-VirtualAudioDevice_DecoupledInput: client: <RemoteIOClient@0xbe987b000(@0xbe987b038); input; sid:0x761f0, cameracaptured(77), 'sblg'; srcid:0x761ec, Runner(35319)>; removing audit token, error 0
default	16:19:47.690762-0800	audiomxd	AudioSessionServerImpPlayState.mm:365   { "action":"set_play_state", "session":{"ID":"0x761f0","name":"cameracaptured(77)","sibling_of":"0x761ec Runner(35319)"}, "details":"entry" }
default	16:19:47.690990-0800	audiomxd	-MXSession- -[MXSession(InterfaceImpl) setPropertyForKeyInternal:value:fromPropertiesBatch:]: MXSession(2566) of type None belonging to CoreSession(sid:0x761ec, Runner(35319), 'prim'): mClientIsPlaying = STOPPED, mAudioToolboxIsPlaying = STOPPED
default	16:19:47.690999-0800	audiomxd	-MXSession- -[MXSession(InternalUse) setIsPlaying:]: Setting mIsPlaying to STOPPED for MXSession(2566) of type None belonging to CoreSession(sid:0x761ec, Runner(35319), 'prim').
default	16:19:47.691009-0800	audiomxd	-MXSession- +[MXSession(InternalUse) updateIsPlaying:]: Setting SomeMXSessionIsPlaying on CoreSession[sid:0x761ec, Runner(35319), 'prim'] to: NO; AudioSessionPlaying : NO, FigPlayerPlaying: NO, FigSBARPlaying : NO
default	16:19:47.691087-0800	audiomxd	-CMSessionMgr- cmsSetIsPlaying:6427 'sid:0x761ec, Runner(35319), 'prim'' with [PlayAndRecord_NoBluetooth_DefaultToSpeaker/Default] [NonMixable] [System Audio] stopping playing to output VAD: VirtualAudioDevice_Default and input VAD: VirtualAudioDevice_DecoupledInput. Ringer switch state: Device is not silenced, Session is unmuted. RoutingContextUUID=<private> NowPlayingApp:NO IsPlayingOutput:NO IsSharedAVAudioSessionInstance:YES
default	16:19:47.695699-0800	audiomxd	-MX_RunningBoardServices- MX_RunningBoardServices_InvalidateAssertion:911 Invalidated assertion 0xbe83e7cc0 explanation audiomxd(116).2026.02.28_16:19:42:1942.MediaExperience.35319."dev.crux.nomikai.767J38S4C2"."sid:0x761ec, Runner(35319), 'prim'"."PlayAndRecord_NoBluetooth_DefaultToSpeaker".isPlayingProcessAssertion
default	16:19:47.696929-0800	audiomxd	-MXSession- -[MXSession(InternalUse) setCurrentlyPlayingBufferedAudioFormatInfo:]: <ID: 2566, CoreSessionID = 1935 Name = sid:0x761ec, Runner(35319), 'prim', Muted = NO, ClientIsPlaying = STOPPED, AudioToolboxIsPlaying = STOPPED, MutePriority = MutePriority_Two, PiP = NO, DoesntActuallyPlayAudio = NO, clientType = 1, IsPlayingOutput = NO, IsPlayingVideoOutput = NO Setting CurrentlyPlayingBufferedAudioFormatInfo to {
}
default	16:19:47.696957-0800	audiomxd	-MXSession- -[MXSession(InternalUse) updateBadgeType]: Session <ID: 1935, PID = 35319, Name = sid:0x761ec, Runner(35319), 'prim', BundleID = dev.crux.nomikai.767J38S4C2, Category = PlayAndRecord_NoBluetooth_DefaultToSpeaker, Mode = Default, Active = YES, Playing = NO, Recording = YES> is not applicable for nowPlaying consideration, badgeType does not apply.
default	16:19:47.697254-0800	audiomxd	-MXSession- -[MXSession(InternalUse) setIsRecording:]: Setting mIsRecording to STOPPED for MXSession(2566) of type None belonging to CoreSession(sid:0x761ec, Runner(35319), 'prim').
default	16:19:47.697282-0800	audiomxd	-MXSession- +[MXSession(InternalUse) updateIsRecording:]: Setting IsRecording on CoreSession[sid:0x761ec, Runner(35319), 'prim'] to: NO; AudioSessionRecording : NO, FigPlayerRecording: NO, FigSBARRecording : NO
default	16:19:47.697303-0800	audiomxd	-CMSUtilities- CMSUtility_SetIsRecording: Client sid:0x761ec, Runner(35319), 'prim' has stopped recording
default	16:19:47.697338-0800	audiomxd	-MXCoreSessionBase- -[MXCoreSessionBase willRouteToOnDemandVADOnActivation:]: Will session sid:0x761ec, Runner(35319), 'prim' [0xbe98a6d80] with info {
    category = PlayAndRecord;
    "default to speaker" = 1;
    "disallow hfp" = 1;
    mode = Default;
    "session id" = 483820;
    "session priority" = 0;
} route to an on-demand VAD? NO
error	16:19:47.698200-0800	audiomxd	AudioApplicationInfoImpl.mm:388   Failed to update AudioApp recording state for session 0x761f0, error: Error Domain=NSOSStatusErrorDomain Code=2003329396 "Unable to find session 0x761f0 in session map" UserInfo={NSLocalizedDescription=Unable to find session 0x761f0 in session map}. (app: {"name":"[implicit] Runner","pid":35319})
default	16:19:47.698223-0800	audiomxd	AudioSessionServerImpPlayState.mm:715   { "action":"set_play_state", "session":{"ID":"0x761f0","name":"cameracaptured(77)","sibling_of":"0x761ec Runner(35319)"}, "details":{"IOs":[0,0,0,0,0],"IsRecording":false,"IsRecordingMuted":false,"IsRecordingMutedForRemoteDevice":false,"active":true,"modes":" Input","player":"0xbe987b000","state":"Stopped","type":"Remote IO"} }
default	16:19:47.698395-0800	audiomxd	AudioSessionServerImpPlayState.mm:129   { "action":"setMicrophoneMonitorState", "session":{"ID":"0x761f0","name":"cameracaptured(77)","sibling_of":"0x761ec Runner(35319)"}, "details":{"microphone_state":false} }
default	16:19:47.698611-0800	audiomxd	AudioSessionServerImp_iOS.mm:1064  { "action":"deactivate", "session":{"ID":"0x761f0","name":"cameracaptured(77)","sibling_of":"0x761ec Runner(35319)"}, "details":{"->":"entry","controlling_PID":77} }
default	16:19:47.698776-0800	audiomxd	   AudioToolboxServers.mm:1086  ================= -> AudioToolboxServerHandleInterruption Stop Now process 'sid:0x761f0, cameracaptured(77), 'sblg'; srcid:0x761ec, Runner(35319)', fade time 0.50s, level 0.00, async 0  =================
default	16:19:47.698899-0800	audiomxd	AudioSessionServerImpPlayState.mm:365   { "action":"set_play_state", "session":{"ID":"0x761f0","name":"cameracaptured(77)","sibling_of":"0x761ec Runner(35319)"}, "details":"entry" }
error	16:19:47.699388-0800	audiomxd	AudioApplicationInfoImpl.mm:388   Failed to update AudioApp recording state for session 0x761f0, error: Error Domain=NSOSStatusErrorDomain Code=2003329396 "Unable to find session 0x761f0 in session map" UserInfo={NSLocalizedDescription=Unable to find session 0x761f0 in session map}. (app: {"name":"[implicit] Runner","pid":35319})
default	16:19:47.699407-0800	audiomxd	AudioSessionServerImpPlayState.mm:715   { "action":"set_play_state", "session":{"ID":"0x761f0","name":"cameracaptured(77)","sibling_of":"0x761ec Runner(35319)"}, "details":{"IOs":[0,0,0,0,0],"IsRecording":false,"IsRecordingMuted":false,"IsRecordingMutedForRemoteDevice":false,"active":true,"modes":" Input","player":"0xbe987b000","state":"Stopped","type":"Remote IO"} }
default	16:19:47.699915-0800	audiomxd	   AudioToolboxServers.mm:1120  ================= <- AudioToolboxServerHandleInterruption Stop Now process 'sid:0x761f0, cameracaptured(77), 'sblg'; srcid:0x761ec, Runner(35319)', fading 0, async 0 =================
default	16:19:47.699925-0800	audiomxd	-MXSession- -[MXSession(InternalUse) setInterruptionCalledOffAudioControlQueue:]: Setting InterruptionCalledOffACQ for sid:0x761ec, Runner(35319), 'prim' to YES
default	16:19:47.700166-0800	audiomxd	   AudioToolboxServers.mm:1086  ================= -> AudioToolboxServerHandleInterruption Stop Now process 'sid:0x761ec, Runner(35319), 'prim'', fade time 0.50s, level 0.00, async 0  =================
default	16:19:47.700242-0800	audiomxd	AudioSessionServerImpPlayState.mm:365   { "action":"set_play_state", "session":{"ID":"0x761f0","name":"cameracaptured(77)","sibling_of":"0x761ec Runner(35319)"}, "details":"entry" }
error	16:19:47.700422-0800	audiomxd	AudioApplicationInfoImpl.mm:388   Failed to update AudioApp recording state for session 0x761f0, error: Error Domain=NSOSStatusErrorDomain Code=2003329396 "Unable to find session 0x761f0 in session map" UserInfo={NSLocalizedDescription=Unable to find session 0x761f0 in session map}. (app: {"name":"[implicit] Runner","pid":35319})
default	16:19:47.700443-0800	audiomxd	AudioSessionServerImpPlayState.mm:715   { "action":"set_play_state", "session":{"ID":"0x761f0","name":"cameracaptured(77)","sibling_of":"0x761ec Runner(35319)"}, "details":{"IOs":[0,0,0,0,0],"IsRecording":false,"IsRecordingMuted":false,"IsRecordingMutedForRemoteDevice":false,"active":true,"modes":" Input","player":"0xbe987b000","state":"Stopped","type":"Remote IO"} }
default	16:19:47.701316-0800	audiomxd	   AudioToolboxServers.mm:1120  ================= <- AudioToolboxServerHandleInterruption Stop Now process 'sid:0x761ec, Runner(35319), 'prim'', fading 0, async 0 =================
default	16:19:47.701416-0800	audiomxd	-CMSessionMgr- MXCoreSessionEndInterruption_WithSecTaskAndStatus: client 'sid:0x761ec, Runner(35319), 'prim'' [0xbe98a6d80]: original status = (null)
default	16:19:47.702681-0800	audiomxd	-CMSessionMgr- MXCoreSessionEndInterruption_WithSecTaskAndStatus: client 'sid:0x761ec, Runner(35319), 'prim'' [0xbe98a6d80]: updated status = (null)
default	16:19:47.702693-0800	audiomxd	-CMSessionMgr- cmsSetIsActive: Resetting start and stop play time for client session sid:0x761ec, Runner(35319), 'prim' current active state YES new active state NO
default	16:19:47.702704-0800	audiomxd	-CMSessionMgr- cmsSetIsActive:5522 'sid:0x761ec, Runner(35319), 'prim'' with [PlayAndRecord_NoBluetooth_DefaultToSpeaker/Default] [NonMixable] [System Audio] siriEndpointID: (null) going inactive NowPlayingApp:NO IsSharedAVAudioSessionInstance:YES
default	16:19:47.789891-0800	audiomxd	-CMSessionMgr- cmsSetIsActive: Stopping deactivate timer for client 'sid:0x761ec, Runner(35319), 'prim''
default	16:19:47.794668-0800	audiomxd	-MXSessionManagerIndependentAudioResource- -[MXSessionManagerIndependentAudioResource postStopCommandToShadowingSessionsForSession:withShadowingOptions:interruptor:waitingToResume:]: Interrupting all sessions shadowing sid:0x761ec, Runner(35319), 'prim' for MirrorActivationLifeCycle.
default	16:19:47.804173-0800	audiomxd	-CMSUtilities- CMSUtility_SendSessionStateAndVolumeReportToAudioStatistics: Stopping reporter for session : sid:0x761ec, Runner(35319), 'prim', reporter id = 498216208376
default	16:19:47.804256-0800	Runner	<<<< AVInputContext (FigRoutingContext) >>>> AVFigRoutingContextSystemAudioRouteConfigUpdated:  called (context=0x10b1b9320, routeConfigUpdateID=11433983253810, reason=configUpdateReasonEndedBottomUpRouteChange, initiator=(null) errorString=(null), deviceID=<private>, previousDeviceIDs=<private>, deviceID provided?=NO, previous deviceIDs provided?=NO
default	16:19:47.804271-0800	Runner	<<<< AVInputContext >>>> -[AVInputContext inputContextImpl:didChangeInputDeviceWithInitiator:]: Posting AVInputContextInputDeviceDidChangeNotification with initiator (null) for context=0x10b1b9320
default	16:19:47.804306-0800	Runner	<<<< AVCaptureFigAudioDevice >>>> -[AVCaptureFigAudioDevice _updateStateForInputDevice:]: [Routing] 0x10b17d500 new inputDevice: <private>
default	16:19:47.804599-0800	audiomxd	-MXCoreSessionBase- -[MXCoreSessionBase willRouteToOnDemandVADOnActivation:]: Will session sid:0x761ec, Runner(35319), 'prim' [0xbe98a6d80] with info {
    category = PlayAndRecord;
    "default to speaker" = 1;
    "disallow hfp" = 1;
    mode = Default;
    "session id" = 483820;
    "session priority" = 0;
} route to an on-demand VAD? NO
default	16:19:47.804624-0800	audiomxd	-MXCoreSession_Embedded- -[MXCoreSession sendSessionConfigurationInfoToVA]: Skipping sending session configuration to VA for client sid:0x761ec, Runner(35319), 'prim'
default	16:19:47.804639-0800	audiomxd	-MXSessionManagerDuckingUtilities- -[MXSessionManager(DuckingUtilities) endAsyncDuckingOperationForSession:]: Will pause for duck/unduck duration off ACQ for session sid:0x761ec, Runner(35319), 'prim'
default	16:19:47.804675-0800	audiomxd	-MXSession- -[MXSession(InternalUse) setInterruptionCalledOffAudioControlQueue:]: Setting InterruptionCalledOffACQ for sid:0x761ec, Runner(35319), 'prim' to NO
default	16:19:47.804702-0800	audiomxd	AudioSessionServerImp_iOS.mm:1172  { "action":"deactivate", "session":{"ID":"0x761f0","name":"cameracaptured(77)","sibling_of":"0x761ec Runner(35319)"}, "details":{"->":"exit","controlling_PID":77} }
default	16:19:47.806211-0800	Runner	<<<< AVInputDevice (FigRouteDescriptor) >>>> AVInputDeviceGetDeviceTypeAndSubTypeFromRouteDescriptor: AudioRouteName is MicrophoneBuiltIn, BT Endpoint is (null)
default	16:19:47.806247-0800	Runner	<<<< AVInputDevice (FigRouteDescriptor) >>>> AVInputDeviceGetDeviceTypeAndSubTypeFromRouteDescriptor: AudioRouteName is MicrophoneBuiltIn, BT Endpoint is (null)
default	16:19:47.806269-0800	Runner	<<<< AVCaptureFigAudioDevice >>>> -[AVCaptureFigAudioDevice _updateStateForInputDevice:]: [Routing] 0x10b17d500 discoverySession:[0] <private>
default	16:19:47.812958-0800	Runner	<<<< AVCaptureFigAudioDevice >>>> -[AVCaptureFigAudioDevice _updateStateForInputDevice:]: [Routing] 0x10b17d500 Input device changed to nil, found last committed in DS available inputs, so keeping it
default	16:19:47.813268-0800	Runner	<<<< AVInputContext (FigRoutingContext) >>>> AVFigVolumeControllerMainVolumeDidChange: called (routingContextID=<private>)
default	16:19:47.813508-0800	Runner	<<<< AVInputContext >>>> -[AVInputContext inputContextImplDidChangeInputGain:]: Posting AVInputContextInputGainDidChangeNotification for context=0x10b1b9320
default	16:19:47.837946-0800	powerd	Process runningboardd.40 Released SystemIsActive "app<dev.crux.nomikai.767J38S4C2(8AD42386-AE74-4851-A38C-6FF2DD6A3B72)>40-116-524465:audiomxd(116).2026.02.28_16:19:42:1942.MediaExperience.35319."dev.crux.nomikai.767J38S4C2"."sid:0x761ec, Runner(35319), 'prim'"."PlayAndRecord_NoBluetooth_DefaultToSpeaker".isPlayingProcessAssertion" age:00:00:05  id:51539646709 [System: PrevIdle SysAct]
default	16:19:47.849191-0800	audiomxd	  ServerSessionManager.mm:478   { "action":"destroy_session", "session":{"ID":"0x761ef","name":"videocodecd(469)","sibling_of":"0x761ec Runner(35319)"}, "details":null }
default	16:19:47.849246-0800	audiomxd	-MXSession- -[MXSession(InterfaceImpl) _dealloc]: Deallocating <MXSessionID: 2565, CoreSessionID = 1935 Name = sid:0x761ec, Runner(35319), 'prim', Muted = NO, Playing = NO, MutePriority = MutePriority_Two, PiP = NO, DoesntActuallyPlayAudio = NO, clientType = 1, IsPlayingOutput = NO. Current MXSessions count for CoreSession = 4
default	16:19:47.849253-0800	audiomxd	-MXSession- +[MXSession(InternalUse) updateIsPlaying:]: Setting SomeMXSessionIsPlaying on CoreSession[sid:0x761ec, Runner(35319), 'prim'] to: NO; AudioSessionPlaying : NO, FigPlayerPlaying: NO, FigSBARPlaying : NO
default	16:19:47.849343-0800	audiomxd	-MXSession- +[MXSession(InternalUse) updateIsRecording:]: Setting IsRecording on CoreSession[sid:0x761ec, Runner(35319), 'prim'] to: NO; AudioSessionRecording : NO, FigPlayerRecording: NO, FigSBARRecording : NO
default	16:19:47.849481-0800	audiomxd	-MXSession- +[MXSession(InternalUse) updatePreferredOutputSampleRate:]: CMSession: Setting the PreferredOutputSampleRate property on CoreSession[sid:0x761ec, Runner(35319), 'prim'] to 0
default	16:19:47.849489-0800	audiomxd	-CMSessionMgr- MXCoreSessionSetProperty: Session sid:0x761ec, Runner(35319), 'prim' setting sample rate to: 0.000000.
default	16:19:47.851782-0800	Runner	<<<< AVCaptureSession >>>> -[AVCaptureSession _setRunning:]: (0x10b1b8170) posting AVCaptureSessionDidStopRunningNotification
error	16:19:47.851813-0800	Runner	<<<< FigXPCUtilities >>>> signalled err=-17281 at <>:308
error	16:19:47.851979-0800	Runner	<private>
default	16:19:47.883177-0800	Runner	       SessionCore_iOS.mm:342   Session 0x761ee posting AVAudioSessionAvailableOutputsChangeNotification
default	16:19:47.902273-0800	Runner	       SessionCore_iOS.mm:342   Session 0x761ec posting AVAudioSessionAvailableOutputsChangeNotification
default	16:19:47.917495-0800	Runner	       SessionCore_iOS.mm:311   Session 0x761ee posting AVAudioSessionAvailableInputsChangeNotification
default	16:19:47.917562-0800	Runner	       SessionCore_iOS.mm:315   Session 0x761ee posting AVAudioSessionAvailableOutputsChangeNotification
default	16:19:47.920326-0800	Runner	       SessionCore_iOS.mm:311   Session 0x761ec posting AVAudioSessionAvailableInputsChangeNotification
default	16:19:47.920391-0800	Runner	       SessionCore_iOS.mm:315   Session 0x761ec posting AVAudioSessionAvailableOutputsChangeNotification
default	16:19:47.920408-0800	Runner	       SessionCore_iOS.mm:342   Session 0x761ee posting AVAudioSessionAvailableOutputsChangeNotification
default	16:19:47.920414-0800	Runner	       SessionCore_iOS.mm:342   Session 0x761ec posting AVAudioSessionAvailableOutputsChangeNotification
default	16:19:47.920449-0800	Runner	       SessionCore_iOS.mm:311   Session 0x761ee posting AVAudioSessionAvailableInputsChangeNotification
default	16:19:47.920475-0800	Runner	       SessionCore_iOS.mm:315   Session 0x761ee posting AVAudioSessionAvailableOutputsChangeNotification
default	16:19:47.920490-0800	Runner	       SessionCore_iOS.mm:311   Session 0x761ec posting AVAudioSessionAvailableInputsChangeNotification
default	16:19:47.920496-0800	Runner	       SessionCore_iOS.mm:315   Session 0x761ec posting AVAudioSessionAvailableOutputsChangeNotification
default	16:19:47.931273-0800	audiomxd	AudioSessionServerImp_iOS.mm:1064  { "action":"deactivate", "session":{"ID":"0x761ec","name":"Runner(35319)"}, "details":{"->":"entry","flags":1} }
default	16:19:47.931309-0800	Runner	    AVAudioSession_iOS.mm:984   Deactivated session 0x761ec
default	16:19:47.931317-0800	audiomxd	AudioSessionServerImp_iOS.mm:1172  { "action":"deactivate", "session":{"ID":"0x761ec","name":"Runner(35319)"}, "details":{"->":"exit","flags":1} }
default	16:19:47.931343-0800	Runner	flutter: [2026-02-28T16:19:47.930755] DEBUG: Native capture stopped.
default	16:19:47.931356-0800	Runner	flutter: [2026-02-28T16:19:47.930805] DEBUG: Stopping Sankaku sender...
default	16:19:47.931380-0800	Runner	flutter: [2026-02-28T16:19:47.930922] DEBUG: Sankaku sender stop requested.
default	16:19:47.931386-0800	Runner	flutter: [2026-02-28T16:19:47.930938] DEBUG: Cancelling sender event subscription...
default	16:19:47.944919-0800	Runner	Received state update for 35319 (app<dev.crux.nomikai.767J38S4C2(8AD42386-AE74-4851-A38C-6FF2DD6A3B72)>, unknown-NotVisible
default	16:19:52.563996-0800	Runner	<<<< FigCaptureFrameCounter >>>> -[FigCaptureFrameCounter _logIntervalFrameRate]: <0x112b60460[Back Camera -> <AVCaptureVideoDataOutput: 0x10b0f2bc0>]> Total frames 151, interval frames 151, fps 30.212471
default	16:19:54.540330-0800	backboardd	touchstats 100000977-<main> events starting 12.3242s ago: [
    down: 2,
    up: 2,
    rangeIn: 2,
    rangeOut: 2,
    pathsSeen: 1 5,
    destinations: {
        Runner.35319 contextID 4B9606CB: {
            touchIDs: 18815-18816;
        };
    },
    averageProcessingTime (µs): 901.43
]
default	16:19:58.773797-0800	Runner	       SessionCore_iOS.mm:342   Session 0x761ee posting AVAudioSessionAvailableOutputsChangeNotification
default	16:19:58.773973-0800	Runner	       SessionCore_iOS.mm:342   Session 0x761ec posting AVAudioSessionAvailableOutputsChangeNotification
default	16:19:58.785700-0800	Runner	       SessionCore_iOS.mm:311   Session 0x761ee posting AVAudioSessionAvailableInputsChangeNotification
default	16:19:58.785752-0800	Runner	       SessionCore_iOS.mm:315   Session 0x761ee posting AVAudioSessionAvailableOutputsChangeNotification
default	16:19:58.785850-0800	Runner	       SessionCore_iOS.mm:311   Session 0x761ec posting AVAudioSessionAvailableInputsChangeNotification
default	16:19:58.785857-0800	Runner	       SessionCore_iOS.mm:315   Session 0x761ec posting AVAudioSessionAvailableOutputsChangeNotification
default	16:19:58.808382-0800	Runner	       SessionCore_iOS.mm:342   Session 0x761ee posting AVAudioSessionAvailableOutputsChangeNotification
default	16:19:58.808399-0800	Runner	       SessionCore_iOS.mm:342   Session 0x761ec posting AVAudioSessionAvailableOutputsChangeNotification
default	16:19:58.820111-0800	Runner	       SessionCore_iOS.mm:311   Session 0x761ee posting AVAudioSessionAvailableInputsChangeNotification
default	16:19:58.820118-0800	Runner	       SessionCore_iOS.mm:315   Session 0x761ee posting AVAudioSessionAvailableOutputsChangeNotification
default	16:19:58.820132-0800	Runner	       SessionCore_iOS.mm:311   Session 0x761ec posting AVAudioSessionAvailableInputsChangeNotification
default	16:19:58.820139-0800	Runner	       SessionCore_iOS.mm:315   Session 0x761ec posting AVAudioSessionAvailableOutputsChangeNotification
default	16:20:02.563950-0800	Runner	<<<< FigCaptureFrameCounter >>>> -[FigCaptureFrameCounter _logIntervalFrameRate]: <0x112b60460[Back Camera -> <AVCaptureVideoDataOutput: 0x10b0f2bc0>]> Total frames 151, interval frames 0, fps 0.000000
default	16:20:05.727233-0800	Runner	       SessionCore_iOS.mm:342   Session 0x761ee posting AVAudioSessionAvailableOutputsChangeNotification
default	16:20:05.727255-0800	Runner	       SessionCore_iOS.mm:342   Session 0x761ec posting AVAudioSessionAvailableOutputsChangeNotification
default	16:20:05.739002-0800	Runner	       SessionCore_iOS.mm:311   Session 0x761ee posting AVAudioSessionAvailableInputsChangeNotification
default	16:20:05.739011-0800	Runner	       SessionCore_iOS.mm:315   Session 0x761ee posting AVAudioSessionAvailableOutputsChangeNotification
default	16:20:05.739037-0800	Runner	       SessionCore_iOS.mm:311   Session 0x761ec posting AVAudioSessionAvailableInputsChangeNotification
default	16:20:05.739043-0800	Runner	       SessionCore_iOS.mm:315   Session 0x761ec posting AVAudioSessionAvailableOutputsChangeNotification
default	16:20:05.773504-0800	Runner	       SessionCore_iOS.mm:342   Session 0x761ee posting AVAudioSessionAvailableOutputsChangeNotification
default	16:20:05.773571-0800	Runner	       SessionCore_iOS.mm:342   Session 0x761ec posting AVAudioSessionAvailableOutputsChangeNotification
default	16:20:05.784857-0800	Runner	       SessionCore_iOS.mm:311   Session 0x761ee posting AVAudioSessionAvailableInputsChangeNotification
default	16:20:05.784864-0800	Runner	       SessionCore_iOS.mm:315   Session 0x761ee posting AVAudioSessionAvailableOutputsChangeNotification
default	16:20:05.784915-0800	Runner	       SessionCore_iOS.mm:311   Session 0x761ec posting AVAudioSessionAvailableInputsChangeNotification
default	16:20:05.784925-0800	Runner	       SessionCore_iOS.mm:315   Session 0x761ec posting AVAudioSessionAvailableOutputsChangeNotification
default	16:20:08.737355-0800	Runner	sceneOfRecord: sceneID: sceneID:dev.crux.nomikai.767J38S4C2-default  persistentID: 7FE07623-3B92-4967-B6B3-6EED9F97D350
default	16:20:10.789892-0800	Runner	sceneOfRecord: sceneID: sceneID:dev.crux.nomikai.767J38S4C2-default  persistentID: 7FE07623-3B92-4967-B6B3-6EED9F97D350
default	16:20:12.339061-0800	Runner	flutter: [2026-02-28T16:20:12.338814] DEBUG: Sender event subscription cancelled.
default	16:20:12.339227-0800	Runner	flutter: [2026-02-28T16:20:12.339072] DEBUG: Refreshing mDNS discovery after connection failure: handshake timeout
default	16:20:12.339241-0800	Runner	flutter: DEBUG: Restarting mDNS scanner to flush stale discovery state...
default	16:20:12.339287-0800	Runner	flutter: [2026-02-28T16:20:12.339192] DEBUG: Restarting mDNS scanner to flush stale discovery state...
default	16:20:12.342144-0800	Runner	[ERROR:flutter/runtime/dart_vm_initializer.cc(40)] Unhandled Exception: AnyhowException(failed to establish QUIC connection

Caused by:
    timed out

Stack backtrace:
   0: std::backtrace::Backtrace::create
   1: std::backtrace::Backtrace::capture
   2: anyhow::error::<impl core::convert::From<E> for anyhow::Error>::from
   3: rust_lib_nomikai::api::simple::run_sender_loop::{{closure}}::{{closure}}
   4: rust_lib_nomikai::api::simple::run_sender_loop::{{closure}}
   5: tokio::runtime::context::scoped::Scoped<T>::set
   6: tokio::runtime::scheduler::current_thread::CoreGuard::block_on
   7: tokio::runtime::context::runtime::enter_runtime
   8: tokio::runtime::runtime::Runtime::block_on
   9: rust_lib_nomikai::api::simple::start_sankaku_sender::{{closure}}::{{closure}}
  10: tokio::runtime::task::core::Core<T,S>::poll
  11: tokio::runtime::task::harness::Harness<T,S>::poll
  12: tokio::runtime::blocking::pool::Inner::run
  13: std::sys::backtrace::__rust_begin_short_backtrace
  14: core::ops::function<…>
default	16:20:12.563834-0800	Runner	<<<< FigCaptureFrameCounter >>>> -[FigCaptureFrameCounter _logIntervalFrameRate]: <0x112b60460[Back Camera -> <AVCaptureVideoDataOutput: 0x10b0f2bc0>]> Total frames 151, interval frames 0, fps 0.000000
default	16:20:12.593276-0800	Runner	flutter: DEBUG: Starting mDNS scan for type _nomikai._udp...
default	16:20:12.593341-0800	Runner	flutter: [2026-02-28T16:20:12.593248] DEBUG: Starting mDNS scan for type _nomikai._udp...
default	16:20:12.595103-0800	mDNSResponder	[R141849] DNSServiceBrowse START -- service type: <mask.hash: 'KLxeEdoHoboL7b69Ehx2LQ=='>, domain: <mask.hash: 'dsHXp7YchlVNKsrI3ltFUg=='>, flags: 0x0, interface index: 0, client pid: 35319 (Runner),
default	16:20:12.597533-0800	Runner	flutter: DEBUG: mDNS scanner running for type _nomikai._udp
default	16:20:12.597574-0800	Runner	flutter: [2026-02-28T16:20:12.597432] DEBUG: mDNS scanner running for type _nomikai._udp
default	16:20:17.665826-0800	Runner	       SessionCore_iOS.mm:342   Session 0x761ee posting AVAudioSessionAvailableOutputsChangeNotification
default	16:20:17.672897-0800	Runner	       SessionCore_iOS.mm:342   Session 0x761ec posting AVAudioSessionAvailableOutputsChangeNotification
default	16:20:17.690850-0800	Runner	       SessionCore_iOS.mm:311   Session 0x761ee posting AVAudioSessionAvailableInputsChangeNotification
default	16:20:17.690907-0800	Runner	       SessionCore_iOS.mm:315   Session 0x761ee posting AVAudioSessionAvailableOutputsChangeNotification
default	16:20:17.690941-0800	Runner	       SessionCore_iOS.mm:311   Session 0x761ec posting AVAudioSessionAvailableInputsChangeNotification
default	16:20:17.690948-0800	Runner	       SessionCore_iOS.mm:315   Session 0x761ec posting AVAudioSessionAvailableOutputsChangeNotification
default	16:20:17.704786-0800	Runner	       SessionCore_iOS.mm:342   Session 0x761ee posting AVAudioSessionAvailableOutputsChangeNotification
default	16:20:17.704794-0800	Runner	       SessionCore_iOS.mm:342   Session 0x761ec posting AVAudioSessionAvailableOutputsChangeNotification
default	16:20:17.717530-0800	Runner	       SessionCore_iOS.mm:311   Session 0x761ee posting AVAudioSessionAvailableInputsChangeNotification
default	16:20:17.717550-0800	Runner	       SessionCore_iOS.mm:315   Session 0x761ee posting AVAudioSessionAvailableOutputsChangeNotification
default	16:20:17.717566-0800	Runner	       SessionCore_iOS.mm:311   Session 0x761ec posting AVAudioSessionAvailableInputsChangeNotification
default	16:20:17.717591-0800	Runner	       SessionCore_iOS.mm:315   Session 0x761ec posting AVAudioSessionAvailableOutputsChangeNotification

